;F.O.;Tiempo (s);Dev (%);#Best
Constructivo
Búsqueda local


;Constructivo;;;;Búsqueda Tabu
Nombre de la instancia;F.O.;Tiempo (s);Dev (%);#Best;F.O.;Tiempo (s);Dev (%);#Best;;Best
pmed11v3.10.2.txt;12196,22513;0,0019703;0,37575;0;8865,17330;0,6118920;0,00000;1;;8865,17330
Ran0pmed11v3.10.2.txt;13147,27986;0,0000582;0,46515;0;8973,31348;0,2434335;0,00000;1;;8973,31348
Ran1pmed11v3.10.2.txt;15630,55896;0,0000361;0,77232;0;8819,24162;0,2848688;0,00000;1;;8819,24162
Ran2pmed11v3.10.2.txt;11563,65207;0,0000592;0,30098;0;8888,44516;0,2301479;0,00000;1;;8888,44516
Ran3pmed11v3.10.2.txt;13615,71012;0,0000519;0,53263;0;8883,87953;0,2477480;0,00000;1;;8883,87953
Ran4pmed11v3.10.2.txt;16651,36410;0,0000449;0,86961;0;8906,34880;0,2934806;0,00000;1;;8906,34880
Ran5pmed11v3.10.2.txt;12586,98311;0,0000558;0,42488;0;8833,72874;0,3240462;0,00000;1;;8833,72874
Ran6pmed11v3.10.2.txt;14021,34824;0,0000512;0,58329;0;8855,80720;0,2120072;0,00000;1;;8855,80720
Ran7pmed11v3.10.2.txt;14335,18320;0,0000414;0,61043;0;8901,43726;0,1960852;0,00000;1;;8901,43726
Ran8pmed11v3.10.2.txt;12440,91163;0,0000478;0,40371;0;8862,86842;0,2386062;0,00000;1;;8862,86842
Ran9pmed11v3.10.2.txt;16424,68068;0,0000421;0,82959;0;8977,25552;0,1989151;0,00000;1;;8977,25552
Ran10pmed11v3.10.2.txt;14751,00801;0,0000376;0,65028;0;8938,51470;0,1546421;0,00000;1;;8938,51470
Ran11pmed11v3.10.2.txt;12917,50800;0,0000409;0,45498;0;8878,11882;0,2026554;0,00000;1;;8878,11882
Ran12pmed11v3.10.2.txt;16861,42653;0,0000319;0,88870;0;8927,54798;0,2320773;0,00000;1;;8927,54798
Ran13pmed11v3.10.2.txt;12592,49466;0,0000334;0,42445;0;8840,22358;0,1638517;0,00000;1;;8840,22358
Ran14pmed11v3.10.2.txt;13745,52740;0,0000374;0,54423;0;8901,19378;0,3062462;0,00000;1;;8901,19378
Ran15pmed11v3.10.2.txt;13454,92283;0,0000459;0,50972;0;8912,18148;0,2681515;0,00000;1;;8912,18148
Ran16pmed11v3.10.2.txt;13670,76441;0,0000412;0,53123;0;8927,96396;0,2230583;0,00000;1;;8927,96396
Ran17pmed11v3.10.2.txt;15853,06833;0,0000244;0,76395;0;8987,23275;0,1577423;0,00000;1;;8987,23275
Ran18pmed11v3.10.2.txt;14909,29278;0,0000325;0,67571;0;8897,29368;0,2809609;0,00000;1;;8897,29368
Ran19pmed11v3.10.2.txt;10926,80392;0,0000247;0,21389;0;9001,45350;0,1561111;0,00000;1;;9001,45350
Ran20pmed11v3.10.2.txt;11794,56224;0,0000419;0,32639;0;8892,22389;0,2548077;0,00000;1;;8892,22389
Ran21pmed11v3.10.2.txt;14399,17459;0,0000352;0,57309;0;9153,43330;0,1464341;0,00000;1;;9153,43330
Ran22pmed11v3.10.2.txt;11863,75653;0,0000283;0,32242;0;8971,25174;0,1745641;0,00000;1;;8971,25174
Ran23pmed11v3.10.2.txt;13078,87930;0,0000320;0,45652;0;8979,51470;0,1914219;0,00000;1;;8979,51470
Ran24pmed11v3.10.2.txt;12365,04622;0,0000553;0,38834;0;8906,34880;0,2520513;0,00000;1;;8906,34880
Ran25pmed11v3.10.2.txt;14332,65474;0,0000393;0,60481;0;8931,05467;0,1690555;0,00000;1;;8931,05467
Ran26pmed11v3.10.2.txt;12746,12511;0,0000786;0,40965;0;9042,06751;0,1109086;0,00000;1;;9042,06751
Ran27pmed11v3.10.2.txt;13734,10148;0,0000286;0,55250;0;8846,44163;0,1887250;0,00000;1;;8846,44163
Ran28pmed11v3.10.2.txt;13535,83705;0,0000452;0,50153;0;9014,69314;0,1602292;0,00000;1;;9014,69314
Ran29pmed11v3.10.2.txt;11814,60633;0,0000279;0,32989;0;8883,87953;0,2143646;0,00000;1;;8883,87953
Ran30pmed11v3.10.2.txt;14702,36233;0,0000235;0,61683;0;9093,34562;0,1827071;0,00000;1;;9093,34562
Ran31pmed11v3.10.2.txt;17130,34848;0,0000377;0,92547;0;8896,71929;0,2139902;0,00000;1;;8896,71929
Ran32pmed11v3.10.2.txt;13310,30099;0,0000286;0,50523;0;8842,72874;0,2121879;0,00000;1;;8842,72874
Ran33pmed11v3.10.2.txt;15032,69822;0,0000403;0,68319;0;8931,05467;0,1815789;0,00000;1;;8931,05467
Ran34pmed11v3.10.2.txt;12441,27025;0,0000725;0,40536;0;8852,72874;0,2616409;0,00000;1;;8852,72874
Ran35pmed11v3.10.2.txt;13405,00002;0,0000411;0,49545;0;8963,88288;0,1996852;0,00000;1;;8963,88288
Ran36pmed11v3.10.2.txt;16256,22350;0,0000383;0,84223;0;8824,22358;0,1762968;0,00000;1;;8824,22358
Ran37pmed11v3.10.2.txt;13754,99787;0,0000361;0,54749;0;8888,58543;0,2787626;0,00000;1;;8888,58543
Ran38pmed11v3.10.2.txt;18102,74010;0,0000314;1,02640;0;8933,43726;0,2440198;0,00000;1;;8933,43726
Ran39pmed11v3.10.2.txt;13226,33230;0,0000302;0,48247;0;8921,81339;0,2112542;0,00000;1;;8921,81339
Ran40pmed11v3.10.2.txt;15520,45433;0,0000366;0,69595;0;9151,47579;0,1082530;0,00000;1;;9151,47579
Ran41pmed11v3.10.2.txt;14447,68422;0,0000322;0,63570;0;8832,72874;0,3315663;0,00000;1;;8832,72874
Ran42pmed11v3.10.2.txt;13295,09264;0,0000429;0,48717;0;8939,88309;0,1717888;0,00000;1;;8939,88309
Ran43pmed11v3.10.2.txt;13634,17184;0,0000271;0,54380;0;8831,56144;0,3614667;0,00000;1;;8831,56144
Ran44pmed11v3.10.2.txt;12301,11654;0,0000484;0,37695;0;8933,57749;0,2646248;0,00000;1;;8933,57749
Ran45pmed11v3.10.2.txt;12821,11694;0,0000298;0,44652;0;8863,42350;0,2111698;0,00000;1;;8863,42350
Ran46pmed11v3.10.2.txt;15903,27660;0,0000255;0,79129;0;8878,11882;0,1878028;0,00000;1;;8878,11882
Ran47pmed11v3.10.2.txt;12906,86658;0,0000246;0,43923;0;8967,87815;0,1683743;0,00000;1;;8967,87815
Ran48pmed11v3.10.2.txt;13854,17194;0,0000264;0,54970;0;8939,88309;0,1912179;0,00000;1;;8939,88309
Ran49pmed11v3.10.2.txt;13489,81278;0,0000413;0,51412;0;8909,32281;0,2556745;0,00000;1;;8909,32281
Ran50pmed11v3.10.2.txt;13038,48171;0,0000374;0,46822;0;8880,49444;0,3047520;0,00000;1;;8880,49444
Ran51pmed11v3.10.2.txt;13745,27651;0,0000294;0,55286;0;8851,58082;0,3121617;0,00000;1;;8851,58082
Ran52pmed11v3.10.2.txt;16505,76272;0,0000244;0,83201;0;9009,66038;0,2036293;0,00000;1;;9009,66038
Ran53pmed11v3.10.2.txt;13736,25790;0,0000565;0,56074;0;8801,09460;0,4278950;0,00000;1;;8801,09460
Ran54pmed11v3.10.2.txt;14321,15833;0,0000303;0,59228;0;8994,14538;0,2285431;0,00000;1;;8994,14538
Ran55pmed11v3.10.2.txt;15617,42600;0,0000261;0,75541;0;8896,71929;0,2528197;0,00000;1;;8896,71929
Ran56pmed11v3.10.2.txt;13514,70013;0,0000322;0,51379;0;8927,72087;0,1892571;0,00000;1;;8927,72087
Ran57pmed11v3.10.2.txt;14989,47984;0,0000419;0,69560;0;8840,22358;0,1922375;0,00000;1;;8840,22358
Ran58pmed11v3.10.2.txt;11896,89951;0,0000231;0,31017;0;9080,42498;0,1259226;0,00000;1;;9080,42498
Ran59pmed11v3.10.2.txt;14932,48839;0,0000283;0,68822;0;8845,09460;0,4205236;0,00000;1;;8845,09460
Ran60pmed11v3.10.2.txt;14865,40482;0,0000254;0,66543;0;8925,87953;0,1779295;0,00000;1;;8925,87953
Ran61pmed11v3.10.2.txt;15080,52056;0,0000235;0,69235;0;8911,00833;0,1981771;0,00000;1;;8911,00833
Ran62pmed11v3.10.2.txt;13039,00475;0,0000243;0,48007;0;8809,72874;0,2754056;0,00000;1;;8809,72874
Ran63pmed11v3.10.2.txt;14866,02012;0,0000290;0,68911;0;8801,09460;0,2699932;0,00000;1;;8801,09460
Ran64pmed11v3.10.2.txt;14685,00308;0,0000267;0,64360;0;8934,65593;0,1680740;0,00000;1;;8934,65593
Ran65pmed11v3.10.2.txt;14389,89571;0,0000440;0,59641;0;9013,90390;0,1669429;0,00000;1;;9013,90390
Ran66pmed11v3.10.2.txt;14636,09668;0,0000254;0,62765;0;8992,18246;0,1980224;0,00000;1;;8992,18246
Ran67pmed11v3.10.2.txt;16299,43577;0,0000251;0,83207;0;8896,71929;0,2124070;0,00000;1;;8896,71929
Ran68pmed11v3.10.2.txt;14089,44090;0,0000252;0,57031;0;8972,40122;0,2456701;0,00000;1;;8972,40122
Ran69pmed11v3.10.2.txt;13594,21261;0,0000377;0,54116;0;8820,77210;0,2841746;0,00000;1;;8820,77210
Ran70pmed11v3.10.2.txt;13602,58958;0,0000410;0,53854;0;8841,24162;0,2699126;0,00000;1;;8841,24162
Ran71pmed11v3.10.2.txt;19792,07443;0,0000373;1,22207;0;8907,05516;0,1944840;0,00000;1;;8907,05516
Ran72pmed11v3.10.2.txt;15578,28326;0,0000438;0,76830;0;8809,72874;0,2398784;0,00000;1;;8809,72874
Ran73pmed11v3.10.2.txt;12202,12651;0,0000544;0,37746;0;8858,41273;0,3492308;0,00000;1;;8858,41273
Ran74pmed11v3.10.2.txt;12496,42804;0,0000371;0,38982;0;8991,41453;0,1977340;0,00000;1;;8991,41453
Ran75pmed11v3.10.2.txt;12287,51792;0,0000436;0,38799;0;8852,72874;0,1907512;0,00000;1;;8852,72874
Ran76pmed11v3.10.2.txt;15295,41934;0,0000276;0,71968;0;8894,34880;0,2638869;0,00000;1;;8894,34880
Ran77pmed11v3.10.2.txt;15601,83840;0,0000247;0,75273;0;8901,43726;0,1882445;0,00000;1;;8901,43726
Ran78pmed11v3.10.2.txt;13410,97854;0,0000288;0,49873;0;8948,25174;0,1319858;0,00000;1;;8948,25174
Ran79pmed11v3.10.2.txt;15861,57704;0,0000245;0,78568;0;8882,63046;0,1742029;0,00000;1;;8882,63046
Ran80pmed11v3.10.2.txt;12905,93038;0,0000252;0,43977;0;8963,90118;0,1860372;0,00000;1;;8963,90118
Ran81pmed11v3.10.2.txt;14930,59938;0,0000437;0,68846;0;8842,72874;0,2432232;0,00000;1;;8842,72874
Ran82pmed11v3.10.2.txt;12809,09469;0,0000350;0,43228;0;8943,13116;0,1944669;0,00000;1;;8943,13116
Ran83pmed11v3.10.2.txt;15242,69675;0,0000251;0,70230;0;8954,17707;0,1679024;0,00000;1;;8954,17707
Ran84pmed11v3.10.2.txt;11288,75342;0,0000244;0,26561;0;8919,63046;0,1441354;0,00000;1;;8919,63046
Ran85pmed11v3.10.2.txt;15618,35795;0,0000307;0,76576;0;8845,09460;0,2450072;0,00000;1;;8845,09460
Ran86pmed11v3.10.2.txt;12563,78886;0,0000253;0,40172;0;8963,14538;0,2551317;0,00000;1;;8963,14538
Ran87pmed11v3.10.2.txt;15739,22054;0,0000417;0,77548;0;8864,79249;0,2522807;0,00000;1;;8864,79249
Ran88pmed11v3.10.2.txt;14490,49494;0,0000307;0,63147;0;8881,84019;0,1678818;0,00000;1;;8881,84019
Ran89pmed11v3.10.2.txt;14405,65240;0,0000663;0,57875;0;9124,72086;0,1155200;0,00000;1;;9124,72086
Ran90pmed11v3.10.2.txt;13612,20326;0,0000237;0,53057;0;8893,55048;0,1624221;0,00000;1;;8893,55048
Ran91pmed11v3.10.2.txt;15143,19652;0,0000467;0,68775;0;8972,40122;0,1883861;0,00000;1;;8972,40122
Ran92pmed11v3.10.2.txt;13623,08654;0,0000348;0,52386;0;8939,88309;0,1721353;0,00000;1;;8939,88309
Ran93pmed11v3.10.2.txt;16437,48894;0,0000348;0,84037;0;8931,64024;0,1378704;0,00000;1;;8931,64024
Ran94pmed11v3.10.2.txt;15401,57715;0,0000284;0,72438;0;8931,64024;0,1383142;0,00000;1;;8931,64024
Ran95pmed11v3.10.2.txt;14239,45070;0,0000310;0,58319;0;8994,14538;0,2238566;0,00000;1;;8994,14538
Ran96pmed11v3.10.2.txt;14199,31193;0,0000275;0,55614;0;9124,72086;0,1496244;0,00000;1;;9124,72086
Ran97pmed11v3.10.2.txt;14993,84040;0,0000386;0,67008;0;8977,90249;0,1343480;0,00000;1;;8977,90249
Ran98pmed11v3.10.2.txt;13290,82666;0,0000414;0,48130;0;8972,40122;0,2119271;0,00000;1;;8972,40122
Ran99pmed11v3.10.2.txt;15592,14536;0,0000242;0,75205;0;8899,35482;0,2292001;0,00000;1;;8899,35482
pmed1v3.10.2.txt;10775,02436;0,0000112;0,38270;0;7792,74947;0,0424636;0,00000;1;;7792,74947
Ran0pmed1v3.10.2.txt;12420,43452;0,0000118;0,52407;0;8149,49822;0,0224359;0,00000;1;;8149,49822
Ran1pmed1v3.10.2.txt;12778,38705;0,0000096;0,68407;0;7587,81342;0,0240314;0,00000;1;;7587,81342
Ran2pmed1v3.10.2.txt;11618,75994;0,0000123;0,51493;0;7669,49303;0,0166514;0,00000;1;;7669,49303
Ran3pmed1v3.10.2.txt;12357,59394;0,0000130;0,62861;0;7587,81342;0,0240496;0,00000;1;;7587,81342
Ran4pmed1v3.10.2.txt;11720,40661;0,0000168;0,56425;0;7492,65148;0,0251785;0,00000;1;;7492,65148
Ran5pmed1v3.10.2.txt;11345,69991;0,0000194;0,45348;0;7805,86743;0,0206258;0,00000;1;;7805,86743
Ran6pmed1v3.10.2.txt;12534,90096;0,0000110;0,59212;0;7873,11175;0,0138361;0,00000;1;;7873,11175
Ran7pmed1v3.10.2.txt;13445,32732;0,0000124;0,76817;0;7604,10622;0,0169088;0,00000;1;;7604,10622
Ran8pmed1v3.10.2.txt;11561,69624;0,0000126;0,50767;0;7668,60868;0,0174557;0,00000;1;;7668,60868
Ran9pmed1v3.10.2.txt;11503,76120;0,0000121;0,48703;0;7736,07745;0,0192824;0,00000;1;;7736,07745
Ran10pmed1v3.10.2.txt;14225,69038;0,0000105;0,86386;0;7632,40178;0,0319349;0,00000;1;;7632,40178
Ran11pmed1v3.10.2.txt;13501,53131;0,0000149;0,77142;0;7621,87713;0,0411230;0,00000;1;;7621,87713
Ran12pmed1v3.10.2.txt;11208,24104;0,0000138;0,46397;0;7656,07745;0,0354807;0,00000;1;;7656,07745
Ran13pmed1v3.10.2.txt;12282,21545;0,0000161;0,64175;0;7481,15640;0,0211904;0,00000;1;;7481,15640
Ran14pmed1v3.10.2.txt;12964,14393;0,0000174;0,63455;0;7931,32827;0,0174170;0,00000;1;;7931,32827
Ran15pmed1v3.10.2.txt;14083,88193;0,0000120;0,86128;0;7566,76602;0,0188149;0,00000;1;;7566,76602
Ran16pmed1v3.10.2.txt;12212,67924;0,0000193;0,60852;0;7592,49303;0,0261622;0,00000;1;;7592,49303
Ran17pmed1v3.10.2.txt;11979,36719;0,0000160;0,55138;0;7721,73044;0,0252840;0,00000;1;;7721,73044
Ran18pmed1v3.10.2.txt;13494,70988;0,0000242;0,78342;0;7566,76602;0,0192180;0,00000;1;;7566,76602
Ran19pmed1v3.10.2.txt;12727,93274;0,0000146;0,61741;0;7869,32827;0,0170037;0,00000;1;;7869,32827
Ran20pmed1v3.10.2.txt;12653,23593;0,0000098;0,62560;0;7783,74947;0,0169385;0,00000;1;;7783,74947
Ran21pmed1v3.10.2.txt;10630,04029;0,0000095;0,34552;0;7900,32827;0,0183348;0,00000;1;;7900,32827
Ran22pmed1v3.10.2.txt;11762,66201;0,0000104;0,53258;0;7675,07745;0,0161371;0,00000;1;;7675,07745
Ran23pmed1v3.10.2.txt;12544,07900;0,0000122;0,59943;0;7842,84574;0,0277052;0,00000;1;;7842,84574
Ran24pmed1v3.10.2.txt;12964,18743;0,0000145;0,71142;0;7575,12195;0,0371660;0,00000;1;;7575,12195
Ran25pmed1v3.10.2.txt;11506,81210;0,0000162;0,46903;0;7832,90903;0,0273080;0,00000;1;;7832,90903
Ran26pmed1v3.10.2.txt;14700,86841;0,0000131;0,92611;0;7632,40178;0,0273754;0,00000;1;;7632,40178
Ran27pmed1v3.10.2.txt;11725,04503;0,0000129;0,53510;0;7637,97760;0,0212291;0,00000;1;;7637,97760
Ran28pmed1v3.10.2.txt;14442,89916;0,0000156;0,85074;0;7803,85398;0,0160972;0,00000;1;;7803,85398
Ran29pmed1v3.10.2.txt;11995,71115;0,0000171;0,53596;0;7809,90798;0,0184473;0,00000;1;;7809,90798
Ran30pmed1v3.10.2.txt;9329,08763;0,0000158;0,18060;0;7901,97220;0,0156741;0,00000;1;;7901,97220
Ran31pmed1v3.10.2.txt;10797,94178;0,0000127;0,42950;0;7553,65431;0,0245765;0,00000;1;;7553,65431
Ran32pmed1v3.10.2.txt;13554,01413;0,0000137;0,79126;0;7566,76602;0,0191610;0,00000;1;;7566,76602
Ran33pmed1v3.10.2.txt;13182,68805;0,0000180;0,72720;0;7632,40178;0,0245542;0,00000;1;;7632,40178
Ran34pmed1v3.10.2.txt;12389,17981;0,0000162;0,63732;0;7566,76602;0,0243065;0,00000;1;;7566,76602
Ran35pmed1v3.10.2.txt;9852,20757;0,0000126;0,30378;0;7556,65148;0,0207207;0,00000;1;;7556,65148
Ran36pmed1v3.10.2.txt;12872,59814;0,0000121;0,70271;0;7560,07915;0,0278935;0,00000;1;;7560,07915
Ran37pmed1v3.10.2.txt;11808,77754;0,0000188;0,57447;0;7500,15640;0,0210927;0,00000;1;;7500,15640
Ran38pmed1v3.10.2.txt;12791,75525;0,0000170;0,67131;0;7653,73044;0,0165929;0,00000;1;;7653,73044
Ran39pmed1v3.10.2.txt;12266,28019;0,0000156;0,62290;0;7558,23474;0,0170095;0,00000;1;;7558,23474
Ran40pmed1v3.10.2.txt;13158,68543;0,0000122;0,73709;0;7575,12195;0,0233920;0,00000;1;;7575,12195
Ran41pmed1v3.10.2.txt;9138,57065;0,0000199;0,18136;0;7735,65394;0,0212263;0,00000;1;;7735,65394
Ran42pmed1v3.10.2.txt;14997,45751;0,0000130;0,99935;0;7501,15640;0,0184475;0,00000;1;;7501,15640
Ran43pmed1v3.10.2.txt;10123,73806;0,0000165;0,32525;0;7639,12195;0,0195781;0,00000;1;;7639,12195
Ran44pmed1v3.10.2.txt;12731,53739;0,0000119;0,68256;0;7566,76602;0,0195710;0,00000;1;;7566,76602
Ran45pmed1v3.10.2.txt;13127,47201;0,0000107;0,73684;0;7558,23474;0,0165952;0,00000;1;;7558,23474
Ran46pmed1v3.10.2.txt;10986,41436;0,0000156;0,45407;0;7555,60868;0,0196090;0,00000;1;;7555,60868
Ran47pmed1v3.10.2.txt;10899,79405;0,0000149;0,42079;0;7671,62744;0,0236712;0,00000;1;;7671,62744
Ran48pmed1v3.10.2.txt;10777,75711;0,0000104;0,42835;0;7545,60868;0,0210618;0,00000;1;;7545,60868
Ran49pmed1v3.10.2.txt;11050,19343;0,0000101;0,44299;0;7657,82367;0,0216563;0,00000;1;;7657,82367
Ran50pmed1v3.10.2.txt;13847,77033;0,0000157;0,77906;0;7783,74947;0,0252798;0,00000;1;;7783,74947
Ran51pmed1v3.10.2.txt;10735,82907;0,0000174;0,35830;0;7903,84946;0,0275947;0,00000;1;;7903,84946
Ran52pmed1v3.10.2.txt;11735,39912;0,0000271;0,55266;0;7558,23474;0,0249199;0,00000;1;;7558,23474
Ran53pmed1v3.10.2.txt;10719,64419;0,0000116;0,40078;0;7652,62744;0,0290121;0,00000;1;;7652,62744
Ran54pmed1v3.10.2.txt;10786,76769;0,0000195;0,35153;0;7981,15976;0,0171381;0,00000;1;;7981,15976
Ran55pmed1v3.10.2.txt;13300,09501;0,0000218;0,69151;0;7862,84946;0,0274995;0,00000;1;;7862,84946
Ran56pmed1v3.10.2.txt;12273,26486;0,0000151;0,59911;0;7675,07745;0,0253313;0,00000;1;;7675,07745
Ran57pmed1v3.10.2.txt;12913,75572;0,0000114;0,69993;0;7596,65431;0,0256174;0,00000;1;;7596,65431
Ran58pmed1v3.10.2.txt;12185,70548;0,0000100;0,61858;0;7528,65394;0,0298219;0,00000;1;;7528,65394
Ran59pmed1v3.10.2.txt;12630,11153;0,0000159;0,60962;0;7846,66604;0,0273502;0,00000;1;;7846,66604
Ran60pmed1v3.10.2.txt;11331,49868;0,0000146;0,49923;0;7558,23474;0,0271436;0,00000;1;;7558,23474
Ran61pmed1v3.10.2.txt;10151,69990;0,0000143;0,31976;0;7692,07915;0,0258178;0,00000;1;;7692,07915
Ran62pmed1v3.10.2.txt;15560,89487;0,0000102;1,03879;0;7632,40178;0,0240968;0,00000;1;;7632,40178
Ran63pmed1v3.10.2.txt;13608,51547;0,0000100;0,81808;0;7485,12195;0,0126275;0,00000;1;;7485,12195
Ran64pmed1v3.10.2.txt;11157,17897;0,0000095;0,45997;0;7642,07915;0,0288128;0,00000;1;;7642,07915
Ran65pmed1v3.10.2.txt;13204,37840;0,0000152;0,72042;0;7675,07745;0,0163690;0,00000;1;;7675,07745
Ran66pmed1v3.10.2.txt;11491,47440;0,0000096;0,45977;0;7872,08956;0,0171263;0,00000;1;;7872,08956
Ran67pmed1v3.10.2.txt;12176,96194;0,0000097;0,54867;0;7862,84946;0,0168510;0,00000;1;;7862,84946
Ran68pmed1v3.10.2.txt;9615,46353;0,0000116;0,24525;0;7721,73044;0,0245746;0,00000;1;;7721,73044
Ran69pmed1v3.10.2.txt;11748,34274;0,0000090;0,55522;0;7554,12195;0,0177016;0,00000;1;;7554,12195
Ran70pmed1v3.10.2.txt;10636,09859;0,0000181;0,41954;0;7492,65148;0,0329308;0,00000;1;;7492,65148
Ran71pmed1v3.10.2.txt;11497,70208;0,0000150;0,50589;0;7635,15640;0,0307487;0,00000;1;;7635,15640
Ran72pmed1v3.10.2.txt;10760,68476;0,0000156;0,40253;0;7672,31809;0,0303013;0,00000;1;;7672,31809
Ran73pmed1v3.10.2.txt;10848,18092;0,0000152;0,32789;0;8169,49822;0,0177811;0,00000;1;;8169,49822
Ran74pmed1v3.10.2.txt;10734,46046;0,0000195;0,37464;0;7808,90903;0,0231730;0,00000;1;;7808,90903
Ran75pmed1v3.10.2.txt;12839,05889;0,0000138;0,66966;0;7689,60868;0,0264468;0,00000;1;;7689,60868
Ran76pmed1v3.10.2.txt;14533,61370;0,0000150;0,90420;0;7632,40178;0,0378298;0,00000;1;;7632,40178
Ran77pmed1v3.10.2.txt;10925,38095;0,0000154;0,41226;0;7736,07745;0,0224075;0,00000;1;;7736,07745
Ran78pmed1v3.10.2.txt;13765,01336;0,0000088;0,79847;0;7653,73044;0,0152924;0,00000;1;;7653,73044
Ran79pmed1v3.10.2.txt;13506,53811;0,0000116;0,76963;0;7632,40178;0,0228780;0,00000;1;;7632,40178
Ran80pmed1v3.10.2.txt;11700,92520;0,0000084;0,49382;0;7832,90903;0,0161356;0,00000;1;;7832,90903
Ran81pmed1v3.10.2.txt;13016,38809;0,0000084;0,69593;0;7675,07745;0,0140911;0,00000;1;;7675,07745
Ran82pmed1v3.10.2.txt;12615,69724;0,0000088;0,65906;0;7604,10622;0,0155398;0,00000;1;;7604,10622
Ran83pmed1v3.10.2.txt;14196,95890;0,0000090;0,85131;0;7668,60868;0,0161960;0,00000;1;;7668,60868
Ran84pmed1v3.10.2.txt;13575,79102;0,0000091;0,79413;0;7566,76602;0,0181152;0,00000;1;;7566,76602
Ran85pmed1v3.10.2.txt;12370,15872;0,0000118;0,63665;0;7558,23474;0,0177868;0,00000;1;;7558,23474
Ran86pmed1v3.10.2.txt;10728,29348;0,0000091;0,38419;0;7750,60868;0,0222341;0,00000;1;;7750,60868
Ran87pmed1v3.10.2.txt;12808,03387;0,0000258;0,68052;0;7621,49303;0,0268425;0,00000;1;;7621,49303
Ran88pmed1v3.10.2.txt;10999,32375;0,0000147;0,39605;0;7878,88593;0,0246349;0,00000;1;;7878,88593
Ran89pmed1v3.10.2.txt;13835,24209;0,0000146;0,80414;0;7668,60868;0,0262675;0,00000;1;;7668,60868
Ran90pmed1v3.10.2.txt;11053,48993;0,0000185;0,41514;0;7810,90277;0,0200059;0,00000;1;;7810,90277
Ran91pmed1v3.10.2.txt;15112,48267;0,0000101;0,98004;0;7632,40178;0,0249555;0,00000;1;;7632,40178
Ran92pmed1v3.10.2.txt;11662,96265;0,0000109;0,51432;0;7701,76602;0,0142082;0,00000;1;;7701,76602
Ran93pmed1v3.10.2.txt;11660,65094;0,0000089;0,51593;0;7692,07915;0,0162301;0,00000;1;;7692,07915
Ran94pmed1v3.10.2.txt;12534,21346;0,0000093;0,59800;0;7843,66604;0,0209457;0,00000;1;;7843,66604
Ran95pmed1v3.10.2.txt;13463,60185;0,0000100;0,76676;0;7620,49303;0,0260420;0,00000;1;;7620,49303
Ran96pmed1v3.10.2.txt;12027,88572;0,0000086;0,57258;0;7648,49303;0,0131784;0,00000;1;;7648,49303
Ran97pmed1v3.10.2.txt;11134,90190;0,0000098;0,39299;0;7993,52024;0,0143336;0,00000;1;;7993,52024
Ran98pmed1v3.10.2.txt;11025,35411;0,0000089;0,41215;0;7807,49338;0,0135285;0,00000;1;;7807,49338
Ran99pmed1v3.10.2.txt;12107,39303;0,0000090;0,53028;0;7911,89713;0,0155017;0,00000;1;;7911,89713
pmed6v3.10.2.txt;15246,44183;0,0000446;0,65333;0;9221,64124;0,1404179;0,00000;1;;9221,64124
Ran0pmed6v3.10.2.txt;17279,61462;0,0000326;0,78491;0;9680,95285;0,0806024;0,00000;1;;9680,95285
Ran1pmed6v3.10.2.txt;12760,32076;0,0000199;0,38738;0;9197,45236;0,0800493;0,00000;1;;9197,45236
Ran2pmed6v3.10.2.txt;12863,39819;0,0000246;0,38516;0;9286,55408;0,1025758;0,00000;1;;9286,55408
Ran3pmed6v3.10.2.txt;16561,66410;0,0000349;0,75306;0;9447,29028;0,1067160;0,00000;1;;9447,29028
Ran4pmed6v3.10.2.txt;16812,91400;0,0000318;0,84158;0;9129,59360;0,1013091;0,00000;1;;9129,59360
Ran5pmed6v3.10.2.txt;11784,14484;0,0000300;0,25092;0;9420,39191;0,1358638;0,00000;1;;9420,39191
Ran6pmed6v3.10.2.txt;12432,10825;0,0000456;0,35754;0;9157,81682;0,1118483;0,00000;1;;9157,81682
Ran7pmed6v3.10.2.txt;12583,76471;0,0000210;0,36867;0;9194,18735;0,0920014;0,00000;1;;9194,18735
Ran8pmed6v3.10.2.txt;14143,87036;0,0000194;0,53384;0;9221,21884;0,1586876;0,00000;1;;9221,21884
Ran9pmed6v3.10.2.txt;14135,71334;0,0000172;0,52945;0;9242,37926;0,0993860;0,00000;1;;9242,37926
Ran10pmed6v3.10.2.txt;13685,32675;0,0000340;0,28832;0;10622,61593;0,0628754;0,00000;1;;10622,61593
Ran11pmed6v3.10.2.txt;13333,17331;0,0000252;0,42573;0;9351,83583;0,0638010;0,00000;1;;9351,83583
Ran12pmed6v3.10.2.txt;14279,82326;0,0000216;0,56787;0;9107,76412;0,0818653;0,00000;1;;9107,76412
Ran13pmed6v3.10.2.txt;15045,16900;0,0000188;0,59958;0;9405,72364;0,1129493;0,00000;1;;9405,72364
Ran14pmed6v3.10.2.txt;12173,30722;0,0000206;0,32092;0;9215,78418;0,0596933;0,00000;1;;9215,78418
Ran15pmed6v3.10.2.txt;13420,90305;0,0000200;0,46090;0;9186,74363;0,0951861;0,00000;1;;9186,74363
Ran16pmed6v3.10.2.txt;11758,85442;0,0000239;0,26988;0;9259,84532;0,0683959;0,00000;1;;9259,84532
Ran17pmed6v3.10.2.txt;17912,23378;0,0000169;0,93440;0;9259,84532;0,0749954;0,00000;1;;9259,84532
Ran18pmed6v3.10.2.txt;12288,73297;0,0000325;0,33300;0;9218,84585;0,1060780;0,00000;1;;9218,84585
Ran19pmed6v3.10.2.txt;13662,69054;0,0000201;0,40758;0;9706,52012;0,0899256;0,00000;1;;9706,52012
Ran20pmed6v3.10.2.txt;12174,65495;0,0000561;0,29495;0;9401,61602;0,1165625;0,00000;1;;9401,61602
Ran21pmed6v3.10.2.txt;14531,60650;0,0000251;0,53329;0;9477,37232;0,0797664;0,00000;1;;9477,37232
Ran22pmed6v3.10.2.txt;14591,41916;0,0000176;0,56419;0;9328,39266;0,0900894;0,00000;1;;9328,39266
Ran23pmed6v3.10.2.txt;15714,27196;0,0000257;0,63974;0;9583,38801;0,0855376;0,00000;1;;9583,38801
Ran24pmed6v3.10.2.txt;14604,48040;0,0000290;0,59209;0;9173,13712;0,1356558;0,00000;1;;9173,13712
Ran25pmed6v3.10.2.txt;14266,76706;0,0000177;0,57044;0;9084,59360;0,1047267;0,00000;1;;9084,59360
Ran26pmed6v3.10.2.txt;17365,71860;0,0000209;0,88409;0;9217,04759;0,0774873;0,00000;1;;9217,04759
Ran27pmed6v3.10.2.txt;12562,71821;0,0000235;0,30856;0;9600,38801;0,0704296;0,00000;1;;9600,38801
Ran28pmed6v3.10.2.txt;14736,99981;0,0000192;0,59913;0;9215,64076;0,1479737;0,00000;1;;9215,64076
Ran29pmed6v3.10.2.txt;12881,10668;0,0000212;0,38108;0;9326,84532;0,0614440;0,00000;1;;9326,84532
Ran30pmed6v3.10.2.txt;13463,99372;0,0000212;0,43949;0;9353,29626;0,1073867;0,00000;1;;9353,29626
Ran31pmed6v3.10.2.txt;13853,86660;0,0000299;0,47172;0;9413,39191;0,1228536;0,00000;1;;9413,39191
Ran32pmed6v3.10.2.txt;12948,75880;0,0000221;0,42157;0;9108,76412;0,0984142;0,00000;1;;9108,76412
Ran33pmed6v3.10.2.txt;15254,51100;0,0000197;0,57336;0;9695,52012;0,0620763;0,00000;1;;9695,52012
Ran34pmed6v3.10.2.txt;15762,28605;0,0000182;0,73221;0;9099,51688;0,1345250;0,00000;1;;9099,51688
Ran35pmed6v3.10.2.txt;11787,82661;0,0000190;0,27959;0;9212,18305;0,1003167;0,00000;1;;9212,18305
Ran36pmed6v3.10.2.txt;12029,25443;0,0000190;0,31103;0;9175,45236;0,1025143;0,00000;1;;9175,45236
Ran37pmed6v3.10.2.txt;14549,03521;0,0000264;0,57525;0;9236,03425;0,1160750;0,00000;1;;9236,03425
Ran38pmed6v3.10.2.txt;12315,91101;0,0000335;0,33534;0;9223,04759;0,0862563;0,00000;1;;9223,04759
Ran39pmed6v3.10.2.txt;12248,58597;0,0000195;0,28691;0;9517,81144;0,0745477;0,00000;1;;9517,81144
Ran40pmed6v3.10.2.txt;16427,50733;0,0000335;0,78423;0;9207,03425;0,1001125;0,00000;1;;9207,03425
Ran41pmed6v3.10.2.txt;12910,78665;0,0000294;0,38324;0;9333,75257;0,0935796;0,00000;1;;9333,75257
Ran42pmed6v3.10.2.txt;12319,15968;0,0000180;0,33504;0;9227,57777;0,0763371;0,00000;1;;9227,57777
Ran43pmed6v3.10.2.txt;15298,92442;0,0000280;0,65893;0;9222,15761;0,0823812;0,00000;1;;9222,15761
Ran44pmed6v3.10.2.txt;11642,55798;0,0000183;0,25382;0;9285,67722;0,0664987;0,00000;1;;9285,67722
Ran45pmed6v3.10.2.txt;15645,97372;0,0000164;0,71072;0;9145,81682;0,0873336;0,00000;1;;9145,81682
Ran46pmed6v3.10.2.txt;12480,78057;0,0000248;0,31723;0;9475,02276;0,0892408;0,00000;1;;9475,02276
Ran47pmed6v3.10.2.txt;13389,92753;0,0000214;0,41882;0;9437,39191;0,0930212;0,00000;1;;9437,39191
Ran48pmed6v3.10.2.txt;13950,95048;0,0000186;0,48901;0;9369,29028;0,0754584;0,00000;1;;9369,29028
Ran49pmed6v3.10.2.txt;13794,74721;0,0000190;0,46908;0;9390,05760;0,0761880;0,00000;1;;9390,05760
Ran50pmed6v3.10.2.txt;12266,18434;0,0000190;0,34885;0;9093,81682;0,1489514;0,00000;1;;9093,81682
Ran51pmed6v3.10.2.txt;11440,71880;0,0000276;0,16604;0;9811,57755;0,0890208;0,00000;1;;9811,57755
Ran52pmed6v3.10.2.txt;17274,08552;0,0000325;0,86811;0;9246,84532;0,1453872;0,00000;1;;9246,84532
Ran53pmed6v3.10.2.txt;12714,74207;0,0000418;0,37618;0;9239,18735;0,0878741;0,00000;1;;9239,18735
Ran54pmed6v3.10.2.txt;14282,03784;0,0000300;0,56812;0;9107,76412;0,0859086;0,00000;1;;9107,76412
Ran55pmed6v3.10.2.txt;14118,98422;0,0000323;0,54141;0;9159,76412;0,0842402;0,00000;1;;9159,76412
Ran56pmed6v3.10.2.txt;14417,99046;0,0000210;0,58014;0;9124,48515;0,1150260;0,00000;1;;9124,48515
Ran57pmed6v3.10.2.txt;14798,12892;0,0000343;0,58084;0;9360,92592;0,0805617;0,00000;1;;9360,92592
Ran58pmed6v3.10.2.txt;12269,39347;0,0000181;0,35805;0;9034,59360;0,1064512;0,00000;1;;9034,59360
Ran59pmed6v3.10.2.txt;14701,35263;0,0000242;0,55614;0;9447,29028;0,1017855;0,00000;1;;9447,29028
Ran60pmed6v3.10.2.txt;11939,00745;0,0000281;0,29489;0;9220,09310;0,1279217;0,00000;1;;9220,09310
Ran61pmed6v3.10.2.txt;14533,68149;0,0000240;0,58305;0;9180,78418;0,1181121;0,00000;1;;9180,78418
Ran62pmed6v3.10.2.txt;12598,66916;0,0000210;0,38668;0;9085,51688;0,1149951;0,00000;1;;9085,51688
Ran63pmed6v3.10.2.txt;13589,80041;0,0000302;0,50012;0;9059,15761;0,1507567;0,00000;1;;9059,15761
Ran64pmed6v3.10.2.txt;13441,01352;0,0000303;0,47052;0;9140,34165;0,0996663;0,00000;1;;9140,34165
Ran65pmed6v3.10.2.txt;16086,50279;0,0000213;0,76377;0;9120,50407;0,1327341;0,00000;1;;9120,50407
Ran66pmed6v3.10.2.txt;16930,57412;0,0000524;0,87067;0;9050,53610;0,1562332;0,00000;1;;9050,53610
Ran67pmed6v3.10.2.txt;17799,47717;0,0000402;0,91718;0;9284,20060;0,0913864;0,00000;1;;9284,20060
Ran68pmed6v3.10.2.txt;13149,42731;0,0000342;0,44174;0;9120,50407;0,1402845;0,00000;1;;9120,50407
Ran69pmed6v3.10.2.txt;14478,46327;0,0000351;0,56484;0;9252,37926;0,0999275;0,00000;1;;9252,37926
Ran70pmed6v3.10.2.txt;15582,41716;0,0000335;0,69858;0;9173,76412;0,0764503;0,00000;1;;9173,76412
Ran71pmed6v3.10.2.txt;13282,39817;0,0000314;0,45963;0;9099,86490;0,0992524;0,00000;1;;9099,86490
Ran72pmed6v3.10.2.txt;12167,22954;0,0000262;0,32816;0;9160,98997;0,1094636;0,00000;1;;9160,98997
Ran73pmed6v3.10.2.txt;16334,15739;0,0000175;0,73745;0;9401,24713;0,0783339;0,00000;1;;9401,24713
Ran74pmed6v3.10.2.txt;15607,20033;0,0000177;0,65203;0;9447,29028;0,0727803;0,00000;1;;9447,29028
Ran75pmed6v3.10.2.txt;12770,69586;0,0000202;0,39769;0;9137,01045;0,1044551;0,00000;1;;9137,01045
Ran76pmed6v3.10.2.txt;13335,81089;0,0000353;0,45197;0;9184,64076;0,1396321;0,00000;1;;9184,64076
Ran77pmed6v3.10.2.txt;13357,24109;0,0000215;0,45279;0;9194,18735;0,0948553;0,00000;1;;9194,18735
Ran78pmed6v3.10.2.txt;13614,74149;0,0000179;0,46178;0;9313,77956;0,0900899;0,00000;1;;9313,77956
Ran79pmed6v3.10.2.txt;14802,10614;0,0000296;0,60280;0;9235,17765;0,0951963;0,00000;1;;9235,17765
Ran80pmed6v3.10.2.txt;13633,80104;0,0000262;0,47713;0;9229,92454;0,1356424;0,00000;1;;9229,92454
Ran81pmed6v3.10.2.txt;15191,22289;0,0000281;0,65647;0;9170,83714;0,1461165;0,00000;1;;9170,83714
Ran82pmed6v3.10.2.txt;13839,59377;0,0000303;0,44505;0;9577,22913;0,1117619;0,00000;1;;9577,22913
Ran83pmed6v3.10.2.txt;15109,29199;0,0000293;0,65501;0;9129,41200;0,1102697;0,00000;1;;9129,41200
Ran84pmed6v3.10.2.txt;13609,03221;0,0000230;0,44974;0;9387,24713;0,0888579;0,00000;1;;9387,24713
Ran85pmed6v3.10.2.txt;13754,22766;0,0000166;0,46037;0;9418,34511;0,0869317;0,00000;1;;9418,34511
Ran86pmed6v3.10.2.txt;12062,67340;0,0000186;0,30635;0;9233,85362;0,0808060;0,00000;1;;9233,85362
Ran87pmed6v3.10.2.txt;16037,67749;0,0000193;0,72017;0;9323,29028;0,1284643;0,00000;1;;9323,29028
Ran88pmed6v3.10.2.txt;14058,41344;0,0000322;0,54372;0;9106,81682;0,0955712;0,00000;1;;9106,81682
Ran89pmed6v3.10.2.txt;11866,10887;0,0000185;0,29789;0;9142,64076;0,0895686;0,00000;1;;9142,64076
Ran90pmed6v3.10.2.txt;16752,05611;0,0000347;0,83589;0;9124,77788;0,1258337;0,00000;1;;9124,77788
Ran91pmed6v3.10.2.txt;14059,81273;0,0000291;0,53435;0;9163,34165;0,0940133;0,00000;1;;9163,34165
Ran92pmed6v3.10.2.txt;14292,78668;0,0000176;0,48082;0;9651,95285;0,0608543;0,00000;1;;9651,95285
Ran93pmed6v3.10.2.txt;13373,08207;0,0000168;0,46787;0;9110,51688;0,0871168;0,00000;1;;9110,51688
Ran94pmed6v3.10.2.txt;14288,59616;0,0000176;0,52641;0;9360,92592;0,0796134;0,00000;1;;9360,92592
Ran95pmed6v3.10.2.txt;13482,51003;0,0000179;0,47096;0;9165,81682;0,1096777;0,00000;1;;9165,81682
Ran96pmed6v3.10.2.txt;11806,61287;0,0000174;0,27627;0;9250,87306;0,0705640;0,00000;1;;9250,87306
Ran97pmed6v3.10.2.txt;13536,70111;0,0000259;0,43213;0;9452,12946;0,1263851;0,00000;1;;9452,12946
Ran98pmed6v3.10.2.txt;15546,29035;0,0000262;0,70979;0;9092,51688;0,1112452;0,00000;1;;9092,51688
Ran99pmed6v3.10.2.txt;12309,18947;0,0000254;0,33546;0;9217,18933;0,0795456;0,00000;1;;9217,18933
pmed7v3.10.2.txt;11297,84558;0,0000356;0,41107;0;8006,58626;0,3551996;0,00000;1;;8006,58626
Ran0pmed7v3.10.2.txt;13109,58113;0,0000270;0,64311;0;7978,53860;0,2930775;0,00000;1;;7978,53860
Ran1pmed7v3.10.2.txt;12574,42010;0,0000261;0,61492;0;7786,42040;0,3117669;0,00000;1;;7786,42040
Ran2pmed7v3.10.2.txt;13482,58305;0,0000485;0,69156;0;7970,49157;0,2782521;0,00000;1;;7970,49157
Ran3pmed7v3.10.2.txt;12817,51968;0,0000379;0,60053;0;8008,31024;0,2054673;0,00000;1;;8008,31024
Ran4pmed7v3.10.2.txt;13359,93085;0,0000263;0,69293;0;7891,58626;0,2600385;0,00000;1;;7891,58626
Ran5pmed7v3.10.2.txt;11903,23166;0,0000277;0,49961;0;7937,54101;0,3194113;0,00000;1;;7937,54101
Ran6pmed7v3.10.2.txt;11240,96939;0,0000289;0,42416;0;7893,03199;0,2840286;0,00000;1;;7893,03199
Ran7pmed7v3.10.2.txt;12124,12212;0,0000381;0,51449;0;8005,42622;0,3801098;0,00000;1;;8005,42622
Ran8pmed7v3.10.2.txt;11885,51436;0,0000283;0,51899;0;7824,59915;0,4094891;0,00000;1;;7824,59915
Ran9pmed7v3.10.2.txt;10573,66714;0,0000649;0,32982;0;7951,18229;0,3888375;0,00000;1;;7951,18229
Ran10pmed7v3.10.2.txt;13883,79832;0,0000247;0,73558;0;7999,51264;0,3660229;0,00000;1;;7999,51264
Ran11pmed7v3.10.2.txt;11638,30551;0,0000356;0,47963;0;7865,66572;0,2226154;0,00000;1;;7865,66572
Ran12pmed7v3.10.2.txt;12467,57896;0,0000234;0,56326;0;7975,37496;0,2507841;0,00000;1;;7975,37496
Ran13pmed7v3.10.2.txt;11709,74567;0,0000379;0,48093;0;7907,03578;0,3237024;0,00000;1;;7907,03578
Ran14pmed7v3.10.2.txt;11668,44677;0,0000271;0,47016;0;7936,87171;0,2598453;0,00000;1;;7936,87171
Ran15pmed7v3.10.2.txt;13535,35902;0,0000253;0,70116;0;7956,53860;0,1997260;0,00000;1;;7956,53860
Ran16pmed7v3.10.2.txt;12606,79424;0,0000331;0,59408;0;7908,51117;0,2657759;0,00000;1;;7908,51117
Ran17pmed7v3.10.2.txt;11821,22930;0,0000226;0,49649;0;7899,31513;0,3216283;0,00000;1;;7899,31513
Ran18pmed7v3.10.2.txt;14796,70256;0,0000270;0,90468;0;7768,58626;0,3442316;0,00000;1;;7768,58626
Ran19pmed7v3.10.2.txt;11005,96121;0,0000269;0,36619;0;8055,95576;0,2783992;0,00000;1;;8055,95576
Ran20pmed7v3.10.2.txt;11961,29497;0,0000249;0,51448;0;7897,94444;0,2850268;0,00000;1;;7897,94444
Ran21pmed7v3.10.2.txt;13601,66097;0,0000234;0,72367;0;7891,11934;0,3240185;0,00000;1;;7891,11934
Ran22pmed7v3.10.2.txt;12933,80517;0,0000232;0,64699;0;7852,99194;0,4090183;0,00000;1;;7852,99194
Ran23pmed7v3.10.2.txt;10859,84018;0,0000233;0,35887;0;7991,83592;0,2470240;0,00000;1;;7991,83592
Ran24pmed7v3.10.2.txt;12309,24818;0,0000239;0,58415;0;7770,25385;0,3922137;0,00000;1;;7770,25385
Ran25pmed7v3.10.2.txt;12534,05977;0,0000327;0,53756;0;8151,90793;0,3068511;0,00000;1;;8151,90793
Ran26pmed7v3.10.2.txt;11539,13700;0,0000311;0,43449;0;8044,06308;0,2124125;0,00000;1;;8044,06308
Ran27pmed7v3.10.2.txt;14260,97511;0,0000271;0,81045;0;7877,02363;0,3917724;0,00000;1;;7877,02363
Ran28pmed7v3.10.2.txt;11805,59652;0,0000253;0,48679;0;7940,31403;0,2576866;0,00000;1;;7940,31403
Ran29pmed7v3.10.2.txt;10990,49309;0,0000343;0,36632;0;8043,86690;0,2561340;0,00000;1;;8043,86690
Ran30pmed7v3.10.2.txt;11267,15215;0,0000211;0,42454;0;7909,31048;0,2490086;0,00000;1;;7909,31048
Ran31pmed7v3.10.2.txt;13914,09314;0,0000272;0,72899;0;8047,50927;0,2294739;0,00000;1;;8047,50927
Ran32pmed7v3.10.2.txt;11937,99719;0,0000425;0,52616;0;7822,25507;0,2668282;0,00000;1;;7822,25507
Ran33pmed7v3.10.2.txt;12666,17843;0,0000293;0,59746;0;7928,95956;0,3155423;0,00000;1;;7928,95956
Ran34pmed7v3.10.2.txt;11377,08371;0,0000266;0,44624;0;7866,68026;0,3007658;0,00000;1;;7866,68026
Ran35pmed7v3.10.2.txt;12187,22544;0,0000463;0,55130;0;7856,15577;0,2873808;0,00000;1;;7856,15577
Ran36pmed7v3.10.2.txt;11999,86728;0,0000272;0,49708;0;8015,53778;0,3108669;0,00000;1;;8015,53778
Ran37pmed7v3.10.2.txt;10392,12150;0,0000307;0,31417;0;7907,76569;0,3282186;0,00000;1;;7907,76569
Ran38pmed7v3.10.2.txt;11417,26992;0,0000290;0,40999;0;8097,39648;0,2703896;0,00000;1;;8097,39648
Ran39pmed7v3.10.2.txt;12917,36931;0,0000364;0,62952;0;7927,07819;0,2677476;0,00000;1;;7927,07819
Ran40pmed7v3.10.2.txt;12145,16468;0,0000417;0,54218;0;7875,33570;0,2476279;0,00000;1;;7875,33570
Ran41pmed7v3.10.2.txt;13767,84515;0,0000291;0,73661;0;7928,00296;0,2815990;0,00000;1;;7928,00296
Ran42pmed7v3.10.2.txt;12992,58100;0,0000267;0,66578;0;7799,71133;0,3101242;0,00000;1;;7799,71133
Ran43pmed7v3.10.2.txt;13511,25130;0,0000249;0,68918;0;7998,71133;0,2756703;0,00000;1;;7998,71133
Ran44pmed7v3.10.2.txt;15059,11040;0,0000244;0,88144;0;8004,02066;0,2858515;0,00000;1;;8004,02066
Ran45pmed7v3.10.2.txt;12803,86275;0,0000259;0,61303;0;7937,76569;0,3569083;0,00000;1;;7937,76569
Ran46pmed7v3.10.2.txt;12987,89174;0,0000257;0,65102;0;7866,58626;0,2479810;0,00000;1;;7866,58626
Ran47pmed7v3.10.2.txt;11429,07258;0,0000234;0,44981;0;7883,12510;0,2903326;0,00000;1;;7883,12510
Ran48pmed7v3.10.2.txt;10101,77044;0,0000240;0,25818;0;8028,89322;0,3233716;0,00000;1;;8028,89322
Ran49pmed7v3.10.2.txt;13172,40710;0,0000277;0,62908;0;8085,78859;0,2135836;0,00000;1;;8085,78859
Ran50pmed7v3.10.2.txt;11089,07985;0,0000354;0,40111;0;7914,49636;0,2874963;0,00000;1;;7914,49636
Ran51pmed7v3.10.2.txt;11957,18771;0,0000275;0,49430;0;8001,85034;0,2589215;0,00000;1;;8001,85034
Ran52pmed7v3.10.2.txt;12193,54750;0,0000328;0,52514;0;7995,04694;0,3323288;0,00000;1;;7995,04694
Ran53pmed7v3.10.2.txt;10463,86513;0,0000433;0,31110;0;7980,98292;0,2874676;0,00000;1;;7980,98292
Ran54pmed7v3.10.2.txt;11322,66234;0,0000231;0,40210;0;8075,50927;0,3100058;0,00000;1;;8075,50927
Ran55pmed7v3.10.2.txt;12892,25599;0,0000313;0,61966;0;7959,87171;0,2887242;0,00000;1;;7959,87171
Ran56pmed7v3.10.2.txt;12800,34882;0,0000226;0,60422;0;7979,15664;0,2530235;0,00000;1;;7979,15664
Ran57pmed7v3.10.2.txt;12833,71083;0,0000256;0,61474;0;7947,85260;0,2900296;0,00000;1;;7947,85260
Ran58pmed7v3.10.2.txt;14872,42558;0,0000396;0,88531;0;7888,58626;0,3516840;0,00000;1;;7888,58626
Ran59pmed7v3.10.2.txt;13458,77807;0,0000291;0,69442;0;7942,99041;0,3218843;0,00000;1;;7942,99041
Ran60pmed7v3.10.2.txt;11880,70215;0,0000260;0,49070;0;7969,86687;0,2384597;0,00000;1;;7969,86687
Ran61pmed7v3.10.2.txt;11570,53633;0,0000313;0,47100;0;7865,76569;0,3078255;0,00000;1;;7865,76569
Ran62pmed7v3.10.2.txt;12984,39641;0,0000230;0,57777;0;8229,57340;0,2759296;0,00000;1;;8229,57340
Ran63pmed7v3.10.2.txt;11072,42983;0,0000283;0,38735;0;7981,00176;0,3248219;0,00000;1;;7981,00176
Ran64pmed7v3.10.2.txt;11074,16088;0,0000309;0,36256;0;8127,47080;0,2491013;0,00000;1;;8127,47080
Ran65pmed7v3.10.2.txt;12353,01712;0,0000225;0,55646;0;7936,63434;0,3308337;0,00000;1;;7936,63434
Ran66pmed7v3.10.2.txt;10980,17368;0,0000291;0,36280;0;8057,05693;0,2809973;0,00000;1;;8057,05693
Ran67pmed7v3.10.2.txt;11020,66115;0,0000308;0,39170;0;7918,87171;0,2694197;0,00000;1;;7918,87171
Ran68pmed7v3.10.2.txt;14493,24805;0,0000296;0,80384;0;8034,66572;0,3956098;0,00000;1;;8034,66572
Ran69pmed7v3.10.2.txt;12431,07183;0,0000249;0,55749;0;7981,48999;0,3046517;0,00000;1;;7981,48999
Ran70pmed7v3.10.2.txt;13051,90157;0,0000242;0,67483;0;7792,96984;0,3843008;0,00000;1;;7792,96984
Ran71pmed7v3.10.2.txt;12315,04102;0,0000259;0,54874;0;7951,62811;0,2610606;0,00000;1;;7951,62811
Ran72pmed7v3.10.2.txt;13574,44211;0,0000351;0,71732;0;7904,45370;0,3860270;0,00000;1;;7904,45370
Ran73pmed7v3.10.2.txt;10318,95193;0,0000238;0,29894;0;7944,11407;0,3374011;0,00000;1;;7944,11407
Ran74pmed7v3.10.2.txt;11605,56616;0,0000252;0,44498;0;8031,61772;0,3040432;0,00000;1;;8031,61772
Ran75pmed7v3.10.2.txt;14009,05546;0,0000408;0,79885;0;7787,76569;0,4630456;0,00000;1;;7787,76569
Ran76pmed7v3.10.2.txt;10783,68340;0,0000434;0,37880;0;7821,09134;0,2502974;0,00000;1;;7821,09134
Ran77pmed7v3.10.2.txt;13539,35195;0,0000328;0,73028;0;7824,93767;0,3688458;0,00000;1;;7824,93767
Ran78pmed7v3.10.2.txt;14326,59386;0,0000430;0,80510;0;7936,73748;0,3207672;0,00000;1;;7936,73748
Ran79pmed7v3.10.2.txt;10269,50129;0,0000271;0,25050;0;8212,32054;0,2176428;0,00000;1;;8212,32054
Ran80pmed7v3.10.2.txt;11540,01841;0,0000410;0,44471;0;7987,78536;0,2730686;0,00000;1;;7987,78536
Ran81pmed7v3.10.2.txt;12376,22776;0,0000326;0,55581;0;7954,82596;0,2297208;0,00000;1;;7954,82596
Ran82pmed7v3.10.2.txt;11852,96053;0,0000250;0,49867;0;7908,96687;0,3366905;0,00000;1;;7908,96687
Ran83pmed7v3.10.2.txt;13176,69098;0,0000248;0,68902;0;7801,36110;0,4090660;0,00000;1;;7801,36110
Ran84pmed7v3.10.2.txt;12999,84451;0,0000247;0,62167;0;8016,32333;0,2383881;0,00000;1;;8016,32333
Ran85pmed7v3.10.2.txt;11425,91735;0,0000270;0,45752;0;7839,30957;0,3303600;0,00000;1;;7839,30957
Ran86pmed7v3.10.2.txt;13235,31970;0,0000231;0,67298;0;7911,23355;0,3909612;0,00000;1;;7911,23355
Ran87pmed7v3.10.2.txt;11829,19121;0,0000298;0,49512;0;7911,88322;0,3758266;0,00000;1;;7911,88322
Ran88pmed7v3.10.2.txt;13704,64621;0,0000300;0,73037;0;7920,04585;0,3162043;0,00000;1;;7920,04585
Ran89pmed7v3.10.2.txt;11814,56374;0,0000437;0,50720;0;7838,76569;0,2899129;0,00000;1;;7838,76569
Ran90pmed7v3.10.2.txt;12875,71644;0,0000248;0,63385;0;7880,57971;0,3358428;0,00000;1;;7880,57971
Ran91pmed7v3.10.2.txt;11121,06149;0,0000357;0,40206;0;7931,93767;0,2743201;0,00000;1;;7931,93767
Ran92pmed7v3.10.2.txt;11079,47952;0,0000237;0,38829;0;7980,66572;0,2218848;0,00000;1;;7980,66572
Ran93pmed7v3.10.2.txt;12515,33439;0,0000405;0,60200;0;7812,34176;0,3486005;0,00000;1;;7812,34176
Ran94pmed7v3.10.2.txt;11923,38049;0,0000246;0,49190;0;7992,06402;0,3366320;0,00000;1;;7992,06402
Ran95pmed7v3.10.2.txt;11338,60386;0,0000222;0,43566;0;7897,83491;0,2389602;0,00000;1;;7897,83491
Ran96pmed7v3.10.2.txt;14103,51577;0,0000245;0,78487;0;7901,71133;0,2182142;0,00000;1;;7901,71133
Ran97pmed7v3.10.2.txt;12511,57683;0,0000253;0,57262;0;7955,87171;0,2311215;0,00000;1;;7955,87171
Ran98pmed7v3.10.2.txt;11851,35684;0,0000245;0,47005;0;8061,86254;0,2457714;0,00000;1;;8061,86254
Ran99pmed7v3.10.2.txt;12682,99176;0,0000304;0,60410;0;7906,61168;0,3201446;0,00000;1;;7906,61168
pmed2v3.10.2.txt;7927,54103;0,0000133;0,27660;0;6209,89244;0,0540658;0,00000;1;;6209,89244
Ran0pmed2v3.10.2.txt;9770,89103;0,0000261;0,60269;0;6096,56549;0,0607040;0,00000;1;;6096,56549
Ran1pmed2v3.10.2.txt;9037,78935;0,0000156;0,52218;0;5937,38974;0,0420037;0,00000;1;;5937,38974
Ran2pmed2v3.10.2.txt;9209,32947;0,0000156;0,49846;0;6145,84589;0,0654152;0,00000;1;;6145,84589
Ran3pmed2v3.10.2.txt;9708,11698;0,0000232;0,61730;0;6002,68671;0,0651092;0,00000;1;;6002,68671
Ran4pmed2v3.10.2.txt;7689,06647;0,0000131;0,24815;0;6160,36619;0,0436103;0,00000;1;;6160,36619
Ran5pmed2v3.10.2.txt;9788,44653;0,0000145;0,61342;0;6066,89235;0,0555834;0,00000;1;;6066,89235
Ran6pmed2v3.10.2.txt;8531,51768;0,0000144;0,43577;0;5942,10480;0,0439155;0,00000;1;;5942,10480
Ran7pmed2v3.10.2.txt;9554,96330;0,0000117;0,57977;0;6048,32521;0,0651344;0,00000;1;;6048,32521
Ran8pmed2v3.10.2.txt;8609,97401;0,0000175;0,39370;0;6177,78154;0,0554403;0,00000;1;;6177,78154
Ran9pmed2v3.10.2.txt;10281,02471;0,0000163;0,72591;0;5956,87074;0,0407438;0,00000;1;;5956,87074
Ran10pmed2v3.10.2.txt;8870,52271;0,0000155;0,45536;0;6095,08280;0,0385070;0,00000;1;;6095,08280
Ran11pmed2v3.10.2.txt;9762,14345;0,0000122;0,60436;0;6084,77649;0,0423364;0,00000;1;;6084,77649
Ran12pmed2v3.10.2.txt;10466,25035;0,0000125;0,67373;0;6253,25357;0,0354969;0,00000;1;;6253,25357
Ran13pmed2v3.10.2.txt;9346,82930;0,0000115;0,54262;0;6059,04981;0,0411452;0,00000;1;;6059,04981
Ran14pmed2v3.10.2.txt;9508,20131;0,0000116;0,54819;0;6141,48731;0,0543338;0,00000;1;;6141,48731
Ran15pmed2v3.10.2.txt;9430,30829;0,0000203;0,59027;0;5930,02106;0,0842624;0,00000;1;;5930,02106
Ran16pmed2v3.10.2.txt;8884,07251;0,0000120;0,41428;0;6281,68736;0,0448061;0,00000;1;;6281,68736
Ran17pmed2v3.10.2.txt;11006,59739;0,0000146;0,79541;0;6130,40320;0,0452940;0,00000;1;;6130,40320
Ran18pmed2v3.10.2.txt;10292,12289;0,0000166;0,74070;0;5912,61876;0,0422084;0,00000;1;;5912,61876
Ran19pmed2v3.10.2.txt;9898,54419;0,0000153;0,71641;0;5767,00056;0,0460489;0,00000;1;;5767,00056
Ran20pmed2v3.10.2.txt;8389,45111;0,0000120;0,38384;0;6062,44291;0,0377060;0,00000;1;;6062,44291
Ran21pmed2v3.10.2.txt;8460,32671;0,0000119;0,37726;0;6142,86815;0,0427476;0,00000;1;;6142,86815
Ran22pmed2v3.10.2.txt;9799,77669;0,0000146;0,61234;0;6077,98712;0,0492146;0,00000;1;;6077,98712
Ran23pmed2v3.10.2.txt;10021,11487;0,0000121;0,60037;0;6261,75877;0,0313794;0,00000;1;;6261,75877
Ran24pmed2v3.10.2.txt;8471,74677;0,0000133;0,41181;0;6000,60829;0,0457339;0,00000;1;;6000,60829
Ran25pmed2v3.10.2.txt;10035,20301;0,0000137;0,62691;0;6168,26716;0,0407852;0,00000;1;;6168,26716
Ran26pmed2v3.10.2.txt;11120,32203;0,0000137;0,76862;0;6287,57070;0,0364803;0,00000;1;;6287,57070
Ran27pmed2v3.10.2.txt;8935,39887;0,0000136;0,45773;0;6129,67048;0,0378529;0,00000;1;;6129,67048
Ran28pmed2v3.10.2.txt;8901,20969;0,0000132;0,48691;0;5986,38608;0,0534667;0,00000;1;;5986,38608
Ran29pmed2v3.10.2.txt;8886,28265;0,0000163;0,48289;0;5992,56024;0,0524623;0,00000;1;;5992,56024
Ran30pmed2v3.10.2.txt;8989,88715;0,0000167;0,50517;0;5972,66306;0,0554394;0,00000;1;;5972,66306
Ran31pmed2v3.10.2.txt;10326,80224;0,0000162;0,70357;0;6061,87074;0,0682412;0,00000;1;;6061,87074
Ran32pmed2v3.10.2.txt;9192,50565;0,0000153;0,48449;0;6192,34624;0,0481402;0,00000;1;;6192,34624
Ran33pmed2v3.10.2.txt;9876,76371;0,0000202;0,66150;0;5944,48731;0,0490990;0,00000;1;;5944,48731
Ran34pmed2v3.10.2.txt;8450,83359;0,0000159;0,35448;0;6239,18515;0,0438627;0,00000;1;;6239,18515
Ran35pmed2v3.10.2.txt;9875,93518;0,0000138;0,64015;0;6021,34624;0,0508887;0,00000;1;;6021,34624
Ran36pmed2v3.10.2.txt;9340,86998;0,0000122;0,47589;0;6328,95475;0,0390847;0,00000;1;;6328,95475
Ran37pmed2v3.10.2.txt;9500,61250;0,0000127;0,56882;0;6055,87870;0,0500944;0,00000;1;;6055,87870
Ran38pmed2v3.10.2.txt;10114,80080;0,0000122;0,62785;0;6213,58887;0,0525365;0,00000;1;;6213,58887
Ran39pmed2v3.10.2.txt;9155,70181;0,0000145;0,52814;0;5991,40320;0,0493646;0,00000;1;;5991,40320
Ran40pmed2v3.10.2.txt;8475,39907;0,0000149;0,41284;0;5998,81917;0,0552823;0,00000;1;;5998,81917
Ran41pmed2v3.10.2.txt;9004,65885;0,0000137;0,44835;0;6217,17310;0,0402874;0,00000;1;;6217,17310
Ran42pmed2v3.10.2.txt;8528,29475;0,0000166;0,41556;0;6024,69664;0,0440134;0,00000;1;;6024,69664
Ran43pmed2v3.10.2.txt;8161,07237;0,0000123;0,32120;0;6177,00898;0,0376403;0,00000;1;;6177,00898
Ran44pmed2v3.10.2.txt;9449,16420;0,0000160;0,51758;0;6226,48731;0,0396549;0,00000;1;;6226,48731
Ran45pmed2v3.10.2.txt;10036,68733;0,0000121;0,68337;0;5962,26410;0,0452204;0,00000;1;;5962,26410
Ran46pmed2v3.10.2.txt;9355,81808;0,0000115;0,54219;0;6066,56902;0,0448305;0,00000;1;;6066,56902
Ran47pmed2v3.10.2.txt;8943,32893;0,0000135;0,46035;0;6124,10905;0,0453124;0,00000;1;;6124,10905
Ran48pmed2v3.10.2.txt;9284,00711;0,0000153;0,54416;0;6012,34624;0,0426760;0,00000;1;;6012,34624
Ran49pmed2v3.10.2.txt;8914,30402;0,0000132;0,48229;0;6013,87870;0,0457956;0,00000;1;;6013,87870
Ran50pmed2v3.10.2.txt;9249,78655;0,0000138;0,51114;0;6121,05445;0,0534241;0,00000;1;;6121,05445
Ran51pmed2v3.10.2.txt;9313,51090;0,0000152;0,51689;0;6139,87074;0,0562400;0,00000;1;;6139,87074
Ran52pmed2v3.10.2.txt;10540,50020;0,0000144;0,72643;0;6105,37900;0,0625374;0,00000;1;;6105,37900
Ran53pmed2v3.10.2.txt;8220,83328;0,0000201;0,34037;0;6133,27069;0,0454625;0,00000;1;;6133,27069
Ran54pmed2v3.10.2.txt;7647,06067;0,0000118;0,26667;0;6037,13061;0,0351715;0,00000;1;;6037,13061
Ran55pmed2v3.10.2.txt;9946,61778;0,0000139;0,58711;0;6267,12759;0,0389227;0,00000;1;;6267,12759
Ran56pmed2v3.10.2.txt;11575,43207;0,0000120;0,99540;0;5801,06106;0,0474787;0,00000;1;;5801,06106
Ran57pmed2v3.10.2.txt;8336,58748;0,0000172;0,39977;0;5955,69664;0,0458299;0,00000;1;;5955,69664
Ran58pmed2v3.10.2.txt;8609,87301;0,0000143;0,41733;0;6074,69240;0,0524094;0,00000;1;;6074,69240
Ran59pmed2v3.10.2.txt;9773,48826;0,0000140;0,56360;0;6250,64781;0,0425295;0,00000;1;;6250,64781
Ran60pmed2v3.10.2.txt;8277,41013;0,0000135;0,34683;0;6145,86581;0,0512927;0,00000;1;;6145,86581
Ran61pmed2v3.10.2.txt;9329,04238;0,0000160;0,51901;0;6141,52180;0,0417650;0,00000;1;;6141,52180
Ran62pmed2v3.10.2.txt;8543,71627;0,0000197;0,39359;0;6130,71268;0,0470213;0,00000;1;;6130,71268
Ran63pmed2v3.10.2.txt;8800,15819;0,0000129;0,44813;0;6076,89235;0,0863279;0,00000;1;;6076,89235
Ran64pmed2v3.10.2.txt;9341,01092;0,0000212;0,51182;0;6178,65200;0,0561414;0,00000;1;;6178,65200
Ran65pmed2v3.10.2.txt;8832,69901;0,0000121;0,43866;0;6139,51986;0,0716754;0,00000;1;;6139,51986
Ran66pmed2v3.10.2.txt;10123,78857;0,0000198;0,62600;0;6226,19829;0,0604223;0,00000;1;;6226,19829
Ran67pmed2v3.10.2.txt;9939,00499;0,0000205;0,60920;0;6176,34682;0,0461242;0,00000;1;;6176,34682
Ran68pmed2v3.10.2.txt;9064,13862;0,0000145;0,49948;0;6044,87445;0,0503377;0,00000;1;;6044,87445
Ran69pmed2v3.10.2.txt;9401,41884;0,0000150;0,54470;0;6086,22958;0,0449135;0,00000;1;;6086,22958
Ran70pmed2v3.10.2.txt;10607,70005;0,0000138;0,76376;0;6014,27069;0,0547811;0,00000;1;;6014,27069
Ran71pmed2v3.10.2.txt;9253,38792;0,0000175;0,50359;0;6154,18181;0,0473154;0,00000;1;;6154,18181
Ran72pmed2v3.10.2.txt;8508,23991;0,0000169;0,36859;0;6216,78998;0,0563226;0,00000;1;;6216,78998
Ran73pmed2v3.10.2.txt;9565,52712;0,0000409;0,63293;0;5857,87870;0,0966767;0,00000;1;;5857,87870
Ran74pmed2v3.10.2.txt;9749,60445;0,0000126;0,63234;0;5972,76643;0,0416562;0,00000;1;;5972,76643
Ran75pmed2v3.10.2.txt;9050,88301;0,0000148;0,45952;0;6201,27069;0,0411570;0,00000;1;;6201,27069
Ran76pmed2v3.10.2.txt;9297,51313;0,0000130;0,52023;0;6115,87219;0,0472866;0,00000;1;;6115,87219
Ran77pmed2v3.10.2.txt;9244,38424;0,0000106;0,51377;0;6106,87077;0,0437377;0,00000;1;;6106,87077
Ran78pmed2v3.10.2.txt;10860,45551;0,0000182;0,73289;0;6267,24646;0,0381531;0,00000;1;;6267,24646
Ran79pmed2v3.10.2.txt;9198,04436;0,0000188;0,54983;0;5934,87870;0,0539681;0,00000;1;;5934,87870
Ran80pmed2v3.10.2.txt;8872,96375;0,0000152;0,44586;0;6136,81969;0,0435918;0,00000;1;;6136,81969
Ran81pmed2v3.10.2.txt;9944,40746;0,0000115;0,67296;0;5944,21597;0,0839341;0,00000;1;;5944,21597
Ran82pmed2v3.10.2.txt;9589,99078;0,0000193;0,55398;0;6171,24075;0,0576028;0,00000;1;;6171,24075
Ran83pmed2v3.10.2.txt;9691,98937;0,0000165;0,56861;0;6178,69664;0,0509155;0,00000;1;;6178,69664
Ran84pmed2v3.10.2.txt;9326,14008;0,0000212;0,56029;0;5977,17411;0,0837048;0,00000;1;;5977,17411
Ran85pmed2v3.10.2.txt;8196,27862;0,0000148;0,32198;0;6199,99080;0,0398917;0,00000;1;;6199,99080
Ran86pmed2v3.10.2.txt;8696,13190;0,0000120;0,39626;0;6228,16148;0,0453413;0,00000;1;;6228,16148
Ran87pmed2v3.10.2.txt;8797,08875;0,0000133;0,40300;0;6270,20838;0,0607465;0,00000;1;;6270,20838
Ran88pmed2v3.10.2.txt;8810,11981;0,0000155;0,51470;0;5816,42424;0,0393860;0,00000;1;;5816,42424
Ran89pmed2v3.10.2.txt;8909,30305;0,0000110;0,45940;0;6104,78167;0,0661235;0,00000;1;;6104,78167
Ran90pmed2v3.10.2.txt;10974,31779;0,0000220;0,80735;0;6072,04981;0,0784731;0,00000;1;;6072,04981
Ran91pmed2v3.10.2.txt;9349,07328;0,0000159;0,53358;0;6096,25385;0,0486419;0,00000;1;;6096,25385
Ran92pmed2v3.10.2.txt;9051,31654;0,0000120;0,52542;0;5933,66306;0,0547306;0,00000;1;;5933,66306
Ran93pmed2v3.10.2.txt;8807,66931;0,0000135;0,48001;0;5951,07583;0,0612712;0,00000;1;;5951,07583
Ran94pmed2v3.10.2.txt;8589,68578;0,0000119;0,46861;0;5848,85728;0,0579168;0,00000;1;;5848,85728
Ran95pmed2v3.10.2.txt;10395,48839;0,0000183;0,72831;0;6014,84151;0,0787010;0,00000;1;;6014,84151
Ran96pmed2v3.10.2.txt;9426,29110;0,0000245;0,55053;0;6079,40320;0,0533659;0,00000;1;;6079,40320
Ran97pmed2v3.10.2.txt;8270,15863;0,0000140;0,33657;0;6187,58528;0,0464464;0,00000;1;;6187,58528
Ran98pmed2v3.10.2.txt;8541,79059;0,0000172;0,41675;0;6029,13562;0,0484268;0,00000;1;;6029,13562
Ran99pmed2v3.10.2.txt;9139,54364;0,0000150;0,52265;0;6002,37900;0,0541196;0,00000;1;;6002,37900
pmed3v3.10.2.txt;9770,25498;0,0000119;0,43308;0;6817,66934;0,0674463;0,00000;1;;6817,66934
Ran0pmed3v3.10.2.txt;10894,90630;0,0000156;0,66218;0;6554,57357;0,0834982;0,00000;1;;6554,57357
Ran1pmed3v3.10.2.txt;9553,57408;0,0000187;0,32968;0;7184,89245;0,0479183;0,00000;1;;7184,89245
Ran2pmed3v3.10.2.txt;11758,14835;0,0000147;0,73740;0;6767,67924;0,0723835;0,00000;1;;6767,67924
Ran3pmed3v3.10.2.txt;10846,24959;0,0000248;0,60086;0;6775,28533;0,0730536;0,00000;1;;6775,28533
Ran4pmed3v3.10.2.txt;9202,17011;0,0000189;0,25254;0;7346,83265;0,0471819;0,00000;1;;7346,83265
Ran5pmed3v3.10.2.txt;10620,44538;0,0000201;0,58477;0;6701,55576;0,0704016;0,00000;1;;6701,55576
Ran6pmed3v3.10.2.txt;11065,72626;0,0000216;0,61501;0;6851,80679;0,0615869;0,00000;1;;6851,80679
Ran7pmed3v3.10.2.txt;10749,08853;0,0000150;0,59261;0;6749,37404;0,0883694;0,00000;1;;6749,37404
Ran8pmed3v3.10.2.txt;10479,64008;0,0000208;0,52461;0;6873,63145;0,0710165;0,00000;1;;6873,63145
Ran9pmed3v3.10.2.txt;11219,08686;0,0000171;0,63104;0;6878,49542;0,0553651;0,00000;1;;6878,49542
Ran10pmed3v3.10.2.txt;11416,40353;0,0000169;0,60323;0;7120,87327;0,1007143;0,00000;1;;7120,87327
Ran11pmed3v3.10.2.txt;9617,65756;0,0000180;0,45135;0;6626,69529;0,0798799;0,00000;1;;6626,69529
Ran12pmed3v3.10.2.txt;10432,72656;0,0000227;0,55329;0;6716,55576;0,1225159;0,00000;1;;6716,55576
Ran13pmed3v3.10.2.txt;10432,93309;0,0000139;0,50686;0;6923,63144;0,0623566;0,00000;1;;6923,63144
Ran14pmed3v3.10.2.txt;11548,55259;0,0000122;0,75796;0;6569,29571;0,0662926;0,00000;1;;6569,29571
Ran15pmed3v3.10.2.txt;11259,90883;0,0000131;0,66271;0;6772,02853;0,0451101;0,00000;1;;6772,02853
Ran16pmed3v3.10.2.txt;10124,32183;0,0000148;0,39767;0;7243,69081;0,0730303;0,00000;1;;7243,69081
Ran17pmed3v3.10.2.txt;10153,24149;0,0000237;0,53791;0;6601,95947;0,0930587;0,00000;1;;6601,95947
Ran18pmed3v3.10.2.txt;11832,98010;0,0000134;0,76076;0;6720,36390;0,0631500;0,00000;1;;6720,36390
Ran19pmed3v3.10.2.txt;11264,41260;0,0000129;0,70977;0;6588,25369;0,0640346;0,00000;1;;6588,25369
Ran20pmed3v3.10.2.txt;12008,47716;0,0000126;0,72563;0;6958,89247;0,0612913;0,00000;1;;6958,89247
Ran21pmed3v3.10.2.txt;10718,99177;0,0000136;0,53476;0;6984,14005;0,0490636;0,00000;1;;6984,14005
Ran22pmed3v3.10.2.txt;10118,19221;0,0000140;0,51321;0;6686,57357;0,0674465;0,00000;1;;6686,57357
Ran23pmed3v3.10.2.txt;11137,16993;0,0000143;0,59659;0;6975,61545;0,0602609;0,00000;1;;6975,61545
Ran24pmed3v3.10.2.txt;11555,83523;0,0000181;0,72180;0;6711,46597;0,0894593;0,00000;1;;6711,46597
Ran25pmed3v3.10.2.txt;10521,56113;0,0000142;0,48785;0;7071,66899;0,0544284;0,00000;1;;7071,66899
Ran26pmed3v3.10.2.txt;11250,17738;0,0000203;0,66411;0;6760,49556;0,0551199;0,00000;1;;6760,49556
Ran27pmed3v3.10.2.txt;10918,06977;0,0000128;0,66303;0;6565,18326;0,0701172;0,00000;1;;6565,18326
Ran28pmed3v3.10.2.txt;10642,91865;0,0000154;0,53583;0;6929,76361;0,1048468;0,00000;1;;6929,76361
Ran29pmed3v3.10.2.txt;9974,81611;0,0000156;0,49386;0;6677,19214;0,0504854;0,00000;1;;6677,19214
Ran30pmed3v3.10.2.txt;10685,84769;0,0000133;0,56312;0;6836,24852;0,0862924;0,00000;1;;6836,24852
Ran31pmed3v3.10.2.txt;10336,29359;0,0000136;0,48483;0;6961,25493;0,0713670;0,00000;1;;6961,25493
Ran32pmed3v3.10.2.txt;12391,26372;0,0000173;0,84140;0;6729,24852;0,0579899;0,00000;1;;6729,24852
Ran33pmed3v3.10.2.txt;9233,40958;0,0000195;0,38778;0;6653,38186;0,0612211;0,00000;1;;6653,38186
Ran34pmed3v3.10.2.txt;10464,57287;0,0000209;0,57225;0;6655,81529;0,0750016;0,00000;1;;6655,81529
Ran35pmed3v3.10.2.txt;10909,45248;0,0000124;0,61877;0;6739,35827;0,0533080;0,00000;1;;6739,35827
Ran36pmed3v3.10.2.txt;10895,17421;0,0000128;0,64518;0;6622,46348;0,0580202;0,00000;1;;6622,46348
Ran37pmed3v3.10.2.txt;10433,32542;0,0000144;0,60682;0;6493,14981;0,0771908;0,00000;1;;6493,14981
Ran38pmed3v3.10.2.txt;12080,54496;0,0000132;0,88250;0;6417,27811;0,0652433;0,00000;1;;6417,27811
Ran39pmed3v3.10.2.txt;10412,16275;0,0000126;0,56203;0;6665,79101;0,0591126;0,00000;1;;6665,79101
Ran40pmed3v3.10.2.txt;10994,39322;0,0000197;0,58929;0;6917,81529;0,0947938;0,00000;1;;6917,81529
Ran41pmed3v3.10.2.txt;9621,41707;0,0000135;0,38937;0;6925,04583;0,0435658;0,00000;1;;6925,04583
Ran42pmed3v3.10.2.txt;10009,12079;0,0000122;0,52091;0;6581,00141;0,0577165;0,00000;1;;6581,00141
Ran43pmed3v3.10.2.txt;10520,40593;0,0000138;0,55304;0;6774,07761;0,0603274;0,00000;1;;6774,07761
Ran44pmed3v3.10.2.txt;10196,92305;0,0000167;0,42283;0;7166,63814;0,0378070;0,00000;1;;7166,63814
Ran45pmed3v3.10.2.txt;9980,41714;0,0000158;0,43134;0;6972,79102;0,0561760;0,00000;1;;6972,79102
Ran46pmed3v3.10.2.txt;8888,37383;0,0000130;0,29364;0;6870,81529;0,0518029;0,00000;1;;6870,81529
Ran47pmed3v3.10.2.txt;9874,29843;0,0000193;0,49006;0;6626,79101;0,0532985;0,00000;1;;6626,79101
Ran48pmed3v3.10.2.txt;10043,16634;0,0000158;0,47724;0;6798,59995;0,0486722;0,00000;1;;6798,59995
Ran49pmed3v3.10.2.txt;10358,49544;0,0000139;0,46768;0;7057,74395;0,0570628;0,00000;1;;7057,74395
Ran50pmed3v3.10.2.txt;9481,30083;0,0000110;0,33286;0;7113,48707;0,0541183;0,00000;1;;7113,48707
Ran51pmed3v3.10.2.txt;10336,66332;0,0000267;0,55373;0;6652,79102;0,0533731;0,00000;1;;6652,79102
Ran52pmed3v3.10.2.txt;10630,69238;0,0000115;0,54890;0;6863,38186;0,0618038;0,00000;1;;6863,38186
Ran53pmed3v3.10.2.txt;10929,70550;0,0000123;0,59391;0;6857,15304;0,0621163;0,00000;1;;6857,15304
Ran54pmed3v3.10.2.txt;10981,16675;0,0000116;0,56908;0;6998,49542;0,0683955;0,00000;1;;6998,49542
Ran55pmed3v3.10.2.txt;12659,70217;0,0000125;0,81310;0;6982,33806;0,0512837;0,00000;1;;6982,33806
Ran56pmed3v3.10.2.txt;10298,91335;0,0000143;0,47749;0;6970,55576;0,0731303;0,00000;1;;6970,55576
Ran57pmed3v3.10.2.txt;9870,35219;0,0000149;0,39955;0;7052,50049;0,0423975;0,00000;1;;7052,50049
Ran58pmed3v3.10.2.txt;10763,25333;0,0000109;0,55398;0;6926,23762;0,0506774;0,00000;1;;6926,23762
Ran59pmed3v3.10.2.txt;10419,08977;0,0000168;0,57403;0;6619,38186;0,0523582;0,00000;1;;6619,38186
Ran60pmed3v3.10.2.txt;10106,39147;0,0000131;0,47972;0;6829,91310;0,0641613;0,00000;1;;6829,91310
Ran61pmed3v3.10.2.txt;10250,88062;0,0000155;0,52638;0;6715,80679;0,0615835;0,00000;1;;6715,80679
Ran62pmed3v3.10.2.txt;10822,67572;0,0000138;0,59144;0;6800,55063;0,0510325;0,00000;1;;6800,55063
Ran63pmed3v3.10.2.txt;9972,92198;0,0000133;0,41260;0;7059,97662;0,0526061;0,00000;1;;7059,97662
Ran64pmed3v3.10.2.txt;10133,85314;0,0000216;0,44008;0;7037,01126;0,0584136;0,00000;1;;7037,01126
Ran65pmed3v3.10.2.txt;10307,99112;0,0000192;0,60301;0;6430,40400;0,0741062;0,00000;1;;6430,40400
Ran66pmed3v3.10.2.txt;11423,67995;0,0000141;0,62047;0;7049,63038;0,0580090;0,00000;1;;7049,63038
Ran67pmed3v3.10.2.txt;13791,31033;0,0000181;1,07498;0;6646,47785;0,0751054;0,00000;1;;6646,47785
Ran68pmed3v3.10.2.txt;10186,66541;0,0000144;0,44562;0;7046,55141;0,0648226;0,00000;1;;7046,55141
Ran69pmed3v3.10.2.txt;10263,77574;0,0000143;0,46881;0;6987,80688;0,0446981;0,00000;1;;6987,80688
Ran70pmed3v3.10.2.txt;9639,87609;0,0000157;0,40233;0;6874,19981;0,0558099;0,00000;1;;6874,19981
Ran71pmed3v3.10.2.txt;10693,95079;0,0000134;0,57191;0;6803,17691;0,0682528;0,00000;1;;6803,17691
Ran72pmed3v3.10.2.txt;9308,37089;0,0000130;0,33339;0;6980,97470;0,0586185;0,00000;1;;6980,97470
Ran73pmed3v3.10.2.txt;11446,90347;0,0000309;0,68041;0;6811,98788;0,0584678;0,00000;1;;6811,98788
Ran74pmed3v3.10.2.txt;10142,64606;0,0000127;0,50829;0;6724,58934;0,0813088;0,00000;1;;6724,58934
Ran75pmed3v3.10.2.txt;9944,75165;0,0000133;0,46314;0;6796,85725;0,0645781;0,00000;1;;6796,85725
Ran76pmed3v3.10.2.txt;10473,19287;0,0000123;0,53110;0;6840,31852;0,0508134;0,00000;1;;6840,31852
Ran77pmed3v3.10.2.txt;10734,70230;0,0000144;0,56488;0;6859,75092;0,0898678;0,00000;1;;6859,75092
Ran78pmed3v3.10.2.txt;10381,40265;0,0000161;0,61958;0;6409,92537;0,0619615;0,00000;1;;6409,92537
Ran79pmed3v3.10.2.txt;10417,65382;0,0000142;0,51584;0;6872,54174;0,0733418;0,00000;1;;6872,54174
Ran80pmed3v3.10.2.txt;10998,58920;0,0000189;0,62426;0;6771,45171;0,0602766;0,00000;1;;6771,45171
Ran81pmed3v3.10.2.txt;11693,32974;0,0000228;0,73985;0;6720,89477;0,0935039;0,00000;1;;6720,89477
Ran82pmed3v3.10.2.txt;11223,09139;0,0000150;0,59085;0;7054,79487;0,0520063;0,00000;1;;7054,79487
Ran83pmed3v3.10.2.txt;8956,23153;0,0000131;0,26652;0;7071,51329;0,0407500;0,00000;1;;7071,51329
Ran84pmed3v3.10.2.txt;11580,17064;0,0000176;0,79586;0;6448,24852;0,0758454;0,00000;1;;6448,24852
Ran85pmed3v3.10.2.txt;10101,91724;0,0000134;0,49741;0;6746,24852;0,0594163;0,00000;1;;6746,24852
Ran86pmed3v3.10.2.txt;10790,66723;0,0000131;0,60085;0;6740,60008;0,0510903;0,00000;1;;6740,60008
Ran87pmed3v3.10.2.txt;10366,18494;0,0000145;0,53007;0;6774,98788;0,0620291;0,00000;1;;6774,98788
Ran88pmed3v3.10.2.txt;11250,31324;0,0000160;0,72109;0;6536,72582;0,0546774;0,00000;1;;6536,72582
Ran89pmed3v3.10.2.txt;9590,29406;0,0000132;0,41347;0;6784,91928;0,0613626;0,00000;1;;6784,91928
Ran90pmed3v3.10.2.txt;9211,05094;0,0000135;0,38951;0;6628,97470;0,0567243;0,00000;1;;6628,97470
Ran91pmed3v3.10.2.txt;10699,17218;0,0000118;0,51876;0;7044,68381;0,0510324;0,00000;1;;7044,68381
Ran92pmed3v3.10.2.txt;10000,53157;0,0000131;0,48771;0;6722,09018;0,0577427;0,00000;1;;6722,09018
Ran93pmed3v3.10.2.txt;10268,24370;0,0000134;0,48727;0;6904,10204;0,0527523;0,00000;1;;6904,10204
Ran94pmed3v3.10.2.txt;11079,30140;0,0000157;0,59382;0;6951,40525;0,0561750;0,00000;1;;6951,40525
Ran95pmed3v3.10.2.txt;10076,66295;0,0000223;0,49566;0;6737,26478;0,0680438;0,00000;1;;6737,26478
Ran96pmed3v3.10.2.txt;9704,63243;0,0000237;0,42417;0;6814,24852;0,1102368;0,00000;1;;6814,24852
Ran97pmed3v3.10.2.txt;11174,68419;0,0000168;0,58366;0;7056,24440;0,0637834;0,00000;1;;7056,24440
Ran98pmed3v3.10.2.txt;11446,54266;0,0000188;0,70683;0;6706,30481;0,0873592;0,00000;1;;6706,30481
Ran99pmed3v3.10.2.txt;10910,49789;0,0000156;0,66164;0;6566,09386;0,0591742;0,00000;1;;6566,09386
pmed4v3.10.2.txt;8259,25491;0,0000168;0,31409;0;6285,17472;0,1254831;0,00000;1;;6285,17472
Ran0pmed4v3.10.2.txt;10710,99181;0,0000287;0,61388;0;6636,78655;0,2062577;0,00000;1;;6636,78655
Ran1pmed4v3.10.2.txt;10972,87474;0,0000421;0,54064;0;7122,28827;0,1148825;0,00000;1;;7122,28827
Ran2pmed4v3.10.2.txt;10400,00622;0,0000186;0,52013;0;6841,51586;0,1786945;0,00000;1;;6841,51586
Ran3pmed4v3.10.2.txt;10234,12764;0,0000373;0,53684;0;6659,20429;0,2498700;0,00000;1;;6659,20429
Ran4pmed4v3.10.2.txt;10005,01259;0,0000172;0,44677;0;6915,41805;0,1367374;0,00000;1;;6915,41805
Ran5pmed4v3.10.2.txt;9502,50413;0,0000166;0,40862;0;6745,94381;0,1455875;0,00000;1;;6745,94381
Ran6pmed4v3.10.2.txt;10324,48387;0,0000253;0,47793;0;6985,77634;0,1871851;0,00000;1;;6985,77634
Ran7pmed4v3.10.2.txt;9651,10748;0,0000409;0,46416;0;6591,55011;0,1883412;0,00000;1;;6591,55011
Ran8pmed4v3.10.2.txt;11517,93905;0,0000329;0,71847;0;6702,43785;0,1136265;0,00000;1;;6702,43785
Ran9pmed4v3.10.2.txt;9964,27366;0,0000456;0,40767;0;7078,54343;0,1200784;0,00000;1;;7078,54343
Ran10pmed4v3.10.2.txt;10338,47915;0,0000543;0,48187;0;6976,64600;0,1433310;0,00000;1;;6976,64600
Ran11pmed4v3.10.2.txt;10112,18044;0,0000212;0,55926;0;6485,23019;0,1991164;0,00000;1;;6485,23019
Ran12pmed4v3.10.2.txt;10441,63672;0,0000239;0,47707;0;7069,15777;0,1438511;0,00000;1;;7069,15777
Ran13pmed4v3.10.2.txt;10541,02214;0,0000332;0,47745;0;7134,59906;0,1296033;0,00000;1;;7134,59906
Ran14pmed4v3.10.2.txt;10287,75924;0,0000231;0,60070;0;6427,05254;0,1234365;0,00000;1;;6427,05254
Ran15pmed4v3.10.2.txt;11141,38992;0,0000190;0,74596;0;6381,22617;0,1288032;0,00000;1;;6381,22617
Ran16pmed4v3.10.2.txt;9622,33339;0,0000178;0,43728;0;6694,80983;0,1081805;0,00000;1;;6694,80983
Ran17pmed4v3.10.2.txt;10785,28937;0,0000271;0,59757;0;6751,07192;0,2064115;0,00000;1;;6751,07192
Ran18pmed4v3.10.2.txt;10389,28143;0,0000183;0,51810;0;6843,60956;0,1075860;0,00000;1;;6843,60956
Ran19pmed4v3.10.2.txt;10267,19509;0,0000181;0,52196;0;6746,02159;0,1951978;0,00000;1;;6746,02159
Ran20pmed4v3.10.2.txt;11205,64678;0,0000237;0,63106;0;6870,17698;0,1163768;0,00000;1;;6870,17698
Ran21pmed4v3.10.2.txt;10307,37035;0,0000176;0,47987;0;6965,03657;0,1238936;0,00000;1;;6965,03657
Ran22pmed4v3.10.2.txt;10186,85993;0,0000198;0,52627;0;6674,35594;0,1333836;0,00000;1;;6674,35594
Ran23pmed4v3.10.2.txt;12121,11780;0,0000188;0,77408;0;6832,33601;0,1672814;0,00000;1;;6832,33601
Ran24pmed4v3.10.2.txt;9621,41177;0,0000186;0,45250;0;6624,02569;0,1904682;0,00000;1;;6624,02569
Ran25pmed4v3.10.2.txt;11534,47153;0,0000261;0,70614;0;6760,56026;0,1382314;0,00000;1;;6760,56026
Ran26pmed4v3.10.2.txt;10886,42720;0,0000182;0,69334;0;6428,98416;0,1955734;0,00000;1;;6428,98416
Ran27pmed4v3.10.2.txt;10411,58954;0,0000192;0,61513;0;6446,28217;0,2093494;0,00000;1;;6446,28217
Ran28pmed4v3.10.2.txt;10213,42558;0,0000207;0,50037;0;6807,25106;0,1450928;0,00000;1;;6807,25106
Ran29pmed4v3.10.2.txt;10782,85506;0,0000188;0,54733;0;6968,66464;0,1158042;0,00000;1;;6968,66464
Ran30pmed4v3.10.2.txt;9618,28572;0,0000238;0,33126;0;7224,93812;0,1159849;0,00000;1;;7224,93812
Ran31pmed4v3.10.2.txt;10526,66183;0,0000188;0,62074;0;6494,98897;0,1426782;0,00000;1;;6494,98897
Ran32pmed4v3.10.2.txt;11098,59383;0,0000193;0,52905;0;7258,47738;0,1208581;0,00000;1;;7258,47738
Ran33pmed4v3.10.2.txt;10415,92149;0,0000187;0,52657;0;6823,09097;0,1152270;0,00000;1;;6823,09097
Ran34pmed4v3.10.2.txt;10290,46722;0,0000232;0,38977;0;7404,43948;0,0934657;0,00000;1;;7404,43948
Ran35pmed4v3.10.2.txt;10022,24482;0,0000185;0,45790;0;6874,44848;0,1856184;0,00000;1;;6874,44848
Ran36pmed4v3.10.2.txt;9689,30445;0,0000176;0,41214;0;6861,43291;0,1308084;0,00000;1;;6861,43291
Ran37pmed4v3.10.2.txt;10199,92965;0,0000281;0,60397;0;6359,18694;0,2111185;0,00000;1;;6359,18694
Ran38pmed4v3.10.2.txt;10246,56067;0,0000245;0,50706;0;6799,05107;0,2196628;0,00000;1;;6799,05107
Ran39pmed4v3.10.2.txt;10843,78443;0,0000181;0,66208;0;6524,21784;0,1351895;0,00000;1;;6524,21784
Ran40pmed4v3.10.2.txt;9898,29341;0,0000191;0,41065;0;7016,82039;0,1208905;0,00000;1;;7016,82039
Ran41pmed4v3.10.2.txt;10762,10246;0,0000162;0,51775;0;7090,84507;0,1284879;0,00000;1;;7090,84507
Ran42pmed4v3.10.2.txt;10153,80475;0,0000190;0,61542;0;6285,53502;0,2113677;0,00000;1;;6285,53502
Ran43pmed4v3.10.2.txt;13126,13375;0,0000198;0,94400;0;6752,12908;0,1905729;0,00000;1;;6752,12908
Ran44pmed4v3.10.2.txt;11668,37680;0,0000317;0,78653;0;6531,29289;0,1393634;0,00000;1;;6531,29289
Ran45pmed4v3.10.2.txt;11139,94131;0,0000212;0,57507;0;7072,68509;0,1099816;0,00000;1;;7072,68509
Ran46pmed4v3.10.2.txt;11017,68989;0,0000233;0,65943;0;6639,43822;0,2219512;0,00000;1;;6639,43822
Ran47pmed4v3.10.2.txt;10349,60526;0,0000223;0,56221;0;6624,97361;0,1045400;0,00000;1;;6624,97361
Ran48pmed4v3.10.2.txt;10066,53862;0,0000185;0,41108;0;7133,94525;0,1095924;0,00000;1;;7133,94525
Ran49pmed4v3.10.2.txt;10964,91635;0,0000231;0,46626;0;7478,14138;0,1517915;0,00000;1;;7478,14138
Ran50pmed4v3.10.2.txt;9973,23110;0,0000316;0,45722;0;6843,99836;0,1508671;0,00000;1;;6843,99836
Ran51pmed4v3.10.2.txt;10842,89237;0,0000222;0,60810;0;6742,68065;0,1089012;0,00000;1;;6742,68065
Ran52pmed4v3.10.2.txt;11359,99817;0,0000247;0,62107;0;7007,71181;0,1210276;0,00000;1;;7007,71181
Ran53pmed4v3.10.2.txt;10639,62515;0,0000220;0,57954;0;6735,91977;0,1546813;0,00000;1;;6735,91977
Ran54pmed4v3.10.2.txt;11210,83224;0,0000314;0,66444;0;6735,51242;0,1981836;0,00000;1;;6735,51242
Ran55pmed4v3.10.2.txt;9604,03075;0,0000193;0,40943;0;6814,13702;0,1921074;0,00000;1;;6814,13702
Ran56pmed4v3.10.2.txt;11338,76040;0,0000201;0,58130;0;7170,52141;0,1230318;0,00000;1;;7170,52141
Ran57pmed4v3.10.2.txt;10397,87994;0,0000213;0,59260;0;6528,86365;0,1678119;0,00000;1;;6528,86365
Ran58pmed4v3.10.2.txt;11131,73684;0,0000184;0,75912;0;6328,02091;0,1529819;0,00000;1;;6328,02091
Ran59pmed4v3.10.2.txt;10676,98473;0,0000191;0,66097;0;6428,18098;0,2174173;0,00000;1;;6428,18098
Ran60pmed4v3.10.2.txt;10012,72526;0,0000246;0,52628;0;6560,20472;0,1483413;0,00000;1;;6560,20472
Ran61pmed4v3.10.2.txt;10600,78973;0,0000169;0,55489;0;6817,71562;0,1212062;0,00000;1;;6817,71562
Ran62pmed4v3.10.2.txt;10861,21721;0,0000259;0,74730;0;6216,01155;0,1430412;0,00000;1;;6216,01155
Ran63pmed4v3.10.2.txt;9676,82249;0,0000255;0,53384;0;6308,90660;0,2557348;0,00000;1;;6308,90660
Ran64pmed4v3.10.2.txt;11484,03356;0,0000308;0,58145;0;7261,70828;0,2251371;0,00000;1;;7261,70828
Ran65pmed4v3.10.2.txt;11090,31441;0,0000272;0,60127;0;6925,94557;0,1580447;0,00000;1;;6925,94557
Ran66pmed4v3.10.2.txt;10873,64450;0,0000209;0,67081;0;6508,00272;0,1371416;0,00000;1;;6508,00272
Ran67pmed4v3.10.2.txt;10592,01842;0,0000184;0,65570;0;6397,29994;0,1580086;0,00000;1;;6397,29994
Ran68pmed4v3.10.2.txt;11179,88291;0,0000208;0,78292;0;6270,55134;0,3291920;0,00000;1;;6270,55134
Ran69pmed4v3.10.2.txt;10239,43295;0,0000238;0,54551;0;6625,26665;0,1615851;0,00000;1;;6625,26665
Ran70pmed4v3.10.2.txt;10434,79490;0,0000179;0,46668;0;7114,56919;0,1174560;0,00000;1;;7114,56919
Ran71pmed4v3.10.2.txt;10823,77680;0,0000233;0,62668;0;6653,90702;0,1610485;0,00000;1;;6653,90702
Ran72pmed4v3.10.2.txt;10061,34569;0,0000174;0,42646;0;7053,38956;0,1344107;0,00000;1;;7053,38956
Ran73pmed4v3.10.2.txt;10305,86407;0,0000193;0,45240;0;7095,74804;0,1604483;0,00000;1;;7095,74804
Ran74pmed4v3.10.2.txt;10560,69268;0,0000723;0,57530;0;6703,94551;0,1777936;0,00000;1;;6703,94551
Ran75pmed4v3.10.2.txt;10230,31120;0,0000305;0,57864;0;6480,47796;0,2152508;0,00000;1;;6480,47796
Ran76pmed4v3.10.2.txt;10520,00910;0,0000224;0,66923;0;6302,30856;0,2324781;0,00000;1;;6302,30856
Ran77pmed4v3.10.2.txt;12610,48710;0,0000180;0,78599;0;7060,80029;0,1179873;0,00000;1;;7060,80029
Ran78pmed4v3.10.2.txt;10657,29856;0,0000173;0,61291;0;6607,48085;0,1577524;0,00000;1;;6607,48085
Ran79pmed4v3.10.2.txt;10546,57606;0,0000206;0,59652;0;6605,96614;0,1280865;0,00000;1;;6605,96614
Ran80pmed4v3.10.2.txt;9831,98703;0,0000266;0,44446;0;6806,66382;0,2275333;0,00000;1;;6806,66382
Ran81pmed4v3.10.2.txt;11388,88341;0,0000293;0,76234;0;6462,38241;0,2125921;0,00000;1;;6462,38241
Ran82pmed4v3.10.2.txt;10802,98721;0,0000478;0,55220;0;6959,79230;0,1300199;0,00000;1;;6959,79230
Ran83pmed4v3.10.2.txt;10794,46002;0,0000202;0,69551;0;6366,50936;0,2046778;0,00000;1;;6366,50936
Ran84pmed4v3.10.2.txt;10615,32206;0,0000223;0,49041;0;7122,42689;0,1090465;0,00000;1;;7122,42689
Ran85pmed4v3.10.2.txt;10979,27328;0,0000210;0,62111;0;6772,70301;0,2540736;0,00000;1;;6772,70301
Ran86pmed4v3.10.2.txt;12017,11730;0,0000215;0,80500;0;6657,69968;0,2627813;0,00000;1;;6657,69968
Ran87pmed4v3.10.2.txt;11147,90814;0,0000244;0,52954;0;7288,42496;0,1140185;0,00000;1;;7288,42496
Ran88pmed4v3.10.2.txt;12110,18870;0,0000261;0,86900;0;6479,49746;0,2816696;0,00000;1;;6479,49746
Ran89pmed4v3.10.2.txt;10828,81403;0,0000348;0,59444;0;6791,59091;0,1498044;0,00000;1;;6791,59091
Ran90pmed4v3.10.2.txt;10234,63662;0,0000264;0,48509;0;6891,58580;0,1848107;0,00000;1;;6891,58580
Ran91pmed4v3.10.2.txt;10809,24010;0,0000355;0,73493;0;6230,35703;0,1831753;0,00000;1;;6230,35703
Ran92pmed4v3.10.2.txt;11145,68843;0,0000265;0,69001;0;6595,04076;0,1836115;0,00000;1;;6595,04076
Ran93pmed4v3.10.2.txt;11163,52964;0,0000329;0,67381;0;6669,52490;0,1631064;0,00000;1;;6669,52490
Ran94pmed4v3.10.2.txt;11679,16235;0,0000209;0,65056;0;7075,87332;0,1139470;0,00000;1;;7075,87332
Ran95pmed4v3.10.2.txt;10100,87566;0,0000198;0,52014;0;6644,70139;0,2054358;0,00000;1;;6644,70139
Ran96pmed4v3.10.2.txt;9932,79635;0,0000266;0,48991;0;6666,69354;0,1221012;0,00000;1;;6666,69354
Ran97pmed4v3.10.2.txt;10599,97310;0,0000223;0,43351;0;7394,42912;0,1197758;0,00000;1;;7394,42912
Ran98pmed4v3.10.2.txt;11562,56739;0,0000193;0,70984;0;6762,35955;0,1463547;0,00000;1;;6762,35955
Ran99pmed4v3.10.2.txt;11000,29674;0,0000277;0,70381;0;6456,27742;0,1478541;0,00000;1;;6456,27742
pmed5v3.10.2.txt;5025,98232;0,0000221;0,13724;0;4419,46421;0,2715966;0,00000;1;;4419,46421
Ran0pmed5v3.10.2.txt;9261,56489;0,0000386;0,59563;0;5804,33464;0,2375327;0,00000;1;;5804,33464
Ran1pmed5v3.10.2.txt;9726,61143;0,0000235;0,83010;0;5314,80820;0,3884851;0,00000;1;;5314,80820
Ran2pmed5v3.10.2.txt;9262,77760;0,0000268;0,57271;0;5889,67382;0,2304183;0,00000;1;;5889,67382
Ran3pmed5v3.10.2.txt;8876,44898;0,0000211;0,81935;0;4878,90693;0,2903555;0,00000;1;;4878,90693
Ran4pmed5v3.10.2.txt;8906,11911;0,0000278;0,53532;0;5800,81301;0,2290940;0,00000;1;;5800,81301
Ran5pmed5v3.10.2.txt;9420,99132;0,0000365;0,82885;0;5151,31228;0,3517625;0,00000;1;;5151,31228
Ran6pmed5v3.10.2.txt;9054,92646;0,0000256;0,89741;0;4772,24732;0,2444954;0,00000;1;;4772,24732
Ran7pmed5v3.10.2.txt;8902,06111;0,0000255;0,62303;0;5484,82449;0,3126277;0,00000;1;;5484,82449
Ran8pmed5v3.10.2.txt;8815,58604;0,0000368;0,67601;0;5259,86654;0,2623495;0,00000;1;;5259,86654
Ran9pmed5v3.10.2.txt;9404,26816;0,0000213;0,81753;0;5174,20371;0,3858894;0,00000;1;;5174,20371
Ran10pmed5v3.10.2.txt;9138,95537;0,0000223;0,93167;0;4731,12290;0,4785767;0,00000;1;;4731,12290
Ran11pmed5v3.10.2.txt;9491,35844;0,0000236;0,74762;0;5431,01446;0,2862522;0,00000;1;;5431,01446
Ran12pmed5v3.10.2.txt;9095,82009;0,0000253;0,82402;0;4986,69869;0,2837326;0,00000;1;;4986,69869
Ran13pmed5v3.10.2.txt;8783,34786;0,0000229;0,74970;0;5019,90293;0,2517061;0,00000;1;;5019,90293
Ran14pmed5v3.10.2.txt;8376,86937;0,0000282;0,75506;0;4772,96880;0,2441248;0,00000;1;;4772,96880
Ran15pmed5v3.10.2.txt;8712,83396;0,0000221;0,46486;0;5947,88339;0,2636677;0,00000;1;;5947,88339
Ran16pmed5v3.10.2.txt;9005,11038;0,0000477;0,77148;0;5083,37352;0,4488317;0,00000;1;;5083,37352
Ran17pmed5v3.10.2.txt;9288,94519;0,0000387;0,87120;0;4964,17005;0,2729559;0,00000;1;;4964,17005
Ran18pmed5v3.10.2.txt;9452,62670;0,0000225;0,61630;0;5848,29776;0,2254986;0,00000;1;;5848,29776
Ran19pmed5v3.10.2.txt;8530,54664;0,0000254;0,69474;0;5033,55149;0,3456317;0,00000;1;;5033,55149
Ran20pmed5v3.10.2.txt;9686,76337;0,0000206;0,87699;0;5160,79860;0,3129260;0,00000;1;;5160,79860
Ran21pmed5v3.10.2.txt;8694,81323;0,0000212;0,62478;0;5351,36454;0,2481249;0,00000;1;;5351,36454
Ran22pmed5v3.10.2.txt;8762,87554;0,0000241;0,50601;0;5818,61784;0,1896363;0,00000;1;;5818,61784
Ran23pmed5v3.10.2.txt;9422,63515;0,0000253;0,81867;0;5181,05397;0,3044118;0,00000;1;;5181,05397
Ran24pmed5v3.10.2.txt;9042,36964;0,0000265;0,94465;0;4649,87034;0,3707751;0,00000;1;;4649,87034
Ran25pmed5v3.10.2.txt;9000,27433;0,0000363;0,76806;0;5090,46693;0,2920560;0,00000;1;;5090,46693
Ran26pmed5v3.10.2.txt;9398,42681;0,0000391;0,76387;0;5328,29547;0,2751129;0,00000;1;;5328,29547
Ran27pmed5v3.10.2.txt;9139,14393;0,0000230;0,60313;0;5700,81257;0,3119581;0,00000;1;;5700,81257
Ran28pmed5v3.10.2.txt;9471,59851;0,0000238;0,64591;0;5754,64368;0,2451193;0,00000;1;;5754,64368
Ran29pmed5v3.10.2.txt;8302,26496;0,0000227;0,81785;0;4567,08377;0,3592787;0,00000;1;;4567,08377
Ran30pmed5v3.10.2.txt;9232,56114;0,0000298;0,85734;0;4970,86300;0,3751155;0,00000;1;;4970,86300
Ran31pmed5v3.10.2.txt;9246,87802;0,0000324;0,60450;0;5763,07730;0,3451790;0,00000;1;;5763,07730
Ran32pmed5v3.10.2.txt;9244,39466;0,0000319;0,81341;0;5097,80320;0,2742325;0,00000;1;;5097,80320
Ran33pmed5v3.10.2.txt;8864,90821;0,0000276;0,76467;0;5023,55985;0,2429693;0,00000;1;;5023,55985
Ran34pmed5v3.10.2.txt;8564,22757;0,0000251;0,66437;0;5145,61371;0,3595285;0,00000;1;;5145,61371
Ran35pmed5v3.10.2.txt;9383,34816;0,0000214;0,80898;0;5187,09274;0,3416477;0,00000;1;;5187,09274
Ran36pmed5v3.10.2.txt;8898,44858;0,0000232;0,62685;0;5469,75764;0,2480694;0,00000;1;;5469,75764
Ran37pmed5v3.10.2.txt;9285,53214;0,0000491;0,76583;0;5258,46320;0,4349064;0,00000;1;;5258,46320
Ran38pmed5v3.10.2.txt;9087,55472;0,0000216;0,77377;0;5123,29541;0,3079200;0,00000;1;;5123,29541
Ran39pmed5v3.10.2.txt;9536,62868;0,0000320;0,97216;0;4835,61431;0,3639972;0,00000;1;;4835,61431
Ran40pmed5v3.10.2.txt;9338,31804;0,0000250;0,79979;0;5188,55472;0,3472548;0,00000;1;;5188,55472
Ran41pmed5v3.10.2.txt;9263,32305;0,0000251;0,78401;0;5192,41684;0,2752604;0,00000;1;;5192,41684
Ran42pmed5v3.10.2.txt;8966,00479;0,0000260;0,68008;0;5336,64777;0,4106192;0,00000;1;;5336,64777
Ran43pmed5v3.10.2.txt;9170,14021;0,0000604;0,71791;0;5337,95599;0,2473544;0,00000;1;;5337,95599
Ran44pmed5v3.10.2.txt;8691,43560;0,0000223;0,51347;0;5742,73316;0,1841400;0,00000;1;;5742,73316
Ran45pmed5v3.10.2.txt;9305,95627;0,0000256;0,81032;0;5140,50521;0,3247251;0,00000;1;;5140,50521
Ran46pmed5v3.10.2.txt;9394,05465;0,0000236;0,72336;0;5451,00884;0,2437522;0,00000;1;;5451,00884
Ran47pmed5v3.10.2.txt;8975,43141;0,0000243;0,47960;0;6066,11253;0,1704349;0,00000;1;;6066,11253
Ran48pmed5v3.10.2.txt;8490,16901;0,0000238;0,33156;0;6376,12305;0,1982924;0,00000;1;;6376,12305
Ran49pmed5v3.10.2.txt;9675,82745;0,0000301;0,85165;0;5225,51328;0,2697409;0,00000;1;;5225,51328
Ran50pmed5v3.10.2.txt;8653,90666;0,0000247;0,31039;0;6604,09430;0,2124418;0,00000;1;;6604,09430
Ran51pmed5v3.10.2.txt;9226,90268;0,0000552;0,79852;0;5130,27280;0,2963578;0,00000;1;;5130,27280
Ran52pmed5v3.10.2.txt;9184,25609;0,0000254;0,58521;0;5793,70313;0,2279774;0,00000;1;;5793,70313
Ran53pmed5v3.10.2.txt;9218,97164;0,0000244;0,73251;0;5321,17063;0,2451798;0,00000;1;;5321,17063
Ran54pmed5v3.10.2.txt;9622,62934;0,0000242;0,82051;0;5285,67182;0,3461819;0,00000;1;;5285,67182
Ran55pmed5v3.10.2.txt;8648,60342;0,0000218;0,75140;0;4938,10772;0,3009158;0,00000;1;;4938,10772
Ran56pmed5v3.10.2.txt;9093,99266;0,0000259;0,48405;0;6127,80073;0,1644414;0,00000;1;;6127,80073
Ran57pmed5v3.10.2.txt;9175,49773;0,0000284;0,86330;0;4924,31560;0,2479545;0,00000;1;;4924,31560
Ran58pmed5v3.10.2.txt;8780,19637;0,0000242;0,37071;0;6405,58222;0,3500102;0,00000;1;;6405,58222
Ran59pmed5v3.10.2.txt;9367,37098;0,0000267;0,71806;0;5452,29743;0,2748001;0,00000;1;;5452,29743
Ran60pmed5v3.10.2.txt;9688,49724;0,0000252;0,94274;0;4987,02533;0,2851843;0,00000;1;;4987,02533
Ran61pmed5v3.10.2.txt;9328,26424;0,0000266;0,86174;0;5010,50163;0,4266589;0,00000;1;;5010,50163
Ran62pmed5v3.10.2.txt;8440,84112;0,0000226;0,62453;0;5195,85453;0,3966663;0,00000;1;;5195,85453
Ran63pmed5v3.10.2.txt;10051,21113;0,0000242;1,08738;0;4815,22684;0,4919411;0,00000;1;;4815,22684
Ran64pmed5v3.10.2.txt;8735,21712;0,0000294;0,77195;0;4929,72721;0,3505872;0,00000;1;;4929,72721
Ran65pmed5v3.10.2.txt;8588,19530;0,0000243;0,50176;0;5718,76335;0,2282789;0,00000;1;;5718,76335
Ran66pmed5v3.10.2.txt;9698,44382;0,0000265;0,83792;0;5276,85962;0,2480202;0,00000;1;;5276,85962
Ran67pmed5v3.10.2.txt;9072,58475;0,0000247;0,59258;0;5696,77494;0,3302607;0,00000;1;;5696,77494
Ran68pmed5v3.10.2.txt;8663,60263;0,0000204;0,52891;0;5666,51934;0,2543120;0,00000;1;;5666,51934
Ran69pmed5v3.10.2.txt;9004,65122;0,0000357;0,77778;0;5065,09628;0,4655129;0,00000;1;;5065,09628
Ran70pmed5v3.10.2.txt;9182,63077;0,0000300;0,68894;0;5436,90642;0,2961689;0,00000;1;;5436,90642
Ran71pmed5v3.10.2.txt;8151,57898;0,0000276;0,58262;0;5150,67487;0,3964460;0,00000;1;;5150,67487
Ran72pmed5v3.10.2.txt;8616,58086;0,0000224;0,53654;0;5607,77971;0,3539950;0,00000;1;;5607,77971
Ran73pmed5v3.10.2.txt;9304,17663;0,0000244;0,53428;0;6064,21622;0,2365459;0,00000;1;;6064,21622
Ran74pmed5v3.10.2.txt;9173,85154;0,0000256;0,67421;0;5479,52385;0,3254454;0,00000;1;;5479,52385
Ran75pmed5v3.10.2.txt;9448,40048;0,0000244;0,85022;0;5106,64470;0,2907648;0,00000;1;;5106,64470
Ran76pmed5v3.10.2.txt;9213,42131;0,0000305;0,54069;0;5980,07456;0,2332213;0,00000;1;;5980,07456
Ran77pmed5v3.10.2.txt;8751,06955;0,0000298;0,55298;0;5635,02786;0,2627501;0,00000;1;;5635,02786
Ran78pmed5v3.10.2.txt;9325,06821;0,0000366;0,73528;0;5373,79998;0,2298446;0,00000;1;;5373,79998
Ran79pmed5v3.10.2.txt;8786,39975;0,0000313;0,75890;0;4995,39568;0,3116275;0,00000;1;;4995,39568
Ran80pmed5v3.10.2.txt;8761,99011;0,0000361;0,66753;0;5254,46580;0,2836974;0,00000;1;;5254,46580
Ran81pmed5v3.10.2.txt;9061,61567;0,0000394;0,72385;0;5256,62787;0,2870705;0,00000;1;;5256,62787
Ran82pmed5v3.10.2.txt;9702,65458;0,0000241;0,75786;0;5519,58933;0,2773965;0,00000;1;;5519,58933
Ran83pmed5v3.10.2.txt;9050,16680;0,0000284;0,68483;0;5371,54908;0,2219769;0,00000;1;;5371,54908
Ran84pmed5v3.10.2.txt;8478,17587;0,0000331;0,55623;0;5447,88157;0,2912337;0,00000;1;;5447,88157
Ran85pmed5v3.10.2.txt;8878,25713;0,0000262;0,54790;0;5735,68635;0,2655074;0,00000;1;;5735,68635
Ran86pmed5v3.10.2.txt;8848,07287;0,0000228;0,70359;0;5193,77087;0,3931129;0,00000;1;;5193,77087
Ran87pmed5v3.10.2.txt;8701,35248;0,0000252;0,85793;0;4683,36608;0,3149463;0,00000;1;;4683,36608
Ran88pmed5v3.10.2.txt;8404,70776;0,0000265;0,61167;0;5214,90190;0,3323828;0,00000;1;;5214,90190
Ran89pmed5v3.10.2.txt;9417,01377;0,0000396;0,98105;0;4753,54622;0,3106274;0,00000;1;;4753,54622
Ran90pmed5v3.10.2.txt;8686,54531;0,0000252;0,37160;0;6333,16443;0,2400981;0,00000;1;;6333,16443
Ran91pmed5v3.10.2.txt;9287,47343;0,0000332;0,94117;0;4784,46403;0,2944835;0,00000;1;;4784,46403
Ran92pmed5v3.10.2.txt;8727,53934;0,0000248;0,78902;0;4878,38865;0,4928325;0,00000;1;;4878,38865
Ran93pmed5v3.10.2.txt;8821,50431;0,0000253;0,41969;0;6213,70051;0,2601259;0,00000;1;;6213,70051
Ran94pmed5v3.10.2.txt;8818,25215;0,0000249;0,73794;0;5073,95767;0,2543624;0,00000;1;;5073,95767
Ran95pmed5v3.10.2.txt;8928,92350;0,0000236;0,63760;0;5452,43745;0,3411148;0,00000;1;;5452,43745
Ran96pmed5v3.10.2.txt;9139,29622;0,0000415;0,64943;0;5540,87981;0,2528335;0,00000;1;;5540,87981
Ran97pmed5v3.10.2.txt;8767,45049;0,0000274;0,66962;0;5251,17808;0,2656213;0,00000;1;;5251,17808
Ran98pmed5v3.10.2.txt;9058,98952;0,0000244;0,54002;0;5882,38580;0,1843867;0,00000;1;;5882,38580
Ran99pmed5v3.10.2.txt;9046,10939;0,0000218;0,60129;0;5649,25248;0,2950377;0,00000;1;;5649,25248
pmed8v3.10.2.txt;11845,72630;0,0000561;0,52578;0;7763,72767;0,7755398;0,00000;1;;7763,72767
Ran0pmed8v3.10.2.txt;11349,51555;0,0000319;0,47211;0;7709,67314;0,7025367;0,00000;1;;7709,67314
Ran1pmed8v3.10.2.txt;10669,63490;0,0000321;0,38969;0;7677,72494;0,6712429;0,00000;1;;7677,72494
Ran2pmed8v3.10.2.txt;10976,82138;0,0000543;0,42652;0;7694,84165;0,9725388;0,00000;1;;7694,84165
Ran3pmed8v3.10.2.txt;12117,46370;0,0000344;0,59231;0;7609,99350;0,8625600;0,00000;1;;7609,99350
Ran4pmed8v3.10.2.txt;12133,28315;0,0000368;0,59138;0;7624,38608;0,7855323;0,00000;1;;7624,38608
Ran5pmed8v3.10.2.txt;12374,28331;0,0000338;0,59599;0;7753,35488;0,7021907;0,00000;1;;7753,35488
Ran6pmed8v3.10.2.txt;11127,83639;0,0000413;0,44338;0;7709,57706;0,6199350;0,00000;1;;7709,57706
Ran7pmed8v3.10.2.txt;11939,66642;0,0000341;0,50424;0;7937,35233;0,8719428;0,00000;1;;7937,35233
Ran8pmed8v3.10.2.txt;10751,90960;0,0000326;0,42176;0;7562,37809;0,7408570;0,00000;1;;7562,37809
Ran9pmed8v3.10.2.txt;10463,80383;0,0000307;0,40836;0;7429,75831;0,9945974;0,00000;1;;7429,75831
Ran10pmed8v3.10.2.txt;10848,79233;0,0000310;0,42461;0;7615,29655;0,5793668;0,00000;1;;7615,29655
Ran11pmed8v3.10.2.txt;11807,33373;0,0000448;0,54537;0;7640,47068;0,5749814;0,00000;1;;7640,47068
Ran12pmed8v3.10.2.txt;12018,46271;0,0000323;0,59254;0;7546,74245;0,6796272;0,00000;1;;7546,74245
Ran13pmed8v3.10.2.txt;10362,63615;0,0000331;0,34430;0;7708,55022;0,5160225;0,00000;1;;7708,55022
Ran14pmed8v3.10.2.txt;10868,76209;0,0000743;0,46610;0;7413,38429;0,7802342;0,00000;1;;7413,38429
Ran15pmed8v3.10.2.txt;11940,49332;0,0000347;0,55397;0;7683,85027;0,7451242;0,00000;1;;7683,85027
Ran16pmed8v3.10.2.txt;11441,26058;0,0000331;0,48445;0;7707,43086;0,8877052;0,00000;1;;7707,43086
Ran17pmed8v3.10.2.txt;11860,73557;0,0000583;0,57473;0;7531,90566;0,9643961;0,00000;1;;7531,90566
Ran18pmed8v3.10.2.txt;12198,70027;0,0000551;0,58519;0;7695,44135;0,6312658;0,00000;1;;7695,44135
Ran19pmed8v3.10.2.txt;11029,70708;0,0000394;0,45392;0;7586,18591;0,5517783;0,00000;1;;7586,18591
Ran20pmed8v3.10.2.txt;10611,88819;0,0000436;0,40475;0;7554,27592;0,8569682;0,00000;1;;7554,27592
Ran21pmed8v3.10.2.txt;11947,75039;0,0000306;0,53214;0;7798,08316;0,7491270;0,00000;1;;7798,08316
Ran22pmed8v3.10.2.txt;11608,35712;0,0000303;0,54274;0;7524,50019;0,5566471;0,00000;1;;7524,50019
Ran23pmed8v3.10.2.txt;10912,39361;0,0000348;0,43380;0;7610,80715;0,6489735;0,00000;1;;7610,80715
Ran24pmed8v3.10.2.txt;11915,35048;0,0000319;0,54455;0;7714,43663;1,0486815;0,00000;1;;7714,43663
Ran25pmed8v3.10.2.txt;10247,14211;0,0000557;0,33340;0;7684,96473;0,6683763;0,00000;1;;7684,96473
Ran26pmed8v3.10.2.txt;13199,31971;0,0000314;0,70601;0;7736,93700;0,7018798;0,00000;1;;7736,93700
Ran27pmed8v3.10.2.txt;12056,22415;0,0000341;0,62798;0;7405,62310;0,9772073;0,00000;1;;7405,62310
Ran28pmed8v3.10.2.txt;11197,26881;0,0000333;0,46822;0;7626,40072;0,6872366;0,00000;1;;7626,40072
Ran29pmed8v3.10.2.txt;11616,60347;0,0000347;0,52804;0;7602,26757;0,7596292;0,00000;1;;7602,26757
Ran30pmed8v3.10.2.txt;12160,41253;0,0000328;0,56506;0;7769,93300;0,5955368;0,00000;1;;7769,93300
Ran31pmed8v3.10.2.txt;10680,78170;0,0000478;0,38660;0;7702,83055;0,7017915;0,00000;1;;7702,83055
Ran32pmed8v3.10.2.txt;11927,36613;0,0000301;0,55274;0;7681,47553;0,6442093;0,00000;1;;7681,47553
Ran33pmed8v3.10.2.txt;11176,54014;0,0000594;0,45449;0;7684,16706;0,9180855;0,00000;1;;7684,16706
Ran34pmed8v3.10.2.txt;11549,38075;0,0000335;0,52048;0;7595,87136;0,7881003;0,00000;1;;7595,87136
Ran35pmed8v3.10.2.txt;11113,99608;0,0000408;0,45527;0;7637,07061;0,8305996;0,00000;1;;7637,07061
Ran36pmed8v3.10.2.txt;11296,61376;0,0000388;0,48356;0;7614,54713;0,7341680;0,00000;1;;7614,54713
Ran37pmed8v3.10.2.txt;12063,44132;0,0000346;0,56439;0;7711,27667;0,6035667;0,00000;1;;7711,27667
Ran38pmed8v3.10.2.txt;11556,80585;0,0000371;0,52009;0;7602,69656;0,7421671;0,00000;1;;7602,69656
Ran39pmed8v3.10.2.txt;12116,99116;0,0000572;0,55646;0;7784,98768;0,7472434;0,00000;1;;7784,98768
Ran40pmed8v3.10.2.txt;11134,36859;0,0000320;0,46499;0;7600,31045;0,9104948;0,00000;1;;7600,31045
Ran41pmed8v3.10.2.txt;11304,66189;0,0000338;0,43444;0;7880,86302;0,5721084;0,00000;1;;7880,86302
Ran42pmed8v3.10.2.txt;11403,17041;0,0000339;0,47559;0;7727,88392;0,9120480;0,00000;1;;7727,88392
Ran43pmed8v3.10.2.txt;10185,29237;0,0000325;0,35534;0;7514,95060;0,7507627;0,00000;1;;7514,95060
Ran44pmed8v3.10.2.txt;11338,80225;0,0000371;0,47418;0;7691,60907;0,7639266;0,00000;1;;7691,60907
Ran45pmed8v3.10.2.txt;11263,34662;0,0000304;0,50879;0;7465,13554;0,7057981;0,00000;1;;7465,13554
Ran46pmed8v3.10.2.txt;12175,28020;0,0000530;0,56992;0;7755,33293;0,7221661;0,00000;1;;7755,33293
Ran47pmed8v3.10.2.txt;11158,86575;0,0000419;0,45559;0;7666,23065;0,6534501;0,00000;1;;7666,23065
Ran48pmed8v3.10.2.txt;13156,57261;0,0000336;0,73789;0;7570,43089;0,8933931;0,00000;1;;7570,43089
Ran49pmed8v3.10.2.txt;11187,67069;0,0000329;0,49763;0;7470,23485;0,8554401;0,00000;1;;7470,23485
Ran50pmed8v3.10.2.txt;11307,84196;0,0000335;0,49281;0;7574,86904;0,7481958;0,00000;1;;7574,86904
Ran51pmed8v3.10.2.txt;12368,39726;0,0000584;0,61365;0;7664,85253;0,8310299;0,00000;1;;7664,85253
Ran52pmed8v3.10.2.txt;10245,54255;0,0000309;0,33683;0;7664,08530;0,8101864;0,00000;1;;7664,08530
Ran53pmed8v3.10.2.txt;11149,76724;0,0000325;0,44563;0;7712,73044;0,7173368;0,00000;1;;7712,73044
Ran54pmed8v3.10.2.txt;13657,19306;0,0000322;0,80196;0;7579,07640;0,8425991;0,00000;1;;7579,07640
Ran55pmed8v3.10.2.txt;11932,09632;0,0000452;0,54379;0;7729,09001;0,7578531;0,00000;1;;7729,09001
Ran56pmed8v3.10.2.txt;10754,56184;0,0000348;0,38359;0;7772,96522;0,5472907;0,00000;1;;7772,96522
Ran57pmed8v3.10.2.txt;11735,56425;0,0000403;0,49734;0;7837,60223;0,6251531;0,00000;1;;7837,60223
Ran58pmed8v3.10.2.txt;12271,41943;0,0000751;0,65155;0;7430,23961;0,6359105;0,00000;1;;7430,23961
Ran59pmed8v3.10.2.txt;10559,40901;0,0000372;0,36087;0;7759,32531;0,5735968;0,00000;1;;7759,32531
Ran60pmed8v3.10.2.txt;11279,03043;0,0000464;0,46861;0;7680,07821;0,8388093;0,00000;1;;7680,07821
Ran61pmed8v3.10.2.txt;10581,14889;0,0000417;0,37848;0;7675,95183;0,6581558;0,00000;1;;7675,95183
Ran62pmed8v3.10.2.txt;11260,26880;0,0000311;0,49128;0;7550,73836;0,7286465;0,00000;1;;7550,73836
Ran63pmed8v3.10.2.txt;12361,39031;0,0000585;0,60007;0;7725,53889;0,7469087;0,00000;1;;7725,53889
Ran64pmed8v3.10.2.txt;11965,12484;0,0000292;0,57736;0;7585,55913;0,5479424;0,00000;1;;7585,55913
Ran65pmed8v3.10.2.txt;11284,33811;0,0000351;0,41047;0;8000,43322;0,6080168;0,00000;1;;8000,43322
Ran66pmed8v3.10.2.txt;11947,10313;0,0000321;0,57691;0;7576,27694;0,9043385;0,00000;1;;7576,27694
Ran67pmed8v3.10.2.txt;12057,69034;0,0000491;0,60117;0;7530,56354;0,7291112;0,00000;1;;7530,56354
Ran68pmed8v3.10.2.txt;11979,40103;0,0000391;0,56909;0;7634,63300;0,9447098;0,00000;1;;7634,63300
Ran69pmed8v3.10.2.txt;11985,83343;0,0000441;0,56276;0;7669,65640;0,5941581;0,00000;1;;7669,65640
Ran70pmed8v3.10.2.txt;11369,10031;0,0000345;0,45661;0;7805,15755;0,6385178;0,00000;1;;7805,15755
Ran71pmed8v3.10.2.txt;11758,47256;0,0000296;0,53871;0;7641,77834;0,7519425;0,00000;1;;7641,77834
Ran72pmed8v3.10.2.txt;12177,39852;0,0000329;0,55820;0;7815,03175;0,6517404;0,00000;1;;7815,03175
Ran73pmed8v3.10.2.txt;11539,17830;0,0000318;0,46512;0;7875,93219;0,5656959;0,00000;1;;7875,93219
Ran74pmed8v3.10.2.txt;10614,87182;0,0000311;0,37318;0;7730,11848;0,8609083;0,00000;1;;7730,11848
Ran75pmed8v3.10.2.txt;10862,89314;0,0000368;0,39602;0;7781,30275;0,6536675;0,00000;1;;7781,30275
Ran76pmed8v3.10.2.txt;11891,44353;0,0000305;0,55535;0;7645,51817;0,7726979;0,00000;1;;7645,51817
Ran77pmed8v3.10.2.txt;11812,92544;0,0000701;0,55462;0;7598,60932;1,1573281;0,00000;1;;7598,60932
Ran78pmed8v3.10.2.txt;11870,53892;0,0000359;0,55885;0;7614,91083;0,7820083;0,00000;1;;7614,91083
Ran79pmed8v3.10.2.txt;11358,55091;0,0000363;0,45364;0;7813,85304;0,6629117;0,00000;1;;7813,85304
Ran80pmed8v3.10.2.txt;11464,32623;0,0000308;0,51296;0;7577,40367;0,8843600;0,00000;1;;7577,40367
Ran81pmed8v3.10.2.txt;11648,66977;0,0000532;0,54652;0;7532,20068;0,6767962;0,00000;1;;7532,20068
Ran82pmed8v3.10.2.txt;11196,82321;0,0000619;0,42731;0;7844,68608;0,5958660;0,00000;1;;7844,68608
Ran83pmed8v3.10.2.txt;12136,76183;0,0000378;0,54433;0;7858,91823;0,6826060;0,00000;1;;7858,91823
Ran84pmed8v3.10.2.txt;13074,88961;0,0000290;0,69776;0;7701,23724;0,8495195;0,00000;1;;7701,23724
Ran85pmed8v3.10.2.txt;12138,69317;0,0000363;0,59116;0;7628,84268;0,8050700;0,00000;1;;7628,84268
Ran86pmed8v3.10.2.txt;13093,08921;0,0000328;0,64953;0;7937,48443;0,5683408;0,00000;1;;7937,48443
Ran87pmed8v3.10.2.txt;10996,10314;0,0000332;0,45972;0;7533,04474;0,8102555;0,00000;1;;7533,04474
Ran88pmed8v3.10.2.txt;12528,13922;0,0000785;0,63388;0;7667,72256;0,6633669;0,00000;1;;7667,72256
Ran89pmed8v3.10.2.txt;10124,08958;0,0000324;0,30991;0;7728,82609;0,7426796;0,00000;1;;7728,82609
Ran90pmed8v3.10.2.txt;11502,04620;0,0000295;0,53096;0;7512,97247;0,5574240;0,00000;1;;7512,97247
Ran91pmed8v3.10.2.txt;11161,51819;0,0000326;0,40216;0;7960,25850;0,6262598;0,00000;1;;7960,25850
Ran92pmed8v3.10.2.txt;11001,12658;0,0000487;0,43506;0;7665,99047;0,6060375;0,00000;1;;7665,99047
Ran93pmed8v3.10.2.txt;10889,20479;0,0000341;0,42532;0;7639,80508;0,6121840;0,00000;1;;7639,80508
Ran94pmed8v3.10.2.txt;11083,71918;0,0000394;0,44042;0;7694,79045;1,1238928;0,00000;1;;7694,79045
Ran95pmed8v3.10.2.txt;11326,00631;0,0000372;0,47400;0;7683,87100;0,7836840;0,00000;1;;7683,87100
Ran96pmed8v3.10.2.txt;11076,64813;0,0000417;0,48580;0;7454,99184;0,8040024;0,00000;1;;7454,99184
Ran97pmed8v3.10.2.txt;11392,27098;0,0000371;0,43260;0;7952,17666;0,6740469;0,00000;1;;7952,17666
Ran98pmed8v3.10.2.txt;10550,48201;0,0000526;0,37373;0;7680,18417;0,7842041;0,00000;1;;7680,18417
Ran99pmed8v3.10.2.txt;11633,62252;0,0000560;0,48102;0;7855,11962;0,7701643;0,00000;1;;7855,11962
pmed9v3.10.2.txt;7566,16024;0,0000587;0,23256;0;6138,55480;2,4008333;0,00000;1;;6138,55480
Ran0pmed9v3.10.2.txt;10357,11481;0,0000500;0,51986;0;6814,53131;1,6955500;0,00000;1;;6814,53131
Ran1pmed9v3.10.2.txt;11948,49310;0,0000499;0,76660;0;6763,54693;2,0021429;0,00000;1;;6763,54693
Ran2pmed9v3.10.2.txt;10321,95767;0,0000459;0,55213;0;6650,19937;2,4155312;0,00000;1;;6650,19937
Ran3pmed9v3.10.2.txt;10972,29811;0,0000498;0,63053;0;6729,29606;2,1439633;0,00000;1;;6729,29606
Ran4pmed9v3.10.2.txt;10923,76534;0,0000775;0,63286;0;6689,97124;2,8637318;0,00000;1;;6689,97124
Ran5pmed9v3.10.2.txt;9720,87482;0,0000461;0,40744;0;6906,75491;1,8630701;0,00000;1;;6906,75491
Ran6pmed9v3.10.2.txt;10630,39279;0,0000507;0,69260;0;6280,49796;2,9981141;0,00000;1;;6280,49796
Ran7pmed9v3.10.2.txt;10393,86767;0,0000460;0,47118;0;7064,96848;2,1878861;0,00000;1;;7064,96848
Ran8pmed9v3.10.2.txt;10688,52079;0,0001098;0,61026;0;6637,75923;2,8983440;0,00000;1;;6637,75923
Ran9pmed9v3.10.2.txt;9994,18595;0,0000466;0,53243;0;6521,80248;2,4565785;0,00000;1;;6521,80248
Ran10pmed9v3.10.2.txt;10106,60186;0,0000438;0,44543;0;6992,10362;2,1600400;0,00000;1;;6992,10362
Ran11pmed9v3.10.2.txt;10188,87676;0,0000472;0,45171;0;7018,54969;1,6557776;0,00000;1;;7018,54969
Ran12pmed9v3.10.2.txt;10555,98681;0,0000488;0,59615;0;6613,38811;1,7202533;0,00000;1;;6613,38811
Ran13pmed9v3.10.2.txt;11563,15871;0,0000531;0,71822;0;6729,73165;1,8436551;0,00000;1;;6729,73165
Ran14pmed9v3.10.2.txt;9788,42873;0,0000448;0,40396;0;6972,00000;1,6699701;0,00000;1;;6972,00000
Ran15pmed9v3.10.2.txt;11184,34776;0,0000463;0,63051;0;6859,40715;1,9421024;0,00000;1;;6859,40715
Ran16pmed9v3.10.2.txt;11447,67482;0,0000467;0,69065;0;6771,15473;1,6699846;0,00000;1;;6771,15473
Ran17pmed9v3.10.2.txt;10376,20069;0,0000520;0,47208;0;7048,65721;1,8118357;0,00000;1;;7048,65721
Ran18pmed9v3.10.2.txt;10244,92900;0,0000657;0,44095;0;7109,84079;1,6731145;0,00000;1;;7109,84079
Ran19pmed9v3.10.2.txt;9968,75406;0,0000538;0,45203;0;6865,38446;1,7039947;0,00000;1;;6865,38446
Ran20pmed9v3.10.2.txt;9814,85683;0,0000473;0,43621;0;6833,83619;2,6410659;0,00000;1;;6833,83619
Ran21pmed9v3.10.2.txt;9431,38458;0,0000446;0,43227;0;6584,94212;2,4444154;0,00000;1;;6584,94212
Ran22pmed9v3.10.2.txt;10346,91801;0,0000491;0,56037;0;6631,04751;2,6670745;0,00000;1;;6631,04751
Ran23pmed9v3.10.2.txt;11670,71933;0,0000641;0,75975;0;6632,04229;2,1930390;0,00000;1;;6632,04229
Ran24pmed9v3.10.2.txt;10738,66984;0,0000440;0,54888;0;6933,17568;1,5829986;0,00000;1;;6933,17568
Ran25pmed9v3.10.2.txt;10428,48010;0,0000479;0,53759;0;6782,35688;2,3490634;0,00000;1;;6782,35688
Ran26pmed9v3.10.2.txt;10810,16619;0,0000471;0,50751;0;7170,88649;2,0980179;0,00000;1;;7170,88649
Ran27pmed9v3.10.2.txt;10526,00454;0,0000431;0,53700;0;6848,39842;2,0963347;0,00000;1;;6848,39842
Ran28pmed9v3.10.2.txt;10359,34242;0,0000607;0,59479;0;6495,74924;2,2677150;0,00000;1;;6495,74924
Ran29pmed9v3.10.2.txt;10467,48912;0,0000877;0,61262;0;6490,99280;2,7701921;0,00000;1;;6490,99280
Ran30pmed9v3.10.2.txt;10662,51648;0,0001046;0,59841;0;6670,71667;3,7039100;0,00000;1;;6670,71667
Ran31pmed9v3.10.2.txt;9864,00669;0,0000942;0,46568;0;6729,97218;4,8736060;0,00000;1;;6729,97218
Ran32pmed9v3.10.2.txt;10486,99233;0,0000947;0,57271;0;6668,08871;3,8489177;0,00000;1;;6668,08871
Ran33pmed9v3.10.2.txt;10463,90142;0,0000816;0,63123;0;6414,74960;5,1936859;0,00000;1;;6414,74960
Ran34pmed9v3.10.2.txt;10752,21583;0,0000672;0,50237;0;7156,83797;2,8326488;0,00000;1;;7156,83797
Ran35pmed9v3.10.2.txt;10374,03979;0,0001293;0,52772;0;6790,52899;3,7019030;0,00000;1;;6790,52899
Ran36pmed9v3.10.2.txt;10676,34059;0,0000850;0,50650;0;7086,85469;4,1227119;0,00000;1;;7086,85469
Ran37pmed9v3.10.2.txt;9980,28709;0,0000877;0,48503;0;6720,60138;4,5546443;0,00000;1;;6720,60138
Ran38pmed9v3.10.2.txt;9820,14546;0,0000730;0,43289;0;6853,40423;4,1934801;0,00000;1;;6853,40423
Ran39pmed9v3.10.2.txt;11001,64392;0,0001045;0,69852;0;6477,20532;2,5656406;0,00000;1;;6477,20532
Ran40pmed9v3.10.2.txt;11253,54036;0,0000798;0,55755;0;7225,13932;2,5702249;0,00000;1;;7225,13932
Ran41pmed9v3.10.2.txt;10101,02006;0,0000506;0,51674;0;6659,71011;3,1667159;0,00000;1;;6659,71011
Ran42pmed9v3.10.2.txt;10510,34677;0,0000539;0,48885;0;7059,39008;1,8337603;0,00000;1;;7059,39008
Ran43pmed9v3.10.2.txt;10517,49189;0,0000503;0,55038;0;6783,79879;3,2247055;0,00000;1;;6783,79879
Ran44pmed9v3.10.2.txt;10352,86342;0,0000482;0,53342;0;6751,50675;3,4163175;0,00000;1;;6751,50675
Ran45pmed9v3.10.2.txt;10320,57548;0,0000791;0,57845;0;6538,40858;2,5295647;0,00000;1;;6538,40858
Ran46pmed9v3.10.2.txt;10644,78872;0,0000820;0,53399;0;6939,28784;2,0900785;0,00000;1;;6939,28784
Ran47pmed9v3.10.2.txt;11089,37131;0,0000792;0,60549;0;6907,15227;1,8239669;0,00000;1;;6907,15227
Ran48pmed9v3.10.2.txt;10082,91251;0,0000439;0,50735;0;6689,17071;2,3408467;0,00000;1;;6689,17071
Ran49pmed9v3.10.2.txt;10886,49096;0,0000578;0,56851;0;6940,66729;2,3973808;0,00000;1;;6940,66729
Ran50pmed9v3.10.2.txt;10321,33352;0,0000875;0,48803;0;6936,23010;2,0726977;0,00000;1;;6936,23010
Ran51pmed9v3.10.2.txt;11033,07107;0,0000548;0,66498;0;6626,56334;2,0071544;0,00000;1;;6626,56334
Ran52pmed9v3.10.2.txt;11202,60913;0,0000520;0,66888;0;6712,64527;2,2162762;0,00000;1;;6712,64527
Ran53pmed9v3.10.2.txt;10946,09500;0,0000564;0,57870;0;6933,60094;1,8805447;0,00000;1;;6933,60094
Ran54pmed9v3.10.2.txt;10111,58759;0,0000542;0,42235;0;7109,09180;2,0942760;0,00000;1;;7109,09180
Ran55pmed9v3.10.2.txt;11109,84672;0,0000450;0,63985;0;6774,91244;2,7572147;0,00000;1;;6774,91244
Ran56pmed9v3.10.2.txt;10690,12246;0,0000851;0,59709;0;6693,48513;2,5807520;0,00000;1;;6693,48513
Ran57pmed9v3.10.2.txt;10436,93141;0,0000471;0,47238;0;7088,45530;1,6391711;0,00000;1;;7088,45530
Ran58pmed9v3.10.2.txt;10444,40403;0,0000516;0,54986;0;6738,95407;1,8564162;0,00000;1;;6738,95407
Ran59pmed9v3.10.2.txt;10713,20821;0,0000484;0,59381;0;6721,77981;2,3873986;0,00000;1;;6721,77981
Ran60pmed9v3.10.2.txt;10178,48525;0,0000899;0,48376;0;6859,91719;3,1042404;0,00000;1;;6859,91719
Ran61pmed9v3.10.2.txt;10159,06554;0,0000437;0,46738;0;6923,26594;2,0491558;0,00000;1;;6923,26594
Ran62pmed9v3.10.2.txt;11268,39948;0,0000538;0,68849;0;6673,64093;2,2989997;0,00000;1;;6673,64093
Ran63pmed9v3.10.2.txt;10204,56711;0,0000478;0,51637;0;6729,58670;2,8170242;0,00000;1;;6729,58670
Ran64pmed9v3.10.2.txt;10590,94487;0,0000481;0,54666;0;6847,60780;2,2308946;0,00000;1;;6847,60780
Ran65pmed9v3.10.2.txt;10400,37446;0,0000436;0,52972;0;6798,88514;2,0961251;0,00000;1;;6798,88514
Ran66pmed9v3.10.2.txt;10583,12971;0,0000458;0,65599;0;6390,80472;2,7994924;0,00000;1;;6390,80472
Ran67pmed9v3.10.2.txt;10510,98987;0,0000477;0,58641;0;6625,66208;2,5355932;0,00000;1;;6625,66208
Ran68pmed9v3.10.2.txt;10559,46627;0,0000468;0,53999;0;6856,82469;1,5558454;0,00000;1;;6856,82469
Ran69pmed9v3.10.2.txt;10400,76263;0,0000475;0,57386;0;6608,45745;2,1647970;0,00000;1;;6608,45745
Ran70pmed9v3.10.2.txt;10398,30011;0,0000766;0,51416;0;6867,36829;2,1431560;0,00000;1;;6867,36829
Ran71pmed9v3.10.2.txt;10448,29493;0,0000477;0,45947;0;7158,95900;1,7686514;0,00000;1;;7158,95900
Ran72pmed9v3.10.2.txt;9578,73804;0,0000424;0,33594;0;7170,04980;1,6995718;0,00000;1;;7170,04980
Ran73pmed9v3.10.2.txt;10658,88013;0,0000429;0,62233;0;6570,11051;2,4792351;0,00000;1;;6570,11051
Ran74pmed9v3.10.2.txt;10793,76702;0,0000490;0,57068;0;6872,02355;1,9242100;0,00000;1;;6872,02355
Ran75pmed9v3.10.2.txt;10312,12149;0,0000545;0,57641;0;6541,50399;2,4664977;0,00000;1;;6541,50399
Ran76pmed9v3.10.2.txt;9966,88799;0,0000467;0,49677;0;6658,93492;1,9636902;0,00000;1;;6658,93492
Ran77pmed9v3.10.2.txt;10976,63394;0,0000457;0,55317;0;7067,24266;2,3541121;0,00000;1;;7067,24266
Ran78pmed9v3.10.2.txt;10979,56067;0,0000549;0,60167;0;6855,07890;1,9796881;0,00000;1;;6855,07890
Ran79pmed9v3.10.2.txt;11359,73678;0,0000556;0,56453;0;7260,80413;1,3880745;0,00000;1;;7260,80413
Ran80pmed9v3.10.2.txt;9505,45638;0,0000468;0,39582;0;6809,96304;1,4850941;0,00000;1;;6809,96304
Ran81pmed9v3.10.2.txt;9995,99852;0,0000492;0,49440;0;6688,98206;2,1086097;0,00000;1;;6688,98206
Ran82pmed9v3.10.2.txt;10436,11050;0,0000464;0,50015;0;6956,73263;2,0353095;0,00000;1;;6956,73263
Ran83pmed9v3.10.2.txt;10075,05965;0,0000507;0,46976;0;6854,92344;1,9083433;0,00000;1;;6854,92344
Ran84pmed9v3.10.2.txt;10432,97270;0,0000825;0,54664;0;6745,56870;2,0524221;0,00000;1;;6745,56870
Ran85pmed9v3.10.2.txt;10754,09273;0,0000554;0,64697;0;6529,63019;2,1245386;0,00000;1;;6529,63019
Ran86pmed9v3.10.2.txt;10183,89502;0,0000453;0,45556;0;6996,56663;1,6233122;0,00000;1;;6996,56663
Ran87pmed9v3.10.2.txt;10309,45394;0,0000578;0,53641;0;6710,10147;2,0756449;0,00000;1;;6710,10147
Ran88pmed9v3.10.2.txt;10369,30466;0,0000714;0,56991;0;6605,02547;3,7211251;0,00000;1;;6605,02547
Ran89pmed9v3.10.2.txt;10796,61388;0,0000453;0,66215;0;6495,56717;1,8372344;0,00000;1;;6495,56717
Ran90pmed9v3.10.2.txt;10113,53407;0,0000422;0,53381;0;6593,75264;1,4430492;0,00000;1;;6593,75264
Ran91pmed9v3.10.2.txt;10673,02242;0,0000452;0,58248;0;6744,47166;1,8987906;0,00000;1;;6744,47166
Ran92pmed9v3.10.2.txt;10344,43692;0,0000530;0,55902;0;6635,23382;2,5908254;0,00000;1;;6635,23382
Ran93pmed9v3.10.2.txt;10211,83733;0,0000498;0,55655;0;6560,56007;1,6782857;0,00000;1;;6560,56007
Ran94pmed9v3.10.2.txt;10226,34538;0,0000645;0,45460;0;7030,36797;1,9553625;0,00000;1;;7030,36797
Ran95pmed9v3.10.2.txt;10471,75027;0,0000433;0,54100;0;6795,43461;2,6591821;0,00000;1;;6795,43461
Ran96pmed9v3.10.2.txt;11126,10514;0,0000513;0,70780;0;6514,86833;2,8553046;0,00000;1;;6514,86833
Ran97pmed9v3.10.2.txt;9822,56544;0,0000455;0,46209;0;6718,18760;1,9802065;0,00000;1;;6718,18760
Ran98pmed9v3.10.2.txt;10042,57150;0,0000528;0,48669;0;6754,98866;2,2770020;0,00000;1;;6754,98866
Ran99pmed9v3.10.2.txt;10859,86814;0,0000464;0,57001;0;6917,05218;1,9236898;0,00000;1;;6917,05218
