;Constructivo;;;;Búsqueda Local;
Nombre de la instancia;F.O.;Tiempo (s);Dev (%);#Best;F.O.;Tiempo (s);Dev (%);#Best;;Best
pmed11v3.10.2.txt;12196,22513;0,0019036;0,11850;0;10904,11299;0,0467271;0,00000;1;;10904,11299
Ran0pmed11v3.10.2.txt;13615,97034;0,0001475;0,08415;0;12559,11705;0,0021797;0,00000;1;;12559,11705
Ran1pmed11v3.10.2.txt;15837,83017;0,0002437;0,20086;0;13188,77259;0,0033317;0,00000;1;;13188,77259
Ran2pmed11v3.10.2.txt;15391,31287;0,0002015;0,22570;0;12557,11705;0,0027825;0,00000;1;;12557,11705
Ran3pmed11v3.10.2.txt;13124,62697;0,0002596;0,24108;0;10575,20106;0,0058187;0,00000;1;;10575,20106
Ran4pmed11v3.10.2.txt;16424,23639;0,0001597;0,17043;0;14032,69222;0,0015490;0,00000;1;;14032,69222
Ran5pmed11v3.10.2.txt;13576,58226;0,0002743;0,12544;0;12063,33261;0,0044071;0,00000;1;;12063,33261
Ran6pmed11v3.10.2.txt;11914,97923;0,0002757;0,08311;0;11000,74656;0,0038844;0,00000;1;;11000,74656
Ran7pmed11v3.10.2.txt;13594,02835;0,0002944;0,10539;0;12298,00101;0,0036081;0,00000;1;;12298,00101
Ran8pmed11v3.10.2.txt;13696,27677;0,0002551;0,11379;0;12297,00101;0,0028556;0,00000;1;;12297,00101
Ran9pmed11v3.10.2.txt;14725,98277;0,0000957;0,20409;0;12230,00101;0,0010492;0,00000;1;;12230,00101
Ran10pmed11v3.10.2.txt;15160,37081;0,0000744;0,12246;0;13506,40096;0,0006911;0,00000;1;;13506,40096
Ran11pmed11v3.10.2.txt;14702,62924;0,0000732;0,13900;0;12908,40416;0,0009891;0,00000;1;;12908,40416
Ran12pmed11v3.10.2.txt;12335,86847;0,0000663;0,09905;0;11224,07147;0,0042782;0,00000;1;;11224,07147
Ran13pmed11v3.10.2.txt;13633,16140;0,0000486;0,08664;0;12546,11705;0,0005174;0,00000;1;;12546,11705
Ran14pmed11v3.10.2.txt;17701,58266;0,0000605;0,26127;0;14034,69222;0,0006445;0,00000;1;;14034,69222
Ran15pmed11v3.10.2.txt;11685,27234;0,0000639;0,18255;0;9881,43049;0,0025818;0,00000;1;;9881,43049
Ran16pmed11v3.10.2.txt;13519,62591;0,0000499;0,11215;0;12156,33261;0,0006889;0,00000;1;;12156,33261
Ran17pmed11v3.10.2.txt;14046,34260;0,0001001;0,21206;0;11588,78321;0,0008221;0,00000;1;;11588,78321
Ran18pmed11v3.10.2.txt;16133,21001;0,0000661;0,28571;0;12548,11705;0,0009299;0,00000;1;;12548,11705
Ran19pmed11v3.10.2.txt;15863,48108;0,0000450;0,12854;0;14056,69222;0,0004161;0,00000;1;;14056,69222
Ran20pmed11v3.10.2.txt;12453,85153;0,0000442;0,20026;0;10375,98935;0,0040204;0,00000;1;;10375,98935
Ran21pmed11v3.10.2.txt;15042,38329;0,0000402;0,25652;0;11971,49453;0,0006960;0,00000;1;;11971,49453
Ran22pmed11v3.10.2.txt;14632,45199;0,0000486;0,12796;0;12972,54725;0,0004347;0,00000;1;;12972,54725
Ran23pmed11v3.10.2.txt;13147,35983;0,0000431;0,12894;0;11645,78321;0,0008359;0,00000;1;;11645,78321
Ran24pmed11v3.10.2.txt;11587,62926;0,0000487;0,15206;0;10058,17922;0,0010263;0,00000;1;;10058,17922
Ran25pmed11v3.10.2.txt;14869,74595;0,0000479;0,22150;0;12173,37660;0,0004075;0,00000;1;;12173,37660
Ran26pmed11v3.10.2.txt;15502,98804;0,0000412;0,17231;0;13224,33058;0,0003529;0,00000;1;;13224,33058
Ran27pmed11v3.10.2.txt;15078,60671;0,0000371;0,07209;0;14064,69222;0,0003527;0,00000;1;;14064,69222
Ran28pmed11v3.10.2.txt;15410,27439;0,0000372;0,22868;0;12542,11705;0,0004195;0,00000;1;;12542,11705
Ran29pmed11v3.10.2.txt;13967,38516;0,0000459;0,15258;0;12118,33261;0,0005064;0,00000;1;;12118,33261
Ran30pmed11v3.10.2.txt;13102,98962;0,0000449;0,19814;0;10936,12876;0,0006555;0,00000;1;;10936,12876
Ran31pmed11v3.10.2.txt;13880,49952;0,0000379;0,19922;0;11574,61378;0,0005237;0,00000;1;;11574,61378
Ran32pmed11v3.10.2.txt;13428,36392;0,0000321;0,13152;0;11867,52144;0,0008758;0,00000;1;;11867,52144
Ran33pmed11v3.10.2.txt;15885,07948;0,0000364;0,20517;0;13180,77259;0,0003976;0,00000;1;;13180,77259
Ran34pmed11v3.10.2.txt;13021,99326;0,0000303;0,18719;0;10968,74656;0,0007499;0,00000;1;;10968,74656
Ran35pmed11v3.10.2.txt;13849,93594;0,0000834;0,22215;0;11332,39869;0,0005479;0,00000;1;;11332,39869
Ran36pmed11v3.10.2.txt;16491,60377;0,0000420;0,31877;0;12505,28486;0,0010723;0,00000;1;;12505,28486
Ran37pmed11v3.10.2.txt;12158,57489;0,0000425;0,11202;0;10933,74656;0,0005046;0,00000;1;;10933,74656
Ran38pmed11v3.10.2.txt;11404,96576;0,0000285;0,06753;0;10683,51812;0,0018615;0,00000;1;;10683,51812
Ran39pmed11v3.10.2.txt;14456,71475;0,0000317;0,18265;0;12224,00101;0,0004071;0,00000;1;;12224,00101
Ran40pmed11v3.10.2.txt;14943,01013;0,0000269;0,15617;0;12924,54725;0,0003373;0,00000;1;;12924,54725
Ran41pmed11v3.10.2.txt;12497,93053;0,0000310;0,19379;0;10469,11227;0,0005368;0,00000;1;;10469,11227
Ran42pmed11v3.10.2.txt;13071,92812;0,0000456;0,28097;0;10204,71644;0,0019351;0,00000;1;;10204,71644
Ran43pmed11v3.10.2.txt;13541,24668;0,0000302;0,19449;0;11336,39579;0,0059498;0,00000;1;;11336,39579
Ran44pmed11v3.10.2.txt;14869,39046;0,0000375;0,13405;0;13111,77259;0,0003944;0,00000;1;;13111,77259
Ran45pmed11v3.10.2.txt;17352,73223;0,0000266;0,34106;0;12939,54725;0,0003646;0,00000;1;;12939,54725
Ran46pmed11v3.10.2.txt;12272,33639;0,0000317;0,11752;0;10981,74656;0,0005666;0,00000;1;;10981,74656
Ran47pmed11v3.10.2.txt;13074,85175;0,0000348;0,12658;0;11605,78321;0,0005023;0,00000;1;;11605,78321
Ran48pmed11v3.10.2.txt;13944,93532;0,0000342;0,18477;0;11770,19153;0,0005123;0,00000;1;;11770,19153
Ran49pmed11v3.10.2.txt;16008,53799;0,0000400;0,21972;0;13124,77259;0,0003891;0,00000;1;;13124,77259
Ran50pmed11v3.10.2.txt;16560,21755;0,0000356;0,29818;0;12756,52191;0,0011382;0,00000;1;;12756,52191
Ran51pmed11v3.10.2.txt;14446,02441;0,0000655;0,20973;0;11941,49453;0,0005220;0,00000;1;;11941,49453
Ran52pmed11v3.10.2.txt;11975,49069;0,0000541;0,18720;0;10087,17508;0,0007270;0,00000;1;;10087,17508
Ran53pmed11v3.10.2.txt;14054,11357;0,0000486;0,12498;0;12492,74027;0,0004627;0,00000;1;;12492,74027
Ran54pmed11v3.10.2.txt;11688,16789;0,0000408;0,04200;0;11217,07147;0,0015871;0,00000;1;;11217,07147
Ran55pmed11v3.10.2.txt;12886,34260;0,0000390;0,12994;0;11404,48758;0,0011697;0,00000;1;;11404,48758
Ran56pmed11v3.10.2.txt;15300,06597;0,0000445;0,16690;0;13111,77259;0,0027784;0,00000;1;;13111,77259
Ran57pmed11v3.10.2.txt;12152,69849;0,0000426;0,11512;0;10898,12876;0,0004915;0,00000;1;;10898,12876
Ran58pmed11v3.10.2.txt;15915,36655;0,0000271;0,20811;0;13173,77259;0,0003869;0,00000;1;;13173,77259
Ran59pmed11v3.10.2.txt;15346,92560;0,0000314;0,17047;0;13111,77259;0,0003925;0,00000;1;;13111,77259
Ran60pmed11v3.10.2.txt;12579,07536;0,0000322;0,24704;0;10087,17508;0,0006501;0,00000;1;;10087,17508
Ran61pmed11v3.10.2.txt;15065,59302;0,0000419;0,19910;0;12564,11705;0,0004301;0,00000;1;;12564,11705
Ran62pmed11v3.10.2.txt;12892,98766;0,0000398;0,09167;0;11810,35107;0,0004336;0,00000;1;;11810,35107
Ran63pmed11v3.10.2.txt;14190,42758;0,0000247;0,11617;0;12713,52191;0,0009688;0,00000;1;;12713,52191
Ran64pmed11v3.10.2.txt;14367,78260;0,0000394;0,09689;0;13098,70096;0,0002628;0,00000;1;;13098,70096
Ran65pmed11v3.10.2.txt;13938,42600;0,0000396;0,09847;0;12688,91763;0,0003391;0,00000;1;;12688,91763
Ran66pmed11v3.10.2.txt;14448,90201;0,0000394;0,27355;0;11345,39869;0,0003977;0,00000;1;;11345,39869
Ran67pmed11v3.10.2.txt;14485,32154;0,0000282;0,25028;0;11585,65743;0,0004764;0,00000;1;;11585,65743
Ran68pmed11v3.10.2.txt;14000,28547;0,0000253;0,10676;0;12649,82469;0,0003075;0,00000;1;;12649,82469
Ran69pmed11v3.10.2.txt;11892,91656;0,0000268;0,08773;0;10933,74656;0,0004057;0,00000;1;;10933,74656
Ran70pmed11v3.10.2.txt;15049,66850;0,0000174;0,09165;0;13786,22158;0,0002319;0,00000;1;;13786,22158
Ran71pmed11v3.10.2.txt;14389,54407;0,0000247;0,14675;0;12548,11705;0,0003066;0,00000;1;;12548,11705
Ran72pmed11v3.10.2.txt;14021,67759;0,0000229;0,27655;0;10984,02444;0,0004360;0,00000;1;;10984,02444
Ran73pmed11v3.10.2.txt;14312,65468;0,0000346;0,19559;0;11971,18524;0,0003285;0,00000;1;;11971,18524
Ran74pmed11v3.10.2.txt;13320,26592;0,0000314;0,11130;0;11986,18524;0,0003723;0,00000;1;;11986,18524
Ran75pmed11v3.10.2.txt;14854,58070;0,0000310;0,18466;0;12539,11705;0,0003417;0,00000;1;;12539,11705
Ran76pmed11v3.10.2.txt;18221,86801;0,0000364;0,29816;0;14036,69222;0,0002651;0,00000;1;;14036,69222
Ran77pmed11v3.10.2.txt;15447,29892;0,0000546;0,31767;0;11723,23503;0,0004431;0,00000;1;;11723,23503
Ran78pmed11v3.10.2.txt;12156,98808;0,0000506;0,14806;0;10589,20106;0,0005457;0,00000;1;;10589,20106
Ran79pmed11v3.10.2.txt;14932,05345;0,0000260;0,13239;0;13186,33058;0,0002342;0,00000;1;;13186,33058
Ran80pmed11v3.10.2.txt;14446,20957;0,0000325;0,22060;0;11835,35107;0,0004604;0,00000;1;;11835,35107
Ran81pmed11v3.10.2.txt;14683,07204;0,0000262;0,12087;0;13099,70096;0,0002414;0,00000;1;;13099,70096
Ran82pmed11v3.10.2.txt;12746,75293;0,0000254;0,17231;0;10873,18092;0,0005357;0,00000;1;;10873,18092
Ran83pmed11v3.10.2.txt;12474,38193;0,0000229;0,09825;0;11358,39869;0,0003790;0,00000;1;;11358,39869
Ran84pmed11v3.10.2.txt;14503,10574;0,0000223;0,18354;0;12254,00101;0,0003620;0,00000;1;;12254,00101
Ran85pmed11v3.10.2.txt;11329,09067;0,0000207;0,08971;0;10396,39249;0,0012058;0,00000;1;;10396,39249
Ran86pmed11v3.10.2.txt;16691,90533;0,0000228;0,23933;0;13468,46983;0,0002737;0,00000;1;;13468,46983
Ran87pmed11v3.10.2.txt;12432,96120;0,0000234;0,17468;0;10584,11173;0,0005685;0,00000;1;;10584,11173
Ran88pmed11v3.10.2.txt;14569,74249;0,0000276;0,15899;0;12571,11705;0,0003526;0,00000;1;;12571,11705
Ran89pmed11v3.10.2.txt;12910,15349;0,0000226;0,13010;0;11423,91490;0,0004124;0,00000;1;;11423,91490
Ran90pmed11v3.10.2.txt;12624,82038;0,0000252;0,17669;0;10729,11381;0,0011097;0,00000;1;;10729,11381
Ran91pmed11v3.10.2.txt;14612,51646;0,0000522;0,13542;0;12869,73825;0,0003405;0,00000;1;;12869,73825
Ran92pmed11v3.10.2.txt;13909,29444;0,0000437;0,19436;0;11645,78321;0,0004424;0,00000;1;;11645,78321
Ran93pmed11v3.10.2.txt;18383,40294;0,0000333;0,40141;0;13117,77259;0,0003107;0,00000;1;;13117,77259
Ran94pmed11v3.10.2.txt;13497,86502;0,0000489;0,10277;0;12240,00101;0,0004856;0,00000;1;;12240,00101
Ran95pmed11v3.10.2.txt;11266,98839;0,0000320;0,11874;0;10071,17508;0,0005505;0,00000;1;;10071,17508
Ran96pmed11v3.10.2.txt;14701,41321;0,0000300;0,17160;0;12548,11705;0,0003068;0,00000;1;;12548,11705
Ran97pmed11v3.10.2.txt;16851,67718;0,0000335;0,22156;0;13795,22158;0,0002151;0,00000;1;;13795,22158
Ran98pmed11v3.10.2.txt;13277,62427;0,0000307;0,12082;0;11846,35107;0,0004247;0,00000;1;;11846,35107
Ran99pmed11v3.10.2.txt;14482,99604;0,0000327;0,22371;0;11835,35107;0,0004082;0,00000;1;;11835,35107
pmed1v3.10.2.txt;10775,02436;0,0000098;0,26760;0;8500,35673;0,0001624;0,00000;1;;8500,35673
Ran0pmed1v3.10.2.txt;11438,80220;0,0000111;0,19712;0;9555,29453;0,0001696;0,00000;1;;9555,29453
Ran1pmed1v3.10.2.txt;10716,03763;0,0000120;0,29702;0;8262,07312;0,0003002;0,00000;1;;8262,07312
Ran2pmed1v3.10.2.txt;11996,49441;0,0000103;0,46244;0;8203,05008;0,0002346;0,00000;1;;8203,05008
Ran3pmed1v3.10.2.txt;11093,74426;0,0000093;0,29413;0;8572,35673;0,0001628;0,00000;1;;8572,35673
Ran4pmed1v3.10.2.txt;10005,63751;0,0000119;0,15404;0;8670,13287;0,0001535;0,00000;1;;8670,13287
Ran5pmed1v3.10.2.txt;12226,54746;0,0000110;0,24505;0;9820,14511;0,0001201;0,00000;1;;9820,14511
Ran6pmed1v3.10.2.txt;11152,71259;0,0000114;0,39493;0;7995,18611;0,0001681;0,00000;1;;7995,18611
Ran7pmed1v3.10.2.txt;14985,28554;0,0000140;0,63865;0;9144,91715;0,0001807;0,00000;1;;9144,91715
Ran8pmed1v3.10.2.txt;12554,58788;0,0000150;0,28224;0;9791,14511;0,0001861;0,00000;1;;9791,14511
Ran9pmed1v3.10.2.txt;10949,19714;0,0000156;0,33277;0;8215,37224;0,0002944;0,00000;1;;8215,37224
Ran10pmed1v3.10.2.txt;11514,11001;0,0000397;0,21684;0;9462,29453;0,0002641;0,00000;1;;9462,29453
Ran11pmed1v3.10.2.txt;13233,34434;0,0000136;0,31019;0;10100,28931;0,0001618;0,00000;1;;10100,28931
Ran12pmed1v3.10.2.txt;11879,66851;0,0000152;0,16466;0;10200,08561;0,0002363;0,00000;1;;10200,08561
Ran13pmed1v3.10.2.txt;10160,70804;0,0000134;0,08305;0;9381,53371;0,0001741;0,00000;1;;9381,53371
Ran14pmed1v3.10.2.txt;10846,48941;0,0000131;0,09132;0;9938,89290;0,0005835;0,00000;1;;9938,89290
Ran15pmed1v3.10.2.txt;11025,19916;0,0000107;0,22129;0;9027,49015;0,0001640;0,00000;1;;9027,49015
Ran16pmed1v3.10.2.txt;10713,71486;0,0000104;0,15014;0;9315,10182;0,0001162;0,00000;1;;9315,10182
Ran17pmed1v3.10.2.txt;11836,12560;0,0000155;0,27244;0;9301,91715;0,0001968;0,00000;1;;9301,91715
Ran18pmed1v3.10.2.txt;9793,98259;0,0000096;0,19394;0;8203,05008;0,0001397;0,00000;1;;8203,05008
Ran19pmed1v3.10.2.txt;12393,55584;0,0000128;0,23170;0;10062,12091;0,0002119;0,00000;1;;10062,12091
Ran20pmed1v3.10.2.txt;9857,74758;0,0000122;0,15993;0;8498,55425;0,0003250;0,00000;1;;8498,55425
Ran21pmed1v3.10.2.txt;10749,83764;0,0000118;0,23389;0;8712,13287;0,0001357;0,00000;1;;8712,13287
Ran22pmed1v3.10.2.txt;12322,01832;0,0000130;0,14860;0;10727,81347;0,0001619;0,00000;1;;10727,81347
Ran23pmed1v3.10.2.txt;9616,70761;0,0000110;0,16495;0;8255,05008;0,0001427;0,00000;1;;8255,05008
Ran24pmed1v3.10.2.txt;12785,46566;0,0000115;0,20479;0;10612,18571;0,0001032;0,00000;1;;10612,18571
Ran25pmed1v3.10.2.txt;12195,89458;0,0000138;0,27298;0;9580,58520;0,0005407;0,00000;1;;9580,58520
Ran26pmed1v3.10.2.txt;11929,15651;0,0000086;0,27363;0;9366,26270;0,0003284;0,00000;1;;9366,26270
Ran27pmed1v3.10.2.txt;12261,74254;0,0000185;0,40759;0;8711,13287;0,0002040;0,00000;1;;8711,13287
Ran28pmed1v3.10.2.txt;10702,32602;0,0000118;0,24502;0;8596,13287;0,0001308;0,00000;1;;8596,13287
Ran29pmed1v3.10.2.txt;13500,38805;0,0000126;0,23909;0;10895,36189;0,0000803;0,00000;1;;10895,36189
Ran30pmed1v3.10.2.txt;11177,40801;0,0000115;0,30651;0;8555,13287;0,0001135;0,00000;1;;8555,13287
Ran31pmed1v3.10.2.txt;10673,34564;0,0000144;0,13307;0;9419,86257;0,0001240;0,00000;1;;9419,86257
Ran32pmed1v3.10.2.txt;11580,99747;0,0000123;0,34364;0;8619,13287;0,0001392;0,00000;1;;8619,13287
Ran33pmed1v3.10.2.txt;12253,13339;0,0000118;0,12462;0;10895,36189;0,0000876;0,00000;1;;10895,36189
Ran34pmed1v3.10.2.txt;15100,70057;0,0000098;0,37412;0;10989,36189;0,0000866;0,00000;1;;10989,36189
Ran35pmed1v3.10.2.txt;11120,17172;0,0000114;0,20623;0;9218,91715;0,0001242;0,00000;1;;9218,91715
Ran36pmed1v3.10.2.txt;12119,54862;0,0000135;0,41664;0;8555,13287;0,0001179;0,00000;1;;8555,13287
Ran37pmed1v3.10.2.txt;12031,24470;0,0000156;0,25741;0;9568,29453;0,0001871;0,00000;1;;9568,29453
Ran38pmed1v3.10.2.txt;10964,60291;0,0000124;0,26464;0;8670,13287;0,0001267;0,00000;1;;8670,13287
Ran39pmed1v3.10.2.txt;11990,91407;0,0000093;0,22467;0;9791,14511;0,0001005;0,00000;1;;9791,14511
Ran40pmed1v3.10.2.txt;9847,33330;0,0000157;0,20016;0;8205,05008;0,0001385;0,00000;1;;8205,05008
Ran41pmed1v3.10.2.txt;13071,87890;0,0000139;0,19977;0;10895,36189;0,0000883;0,00000;1;;10895,36189
Ran42pmed1v3.10.2.txt;11935,79991;0,0000129;0,14208;0;10450,93619;0,0000986;0,00000;1;;10450,93619
Ran43pmed1v3.10.2.txt;10637,96868;0,0000126;0,17969;0;9017,62024;0,0006624;0,00000;1;;9017,62024
Ran44pmed1v3.10.2.txt;12287,61351;0,0000134;0,42199;0;8641,13287;0,0001468;0,00000;1;;8641,13287
Ran45pmed1v3.10.2.txt;11217,61684;0,0000150;0,30569;0;8591,35673;0,0002823;0,00000;1;;8591,35673
Ran46pmed1v3.10.2.txt;14720,02106;0,0000160;0,35104;0;10895,36189;0,0001435;0,00000;1;;10895,36189
Ran47pmed1v3.10.2.txt;10753,58547;0,0000088;0,28044;0;8398,34871;0,0004438;0,00000;1;;8398,34871
Ran48pmed1v3.10.2.txt;11893,05153;0,0000099;0,36496;0;8713,13287;0,0001226;0,00000;1;;8713,13287
Ran49pmed1v3.10.2.txt;10399,01699;0,0000130;0,12371;0;9254,16329;0,0001350;0,00000;1;;9254,16329
Ran50pmed1v3.10.2.txt;13252,45332;0,0000130;0,23534;0;10727,81347;0,0000948;0,00000;1;;10727,81347
Ran51pmed1v3.10.2.txt;13324,85227;0,0000144;0,24208;0;10727,81347;0,0001431;0,00000;1;;10727,81347
Ran52pmed1v3.10.2.txt;11385,26330;0,0000131;0,15187;0;9884,14511;0,0001074;0,00000;1;;9884,14511
Ran53pmed1v3.10.2.txt;9699,42924;0,0000121;0,25938;0;7701,77063;0,0005120;0,00000;1;;7701,77063
Ran54pmed1v3.10.2.txt;12868,30317;0,0000124;0,18108;0;10895,36189;0,0000908;0,00000;1;;10895,36189
Ran55pmed1v3.10.2.txt;10341,13247;0,0000135;0,20876;0;8555,13287;0,0001320;0,00000;1;;8555,13287
Ran56pmed1v3.10.2.txt;10534,48120;0,0000164;0,13519;0;9279,91715;0,0005468;0,00000;1;;9279,91715
Ran57pmed1v3.10.2.txt;10972,23347;0,0000159;0,26450;0;8677,13287;0,0001379;0,00000;1;;8677,13287
Ran58pmed1v3.10.2.txt;11954,45196;0,0000130;0,17682;0;10158,22852;0,0001190;0,00000;1;;10158,22852
Ran59pmed1v3.10.2.txt;9514,68166;0,0000120;0,13159;0;8408,21036;0,0006130;0,00000;1;;8408,21036
Ran60pmed1v3.10.2.txt;13452,68099;0,0000137;0,23472;0;10895,36189;0,0000995;0,00000;1;;10895,36189
Ran61pmed1v3.10.2.txt;13692,95421;0,0000098;0,38549;0;9883,14511;0,0000951;0,00000;1;;9883,14511
Ran62pmed1v3.10.2.txt;12877,52501;0,0000143;0,49026;0;8641,13287;0,0001244;0,00000;1;;8641,13287
Ran63pmed1v3.10.2.txt;12208,51080;0,0000107;0,12824;0;10820,81347;0,0001692;0,00000;1;;10820,81347
Ran64pmed1v3.10.2.txt;9800,19363;0,0000136;0,18131;0;8296,05008;0,0001355;0,00000;1;;8296,05008
Ran65pmed1v3.10.2.txt;11713,31749;0,0000124;0,25910;0;9302,91715;0,0001520;0,00000;1;;9302,91715
Ran66pmed1v3.10.2.txt;13543,20007;0,0000094;0,24302;0;10895,36189;0,0000834;0,00000;1;;10895,36189
Ran67pmed1v3.10.2.txt;10556,87855;0,0000127;0,10563;0;9548,29453;0,0001227;0,00000;1;;9548,29453
Ran68pmed1v3.10.2.txt;14221,25935;0,0000095;0,30526;0;10895,36189;0,0000760;0,00000;1;;10895,36189
Ran69pmed1v3.10.2.txt;9616,61712;0,0000093;0,12381;0;8557,13287;0,0001140;0,00000;1;;8557,13287
Ran70pmed1v3.10.2.txt;11516,73753;0,0000124;0,20540;0;9554,29453;0,0001125;0,00000;1;;9554,29453
Ran71pmed1v3.10.2.txt;10803,54019;0,0000103;0,26281;0;8555,13287;0,0001481;0,00000;1;;8555,13287
Ran72pmed1v3.10.2.txt;11721,15747;0,0000138;0,34538;0;8712,13287;0,0001504;0,00000;1;;8712,13287
Ran73pmed1v3.10.2.txt;9931,54979;0,0000134;0,18964;0;8348,36481;0,0002579;0,00000;1;;8348,36481
Ran74pmed1v3.10.2.txt;10552,66931;0,0000099;0,30454;0;8089,18611;0,0001517;0,00000;1;;8089,18611
Ran75pmed1v3.10.2.txt;13338,80435;0,0000094;0,45860;0;9144,91715;0,0001090;0,00000;1;;9144,91715
Ran76pmed1v3.10.2.txt;12160,91218;0,0000072;0,32056;0;9208,91715;0,0001101;0,00000;1;;9208,91715
Ran77pmed1v3.10.2.txt;12758,43102;0,0000075;0,26606;0;10077,28931;0,0000966;0,00000;1;;10077,28931
Ran78pmed1v3.10.2.txt;11364,74044;0,0000069;0,24524;0;9126,54835;0,0004308;0,00000;1;;9126,54835
Ran79pmed1v3.10.2.txt;12518,52640;0,0000195;0,36891;0;9144,91715;0,0001253;0,00000;1;;9144,91715
Ran80pmed1v3.10.2.txt;11075,92201;0,0000117;0,09508;0;10114,28931;0,0001453;0,00000;1;;10114,28931
Ran81pmed1v3.10.2.txt;11463,99242;0,0000090;0,22598;0;9350,86257;0,0001236;0,00000;1;;9350,86257
Ran82pmed1v3.10.2.txt;11654,00523;0,0000085;0,11533;0;10448,93619;0,0000937;0,00000;1;;10448,93619
Ran83pmed1v3.10.2.txt;10529,48217;0,0000092;0,23078;0;8555,13287;0,0001505;0,00000;1;;8555,13287
Ran84pmed1v3.10.2.txt;10593,37199;0,0000092;0,13564;0;9328,14701;0,0003376;0,00000;1;;9328,14701
Ran85pmed1v3.10.2.txt;12032,65827;0,0000127;0,18922;0;10118,08561;0,0001134;0,00000;1;;10118,08561
Ran86pmed1v3.10.2.txt;12134,88053;0,0000106;0,40334;0;8647,13287;0,0001160;0,00000;1;;8647,13287
Ran87pmed1v3.10.2.txt;11504,00464;0,0000079;0,24922;0;9208,91715;0,0001146;0,00000;1;;9208,91715
Ran88pmed1v3.10.2.txt;12584,34461;0,0000141;0,31549;0;9566,29453;0,0001239;0,00000;1;;9566,29453
Ran89pmed1v3.10.2.txt;11583,82184;0,0000146;0,13455;0;10210,08561;0,0001505;0,00000;1;;10210,08561
Ran90pmed1v3.10.2.txt;11585,09155;0,0000164;0,26683;0;9144,91715;0,0001776;0,00000;1;;9144,91715
Ran91pmed1v3.10.2.txt;11569,90601;0,0000175;0,18143;0;9793,14511;0,0001660;0,00000;1;;9793,14511
Ran92pmed1v3.10.2.txt;10718,59851;0,0000168;0,24358;0;8619,13287;0,0002012;0,00000;1;;8619,13287
Ran93pmed1v3.10.2.txt;10322,79560;0,0000173;0,19364;0;8648,13287;0,0004485;0,00000;1;;8648,13287
Ran94pmed1v3.10.2.txt;12333,17050;0,0000120;0,13197;0;10895,36189;0,0000929;0,00000;1;;10895,36189
Ran95pmed1v3.10.2.txt;12675,19300;0,0000110;0,16336;0;10895,36189;0,0000779;0,00000;1;;10895,36189
Ran96pmed1v3.10.2.txt;15219,95546;0,0000109;0,39692;0;10895,36189;0,0000796;0,00000;1;;10895,36189
Ran97pmed1v3.10.2.txt;10594,77026;0,0000089;0,23592;0;8572,35673;0,0001237;0,00000;1;;8572,35673
Ran98pmed1v3.10.2.txt;14215,79667;0,0000096;0,30452;0;10897,36189;0,0001237;0,00000;1;;10897,36189
Ran99pmed1v3.10.2.txt;13128,34242;0,0000168;0,20495;0;10895,36189;0,0001012;0,00000;1;;10895,36189
pmed6v3.10.2.txt;15246,44183;0,0000371;0,15060;0;13250,87490;0,0005510;0,00000;1;;13250,87490
Ran0pmed6v3.10.2.txt;12162,38311;0,0000406;0,03799;0;11717,28771;0,0012711;0,00000;1;;11717,28771
Ran1pmed6v3.10.2.txt;12260,90008;0,0000415;0,06876;0;11472,12877;0,0009231;0,00000;1;;11472,12877
Ran2pmed6v3.10.2.txt;15219,15008;0,0000424;0,17431;0;12960,06098;0,0005989;0,00000;1;;12960,06098
Ran3pmed6v3.10.2.txt;13648,67272;0,0000349;0,08851;0;12538,82137;0,0006411;0,00000;1;;12538,82137
Ran4pmed6v3.10.2.txt;13971,69728;0,0000408;0,17151;0;11926,19560;0,0007926;0,00000;1;;11926,19560
Ran5pmed6v3.10.2.txt;12549,75862;0,0000397;0,12720;0;11133,54985;0,0009716;0,00000;1;;11133,54985
Ran6pmed6v3.10.2.txt;13861,27695;0,0000459;0,10994;0;12488,26065;0,0005670;0,00000;1;;12488,26065
Ran7pmed6v3.10.2.txt;14429,14266;0,0000283;0,15269;0;12517,82137;0,0004201;0,00000;1;;12517,82137
Ran8pmed6v3.10.2.txt;15686,42021;0,0000313;0,16428;0;13473,05577;0,0003484;0,00000;1;;13473,05577
Ran9pmed6v3.10.2.txt;13146,09166;0,0000299;0,07312;0;12250,35146;0,0011419;0,00000;1;;12250,35146
Ran10pmed6v3.10.2.txt;14666,48850;0,0000210;0,21793;0;12042,19029;0,0015443;0,00000;1;;12042,19029
Ran11pmed6v3.10.2.txt;13047,03582;0,0000341;0,07892;0;12092,68665;0,0004587;0,00000;1;;12092,68665
Ran12pmed6v3.10.2.txt;13961,50279;0,0000388;0,15622;0;12075,09718;0,0004567;0,00000;1;;12075,09718
Ran13pmed6v3.10.2.txt;12626,49594;0,0000372;0,06531;0;11852,46278;0,0005722;0,00000;1;;11852,46278
Ran14pmed6v3.10.2.txt;12599,69263;0,0000368;0,06387;0;11843,28067;0,0005866;0,00000;1;;11843,28067
Ran15pmed6v3.10.2.txt;12695,43251;0,0000229;0,07552;0;11804,00121;0,0004545;0,00000;1;;11804,00121
Ran16pmed6v3.10.2.txt;14161,16929;0,0000310;0,15220;0;12290,59802;0,0005481;0,00000;1;;12290,59802
Ran17pmed6v3.10.2.txt;14201,46521;0,0000299;0,05502;0;13460,81201;0,0004185;0,00000;1;;13460,81201
Ran18pmed6v3.10.2.txt;15137,13494;0,0000333;0,20925;0;12517,82137;0,0004031;0,00000;1;;12517,82137
Ran19pmed6v3.10.2.txt;14940,75018;0,0000352;0,06339;0;14050,16493;0,0003148;0,00000;1;;14050,16493
Ran20pmed6v3.10.2.txt;14169,51161;0,0000376;0,07460;0;13185,85095;0,0006418;0,00000;1;;13185,85095
Ran21pmed6v3.10.2.txt;11361,20138;0,0000377;0,06333;0;10684,55812;0,0014354;0,00000;1;;10684,55812
Ran22pmed6v3.10.2.txt;13836,63095;0,0000314;0,14011;0;12136,19388;0,0006983;0,00000;1;;12136,19388
Ran23pmed6v3.10.2.txt;13798,95805;0,0000317;0,15888;0;11907,14712;0,0008027;0,00000;1;;11907,14712
Ran24pmed6v3.10.2.txt;15724,88692;0,0000438;0,22815;0;12803,69727;0,0005931;0,00000;1;;12803,69727
Ran25pmed6v3.10.2.txt;12217,78326;0,0000474;0,09532;0;11154,54985;0,0010885;0,00000;1;;11154,54985
Ran26pmed6v3.10.2.txt;11748,62935;0,0000405;0,09141;0;10764,64710;0,0019444;0,00000;1;;10764,64710
Ran27pmed6v3.10.2.txt;13758,62164;0,0000365;0,11762;0;12310,59802;0,0005592;0,00000;1;;12310,59802
Ran28pmed6v3.10.2.txt;15625,70183;0,0000367;0,22717;0;12733,10624;0,0004523;0,00000;1;;12733,10624
Ran29pmed6v3.10.2.txt;13969,67327;0,0000465;0,23476;0;11313,67951;0,0016274;0,00000;1;;11313,67951
Ran30pmed6v3.10.2.txt;13695,69191;0,0000390;0,16036;0;11803,00121;0,0007037;0,00000;1;;11803,00121
Ran31pmed6v3.10.2.txt;13353,77430;0,0000363;0,07457;0;12427,05924;0,0007708;0,00000;1;;12427,05924
Ran32pmed6v3.10.2.txt;14802,13317;0,0000382;0,06351;0;13918,17714;0,0005409;0,00000;1;;13918,17714
Ran33pmed6v3.10.2.txt;12946,71057;0,0000485;0,09448;0;11829,14221;0,0008585;0,00000;1;;11829,14221
Ran34pmed6v3.10.2.txt;15351,48586;0,0000331;0,07281;0;14309,59210;0,0002985;0,00000;1;;14309,59210
Ran35pmed6v3.10.2.txt;13741,02701;0,0000423;0,02449;0;13412,56066;0,0003499;0,00000;1;;13412,56066
Ran36pmed6v3.10.2.txt;14179,23300;0,0000331;0,04851;0;13523,16245;0,0003584;0,00000;1;;13523,16245
Ran37pmed6v3.10.2.txt;13226,38024;0,0000372;0,07971;0;12249,93418;0,0004506;0,00000;1;;12249,93418
Ran38pmed6v3.10.2.txt;14960,40376;0,0000513;0,11527;0;13414,15504;0,0009254;0,00000;1;;13414,15504
Ran39pmed6v3.10.2.txt;14919,38882;0,0000333;0,17809;0;12664,02969;0,0030571;0,00000;1;;12664,02969
Ran40pmed6v3.10.2.txt;15641,39377;0,0000451;0,13431;0;13789,40461;0,0003157;0,00000;1;;13789,40461
Ran41pmed6v3.10.2.txt;12862,28628;0,0000383;0,06322;0;12097,46730;0,0004755;0,00000;1;;12097,46730
Ran42pmed6v3.10.2.txt;17102,98760;0,0000402;0,23359;0;13864,39724;0,0002928;0,00000;1;;13864,39724
Ran43pmed6v3.10.2.txt;13833,80479;0,0000428;0,06695;0;12965,70526;0,0005686;0,00000;1;;12965,70526
Ran44pmed6v3.10.2.txt;14983,30926;0,0000315;0,08443;0;13816,77755;0,0004085;0,00000;1;;13816,77755
Ran45pmed6v3.10.2.txt;14049,53824;0,0000368;0,06831;0;13151,14305;0,0018473;0,00000;1;;13151,14305
Ran46pmed6v3.10.2.txt;12467,30968;0,0000492;0,13774;0;10957,97908;0,0013693;0,00000;1;;10957,97908
Ran47pmed6v3.10.2.txt;14746,94009;0,0000379;0,17478;0;12552,90758;0,0007945;0,00000;1;;12552,90758
Ran48pmed6v3.10.2.txt;16949,02691;0,0000504;0,18955;0;14248,25756;0,0003188;0,00000;1;;14248,25756
Ran49pmed6v3.10.2.txt;12126,65870;0,0000257;0,05497;0;11494,74078;0,0006232;0,00000;1;;11494,74078
Ran50pmed6v3.10.2.txt;12776,79795;0,0000310;0,16491;0;10968,01070;0,0009175;0,00000;1;;10968,01070
Ran51pmed6v3.10.2.txt;14018,21200;0,0000376;0,08498;0;12920,20127;0,0008495;0,00000;1;;12920,20127
Ran52pmed6v3.10.2.txt;15169,08560;0,0000475;0,10593;0;13716,18737;0,0003817;0,00000;1;;13716,18737
Ran53pmed6v3.10.2.txt;15765,97214;0,0000352;0,15137;0;13693,18737;0,0003522;0,00000;1;;13693,18737
Ran54pmed6v3.10.2.txt;13204,94723;0,0000309;0,04783;0;12602,15408;0,0010423;0,00000;1;;12602,15408
Ran55pmed6v3.10.2.txt;14992,37317;0,0000382;0,15953;0;12929,73519;0,0005429;0,00000;1;;12929,73519
Ran56pmed6v3.10.2.txt;12983,64893;0,0000446;0,03541;0;12539,59337;0,0005132;0,00000;1;;12539,59337
Ran57pmed6v3.10.2.txt;13481,86001;0,0000278;0,11010;0;12144,68665;0,0003510;0,00000;1;;12144,68665
Ran58pmed6v3.10.2.txt;15109,86927;0,0000328;0,14036;0;13250,03268;0,0026885;0,00000;1;;13250,03268
Ran59pmed6v3.10.2.txt;11268,94349;0,0000302;0,04858;0;10746,89751;0,0014722;0,00000;1;;10746,89751
Ran60pmed6v3.10.2.txt;11695,34560;0,0000340;0,04772;0;11162,62273;0,0010802;0,00000;1;;11162,62273
Ran61pmed6v3.10.2.txt;15293,04660;0,0000458;0,08730;0;14065,16493;0,0003956;0,00000;1;;14065,16493
Ran62pmed6v3.10.2.txt;14318,74563;0,0000434;0,07815;0;13280,81869;0,0015398;0,00000;1;;13280,81869
Ran63pmed6v3.10.2.txt;13517,03768;0,0000313;0,08399;0;12469,71064;0,0006511;0,00000;1;;12469,71064
Ran64pmed6v3.10.2.txt;16131,63434;0,0000317;0,04217;0;15478,86146;0,0003556;0,00000;1;;15478,86146
Ran65pmed6v3.10.2.txt;13050,67056;0,0000413;0,10160;0;11847,00121;0,0006257;0,00000;1;;11847,00121
Ran66pmed6v3.10.2.txt;13406,15344;0,0000500;0,04935;0;12775,69727;0,0005034;0,00000;1;;12775,69727
Ran67pmed6v3.10.2.txt;10864,10932;0,0000518;0,05167;0;10330,31938;0,0040921;0,00000;1;;10330,31938
Ran68pmed6v3.10.2.txt;16359,99570;0,0000343;0,25972;0;12987,06098;0,0002911;0,00000;1;;12987,06098
Ran69pmed6v3.10.2.txt;13197,31676;0,0000341;0,08390;0;12175,72404;0,0004837;0,00000;1;;12175,72404
Ran70pmed6v3.10.2.txt;15238,79249;0,0000265;0,13106;0;13473,05577;0,0002588;0,00000;1;;13473,05577
Ran71pmed6v3.10.2.txt;14432,04679;0,0000315;0,21420;0;11886,04310;0,0006056;0,00000;1;;11886,04310
Ran72pmed6v3.10.2.txt;13859,13596;0,0000344;0,06086;0;13064,09159;0,0007807;0,00000;1;;13064,09159
Ran73pmed6v3.10.2.txt;14372,68162;0,0000306;0,08739;0;13217,60382;0,0003563;0,00000;1;;13217,60382
Ran74pmed6v3.10.2.txt;17025,30372;0,0000380;0,24719;0;13650,87771;0,0003286;0,00000;1;;13650,87771
Ran75pmed6v3.10.2.txt;13812,22189;0,0000428;0,15623;0;11945,90565;0,0019032;0,00000;1;;11945,90565
Ran76pmed6v3.10.2.txt;12782,08174;0,0000433;0,07360;0;11905,78480;0,0004775;0,00000;1;;11905,78480
Ran77pmed6v3.10.2.txt;13447,61472;0,0000449;0,10722;0;12145,40526;0,0004492;0,00000;1;;12145,40526
Ran78pmed6v3.10.2.txt;14149,36592;0,0000345;0,13193;0;12500,22669;0,0005903;0,00000;1;;12500,22669
Ran79pmed6v3.10.2.txt;12591,39440;0,0000479;0,08204;0;11636,71015;0,0006350;0,00000;1;;11636,71015
Ran80pmed6v3.10.2.txt;15372,61606;0,0000352;0,16189;0;13230,71316;0,0005006;0,00000;1;;13230,71316
Ran81pmed6v3.10.2.txt;14961,76502;0,0000384;0,18813;0;12592,67203;0,0008732;0,00000;1;;12592,67203
Ran82pmed6v3.10.2.txt;14658,63982;0,0000390;0,22397;0;11976,29672;0,0009765;0,00000;1;;11976,29672
Ran83pmed6v3.10.2.txt;12887,18208;0,0000462;0,09812;0;11735,69837;0,0028392;0,00000;1;;11735,69837
Ran84pmed6v3.10.2.txt;12841,55075;0,0000351;0,06422;0;12066,60560;0,0005592;0,00000;1;;12066,60560
Ran85pmed6v3.10.2.txt;15118,82298;0,0000369;0,09035;0;13866,02179;0,0005386;0,00000;1;;13866,02179
Ran86pmed6v3.10.2.txt;13566,84853;0,0000397;0,05966;0;12803,04794;0,0006025;0,00000;1;;12803,04794
Ran87pmed6v3.10.2.txt;15633,76314;0,0000391;0,13958;0;13718,94127;0,0004772;0,00000;1;;13718,94127
Ran88pmed6v3.10.2.txt;16232,75675;0,0000405;0,17757;0;13784,94026;0,0014648;0,00000;1;;13784,94026
Ran89pmed6v3.10.2.txt;12579,07474;0,0000426;0,10501;0;11383,62587;0,0016677;0,00000;1;;11383,62587
Ran90pmed6v3.10.2.txt;13028,00213;0,0000377;0,10669;0;11772,00121;0,0006295;0,00000;1;;11772,00121
Ran91pmed6v3.10.2.txt;15625,30483;0,0000394;0,08084;0;14456,57930;0,0025384;0,00000;1;;14456,57930
Ran92pmed6v3.10.2.txt;17785,47773;0,0000578;0,32210;0;13452,45842;0,0019109;0,00000;1;;13452,45842
Ran93pmed6v3.10.2.txt;12249,49224;0,0000485;0,17249;0;10447,37743;0,0022644;0,00000;1;;10447,37743
Ran94pmed6v3.10.2.txt;15094,90822;0,0000378;0,06672;0;14150,78200;0,0002268;0,00000;1;;14150,78200
Ran95pmed6v3.10.2.txt;13558,89639;0,0000320;0,18923;0;11401,41841;0,0011436;0,00000;1;;11401,41841
Ran96pmed6v3.10.2.txt;13636,81749;0,0000434;0,08653;0;12550,82137;0,0003567;0,00000;1;;12550,82137
Ran97pmed6v3.10.2.txt;12891,12458;0,0000342;0,08464;0;11885,21341;0,0007947;0,00000;1;;11885,21341
Ran98pmed6v3.10.2.txt;16189,82780;0,0000313;0,13453;0;14270,03390;0,0004079;0,00000;1;;14270,03390
Ran99pmed6v3.10.2.txt;12796,48388;0,0000375;0,06238;0;12045,09718;0,0005422;0,00000;1;;12045,09718
pmed7v3.10.2.txt;11297,84558;0,0000548;0,11391;0;10142,49205;0,0047541;0,00000;1;;10142,49205
Ran0pmed7v3.10.2.txt;11708,22250;0,0000507;0,12411;0;10415,59493;0,0019410;0,00000;1;;10415,59493
Ran1pmed7v3.10.2.txt;13418,95218;0,0000519;0,24107;0;10812,38021;0,0010632;0,00000;1;;10812,38021
Ran2pmed7v3.10.2.txt;11910,49871;0,0000446;0,14793;0;10375,64975;0,0015886;0,00000;1;;10375,64975
Ran3pmed7v3.10.2.txt;11688,52732;0,0000509;0,14547;0;10204,10311;0,0019144;0,00000;1;;10204,10311
Ran4pmed7v3.10.2.txt;11942,32237;0,0000524;0,13580;0;10514,43505;0,0028653;0,00000;1;;10514,43505
Ran5pmed7v3.10.2.txt;13276,71226;0,0000582;0,18525;0;11201,61348;0,0011963;0,00000;1;;11201,61348
Ran6pmed7v3.10.2.txt;13464,71795;0,0000559;0,24312;0;10831,38021;0,0012084;0,00000;1;;10831,38021
Ran7pmed7v3.10.2.txt;12326,79145;0,0000602;0,12574;0;10949,91346;0,0012136;0,00000;1;;10949,91346
Ran8pmed7v3.10.2.txt;10725,17687;0,0000540;0,08445;0;9890,00110;0,0026138;0,00000;1;;9890,00110
Ran9pmed7v3.10.2.txt;12498,63659;0,0000719;0,14061;0;10957,81466;0,0026435;0,00000;1;;10957,81466
Ran10pmed7v3.10.2.txt;13390,89200;0,0000775;0,15790;0;11564,76027;0,0033918;0,00000;1;;11564,76027
Ran11pmed7v3.10.2.txt;12039,24377;0,0000564;0,18361;0;10171,66869;0,0016096;0,00000;1;;10171,66869
Ran12pmed7v3.10.2.txt;12535,95285;0,0000560;0,18834;0;10549,11101;0,0025977;0,00000;1;;10549,11101
Ran13pmed7v3.10.2.txt;13235,23182;0,0000592;0,22883;0;10770,56527;0,0014703;0,00000;1;;10770,56527
Ran14pmed7v3.10.2.txt;12698,11341;0,0000582;0,15918;0;10954,35633;0,0012167;0,00000;1;;10954,35633
Ran15pmed7v3.10.2.txt;11926,16672;0,0000829;0,10835;0;10760,32882;0,0012226;0,00000;1;;10760,32882
Ran16pmed7v3.10.2.txt;11363,05483;0,0000528;0,16778;0;9730,47513;0,0018154;0,00000;1;;9730,47513
Ran17pmed7v3.10.2.txt;13052,47181;0,0000614;0,07522;0;12139,39855;0,0007447;0,00000;1;;12139,39855
Ran18pmed7v3.10.2.txt;12244,51604;0,0000525;0,17961;0;10380,09905;0,0025368;0,00000;1;;10380,09905
Ran19pmed7v3.10.2.txt;13276,67565;0,0000484;0,21208;0;10953,65802;0,0015144;0,00000;1;;10953,65802
Ran20pmed7v3.10.2.txt;11978,68161;0,0000386;0,15857;0;10339,20025;0,0014091;0,00000;1;;10339,20025
Ran21pmed7v3.10.2.txt;12494,97971;0,0000499;0,14626;0;10900,66388;0,0007896;0,00000;1;;10900,66388
Ran22pmed7v3.10.2.txt;10986,04540;0,0000510;0,09075;0;10072,03489;0,0042461;0,00000;1;;10072,03489
Ran23pmed7v3.10.2.txt;13197,61728;0,0000564;0,12419;0;11739,63380;0,0008959;0,00000;1;;11739,63380
Ran24pmed7v3.10.2.txt;11891,57635;0,0000526;0,09059;0;10903,76526;0,0017809;0,00000;1;;10903,76526
Ran25pmed7v3.10.2.txt;11264,93038;0,0000642;0,09135;0;10321,98972;0,0030233;0,00000;1;;10321,98972
Ran26pmed7v3.10.2.txt;10939,58462;0,0000509;0,13089;0;9673,45982;0,0037281;0,00000;1;;9673,45982
Ran27pmed7v3.10.2.txt;13557,56728;0,0000534;0,22809;0;11039,52902;0,0009579;0,00000;1;;11039,52902
Ran28pmed7v3.10.2.txt;12334,93579;0,0000374;0,23049;0;10024,43377;0,0013317;0,00000;1;;10024,43377
Ran29pmed7v3.10.2.txt;11791,35814;0,0000314;0,13967;0;10346,31244;0,0010704;0,00000;1;;10346,31244
Ran30pmed7v3.10.2.txt;13993,08826;0,0000485;0,23027;0;11373,96445;0,0007635;0,00000;1;;11373,96445
Ran31pmed7v3.10.2.txt;11223,32439;0,0000469;0,15360;0;9728,91532;0,0022943;0,00000;1;;9728,91532
Ran32pmed7v3.10.2.txt;11970,79757;0,0000345;0,07700;0;11114,98446;0,0010589;0,00000;1;;11114,98446
Ran33pmed7v3.10.2.txt;12526,87177;0,0000432;0,20989;0;10353,71212;0,0008538;0,00000;1;;10353,71212
Ran34pmed7v3.10.2.txt;11991,56405;0,0000502;0,11605;0;10744,67644;0,0012147;0,00000;1;;10744,67644
Ran35pmed7v3.10.2.txt;11764,84771;0,0000548;0,16559;0;10093,48404;0,0017901;0,00000;1;;10093,48404
Ran36pmed7v3.10.2.txt;12893,05449;0,0000334;0,18786;0;10853,98040;0,0008212;0,00000;1;;10853,98040
Ran37pmed7v3.10.2.txt;11542,16978;0,0000343;0,15366;0;10004,82710;0,0010660;0,00000;1;;10004,82710
Ran38pmed7v3.10.2.txt;12221,89107;0,0000308;0,13003;0;10815,50444;0,0025529;0,00000;1;;10815,50444
Ran39pmed7v3.10.2.txt;11164,05518;0,0000355;0,12739;0;9902,58707;0,0011593;0,00000;1;;9902,58707
Ran40pmed7v3.10.2.txt;10671,09890;0,0000315;0,10513;0;9655,98736;0,0018070;0,00000;1;;9655,98736
Ran41pmed7v3.10.2.txt;12028,76776;0,0000271;0,15765;0;10390,67633;0,0008984;0,00000;1;;10390,67633
Ran42pmed7v3.10.2.txt;12353,85968;0,0000312;0,13926;0;10843,79454;0,0007288;0,00000;1;;10843,79454
Ran43pmed7v3.10.2.txt;13661,48897;0,0000299;0,20189;0;11366,66065;0,0007496;0,00000;1;;11366,66065
Ran44pmed7v3.10.2.txt;12144,20911;0,0000315;0,11021;0;10938,62215;0,0011982;0,00000;1;;10938,62215
Ran45pmed7v3.10.2.txt;13202,80419;0,0000468;0,13902;0;11591,36593;0,0009105;0,00000;1;;11591,36593
Ran46pmed7v3.10.2.txt;12212,34371;0,0000550;0,15037;0;10616,01874;0,0016158;0,00000;1;;10616,01874
Ran47pmed7v3.10.2.txt;11158,97068;0,0000403;0,17195;0;9521,75204;0,0031844;0,00000;1;;9521,75204
Ran48pmed7v3.10.2.txt;12177,97673;0,0000634;0,07712;0;11306,05641;0,0009087;0,00000;1;;11306,05641
Ran49pmed7v3.10.2.txt;12728,45915;0,0000432;0,10050;0;11566,10357;0,0016392;0,00000;1;;11566,10357
Ran50pmed7v3.10.2.txt;11853,38607;0,0000430;0,14821;0;10323,34692;0,0009086;0,00000;1;;10323,34692
Ran51pmed7v3.10.2.txt;13126,48125;0,0000401;0,22685;0;10699,34033;0,0008239;0,00000;1;;10699,34033
Ran52pmed7v3.10.2.txt;13791,44870;0,0000389;0,13043;0;12200,19910;0,0007143;0,00000;1;;12200,19910
Ran53pmed7v3.10.2.txt;11253,53288;0,0000253;0,15308;0;9759,50942;0,0030329;0,00000;1;;9759,50942
Ran54pmed7v3.10.2.txt;12281,95412;0,0000424;0,09495;0;11216,91899;0,0006710;0,00000;1;;11216,91899
Ran55pmed7v3.10.2.txt;13143,43291;0,0000361;0,18191;0;11120,46810;0,0006607;0,00000;1;;11120,46810
Ran56pmed7v3.10.2.txt;11210,52635;0,0000278;0,18602;0;9452,18497;0,0015609;0,00000;1;;9452,18497
Ran57pmed7v3.10.2.txt;12636,48745;0,0000413;0,24164;0;10177,24817;0,0009854;0,00000;1;;10177,24817
Ran58pmed7v3.10.2.txt;13988,58082;0,0000544;0,22670;0;11403,43348;0,0006366;0,00000;1;;11403,43348
Ran59pmed7v3.10.2.txt;13060,25012;0,0000315;0,21920;0;10712,16168;0,0007141;0,00000;1;;10712,16168
Ran60pmed7v3.10.2.txt;13212,26585;0,0000384;0,16288;0;11361,69774;0,0008752;0,00000;1;;11361,69774
Ran61pmed7v3.10.2.txt;11811,62940;0,0000399;0,14365;0;10327,99552;0,0013604;0,00000;1;;10327,99552
Ran62pmed7v3.10.2.txt;12938,44119;0,0000466;0,21451;0;10653,20543;0,0009104;0,00000;1;;10653,20543
Ran63pmed7v3.10.2.txt;11984,50076;0,0000419;0,23563;0;9699,07223;0,0020432;0,00000;1;;9699,07223
Ran64pmed7v3.10.2.txt;14764,68861;0,0000250;0,20639;0;12238,76938;0,0005425;0,00000;1;;12238,76938
Ran65pmed7v3.10.2.txt;11942,20030;0,0000381;0,15215;0;10365,10629;0,0009811;0,00000;1;;10365,10629
Ran66pmed7v3.10.2.txt;13332,97934;0,0000407;0,09064;0;12224,96350;0,0007769;0,00000;1;;12224,96350
Ran67pmed7v3.10.2.txt;13635,78272;0,0000389;0,27969;0;10655,52835;0,0016677;0,00000;1;;10655,52835
Ran68pmed7v3.10.2.txt;12476,91528;0,0000320;0,12144;0;11125,80951;0,0007282;0,00000;1;;11125,80951
Ran69pmed7v3.10.2.txt;11679,33093;0,0000448;0,17973;0;9900,01740;0,0020884;0,00000;1;;9900,01740
Ran70pmed7v3.10.2.txt;11867,59466;0,0000348;0,18017;0;10055,86035;0,0010447;0,00000;1;;10055,86035
Ran71pmed7v3.10.2.txt;11517,97137;0,0000354;0,18671;0;9705,83482;0,0011556;0,00000;1;;9705,83482
Ran72pmed7v3.10.2.txt;13402,32861;0,0000327;0,23151;0;10882,87778;0,0010393;0,00000;1;;10882,87778
Ran73pmed7v3.10.2.txt;12496,08154;0,0000448;0,21750;0;10263,74065;0,0011532;0,00000;1;;10263,74065
Ran74pmed7v3.10.2.txt;11944,22601;0,0000432;0,19524;0;9993,18613;0,0011922;0,00000;1;;9993,18613
Ran75pmed7v3.10.2.txt;11287,32523;0,0000572;0,15773;0;9749,52166;0,0016830;0,00000;1;;9749,52166
Ran76pmed7v3.10.2.txt;10626,17041;0,0000497;0,15541;0;9196,85558;0,0036601;0,00000;1;;9196,85558
Ran77pmed7v3.10.2.txt;13803,24219;0,0000477;0,20329;0;11471,22263;0,0007863;0,00000;1;;11471,22263
Ran78pmed7v3.10.2.txt;10971,41661;0,0000524;0,13393;0;9675,56158;0,0017673;0,00000;1;;9675,56158
Ran79pmed7v3.10.2.txt;11786,66567;0,0000433;0,16451;0;10121,55096;0,0038851;0,00000;1;;10121,55096
Ran80pmed7v3.10.2.txt;12839,04932;0,0000515;0,14408;0;11222,14946;0,0008626;0,00000;1;;11222,14946
Ran81pmed7v3.10.2.txt;12786,88604;0,0000346;0,15862;0;11036,32445;0,0008923;0,00000;1;;11036,32445
Ran82pmed7v3.10.2.txt;12890,79254;0,0000481;0,18279;0;10898,66388;0,0012242;0,00000;1;;10898,66388
Ran83pmed7v3.10.2.txt;10951,64647;0,0000347;0,15043;0;9519,58016;0,0025082;0,00000;1;;9519,58016
Ran84pmed7v3.10.2.txt;12999,65476;0,0000558;0,14455;0;11357,87109;0,0008287;0,00000;1;;11357,87109
Ran85pmed7v3.10.2.txt;11807,09602;0,0000441;0,13272;0;10423,68102;0,0010402;0,00000;1;;10423,68102
Ran86pmed7v3.10.2.txt;10866,15752;0,0000401;0,07208;0;10135,60893;0,0056465;0,00000;1;;10135,60893
Ran87pmed7v3.10.2.txt;12806,83951;0,0000473;0,15154;0;11121,52902;0,0010050;0,00000;1;;11121,52902
Ran88pmed7v3.10.2.txt;14442,15652;0,0000386;0,14268;0;12638,79632;0,0005067;0,00000;1;;12638,79632
Ran89pmed7v3.10.2.txt;13613,07821;0,0000485;0,16058;0;11729,57731;0,0010135;0,00000;1;;11729,57731
Ran90pmed7v3.10.2.txt;11532,79998;0,0000389;0,08592;0;10620,27533;0,0015971;0,00000;1;;10620,27533
Ran91pmed7v3.10.2.txt;12428,37933;0,0000420;0,16228;0;10693,10629;0,0011297;0,00000;1;;10693,10629
Ran92pmed7v3.10.2.txt;12383,96062;0,0000440;0,14436;0;10821,71846;0,0011561;0,00000;1;;10821,71846
Ran93pmed7v3.10.2.txt;11288,97070;0,0000458;0,09047;0;10352,43101;0,0020461;0,00000;1;;10352,43101
Ran94pmed7v3.10.2.txt;11590,66601;0,0000452;0,08685;0;10664,44095;0,0012152;0,00000;1;;10664,44095
Ran95pmed7v3.10.2.txt;13319,06576;0,0000593;0,20808;0;11025,00418;0,0013490;0,00000;1;;11025,00418
Ran96pmed7v3.10.2.txt;11544,80083;0,0000478;0,13995;0;10127,49564;0,0012544;0,00000;1;;10127,49564
Ran97pmed7v3.10.2.txt;11436,94278;0,0000461;0,16350;0;9829,80903;0,0030929;0,00000;1;;9829,80903
Ran98pmed7v3.10.2.txt;12809,43359;0,0000520;0,22546;0;10452,73337;0,0018359;0,00000;1;;10452,73337
Ran99pmed7v3.10.2.txt;10041,30715;0,0000392;0,14081;0;8801,92204;0,0051637;0,00000;1;;8801,92204
pmed2v3.10.2.txt;7927,54103;0,0000159;0,13846;0;6963,36702;0,0016368;0,00000;1;;6963,36702
Ran0pmed2v3.10.2.txt;8777,03889;0,0000159;0,19628;0;7336,96096;0,0011193;0,00000;1;;7336,96096
Ran1pmed2v3.10.2.txt;9339,25566;0,0000134;0,23929;0;7535,94678;0,0005507;0,00000;1;;7535,94678
Ran2pmed2v3.10.2.txt;9486,99121;0,0000191;0,21547;0;7805,17238;0,0004445;0,00000;1;;7805,17238
Ran3pmed2v3.10.2.txt;9280,26528;0,0000177;0,17516;0;7896,99652;0,0014167;0,00000;1;;7896,99652
Ran4pmed2v3.10.2.txt;9229,75834;0,0000131;0,21443;0;7600,04693;0,0008745;0,00000;1;;7600,04693
Ran5pmed2v3.10.2.txt;8062,74672;0,0000132;0,17690;0;6850,85882;0,0013352;0,00000;1;;6850,85882
Ran6pmed2v3.10.2.txt;9132,52558;0,0000127;0,25443;0;7280,21969;0,0012412;0,00000;1;;7280,21969
Ran7pmed2v3.10.2.txt;10234,11601;0,0000156;0,28579;0;7959,38879;0,0003103;0,00000;1;;7959,38879
Ran8pmed2v3.10.2.txt;8562,64443;0,0000195;0,20299;0;7117,78267;0,0007158;0,00000;1;;7117,78267
Ran9pmed2v3.10.2.txt;8684,26166;0,0000154;0,09998;0;7894,91502;0,0004823;0,00000;1;;7894,91502
Ran10pmed2v3.10.2.txt;9431,66394;0,0000141;0,25343;0;7524,67900;0,0009201;0,00000;1;;7524,67900
Ran11pmed2v3.10.2.txt;8782,16806;0,0000119;0,15734;0;7588,24937;0,0008593;0,00000;1;;7588,24937
Ran12pmed2v3.10.2.txt;10159,23035;0,0000145;0,34805;0;7536,21967;0,0005161;0,00000;1;;7536,21967
Ran13pmed2v3.10.2.txt;9803,23158;0,0000142;0,28970;0;7601,17842;0,0005474;0,00000;1;;7601,17842
Ran14pmed2v3.10.2.txt;9403,97407;0,0000108;0,17510;0;8002,72951;0,0005305;0,00000;1;;8002,72951
Ran15pmed2v3.10.2.txt;8929,57882;0,0000116;0,14489;0;7799,53710;0,0004454;0,00000;1;;7799,53710
Ran16pmed2v3.10.2.txt;9327,16768;0,0000138;0,18236;0;7888,58059;0,0007729;0,00000;1;;7888,58059
Ran17pmed2v3.10.2.txt;10309,05094;0,0000121;0,28905;0;7997,38879;0,0002896;0,00000;1;;7997,38879
Ran18pmed2v3.10.2.txt;7888,92352;0,0000137;0,13085;0;6976,10511;0,0013114;0,00000;1;;6976,10511
Ran19pmed2v3.10.2.txt;8702,96194;0,0000139;0,25922;0;6911,39595;0,0007732;0,00000;1;;6911,39595
Ran20pmed2v3.10.2.txt;9611,51588;0,0000141;0,23655;0;7772,83603;0,0010339;0,00000;1;;7772,83603
Ran21pmed2v3.10.2.txt;10210,38995;0,0000151;0,37774;0;7410,94454;0,0007049;0,00000;1;;7410,94454
Ran22pmed2v3.10.2.txt;9326,64513;0,0000129;0,21757;0;7660,04693;0,0004115;0,00000;1;;7660,04693
Ran23pmed2v3.10.2.txt;7688,35848;0,0000155;0,20764;0;6366,43420;0,0015845;0,00000;1;;6366,43420
Ran24pmed2v3.10.2.txt;10366,51914;0,0000127;0,39051;0;7455,18689;0,0008669;0,00000;1;;7455,18689
Ran25pmed2v3.10.2.txt;9109,66446;0,0000193;0,25316;0;7269,35152;0,0009655;0,00000;1;;7269,35152
Ran26pmed2v3.10.2.txt;9548,98513;0,0000168;0,33331;0;7161,88707;0,0016097;0,00000;1;;7161,88707
Ran27pmed2v3.10.2.txt;9625,06532;0,0000132;0,26713;0;7595,97605;0,0006574;0,00000;1;;7595,97605
Ran28pmed2v3.10.2.txt;9873,96127;0,0000092;0,22644;0;8050,88572;0,0009443;0,00000;1;;8050,88572
Ran29pmed2v3.10.2.txt;10101,58947;0,0000168;0,25060;0;8077,38879;0,0006395;0,00000;1;;8077,38879
Ran30pmed2v3.10.2.txt;9364,73966;0,0000142;0,17731;0;7954,37435;0,0008768;0,00000;1;;7954,37435
Ran31pmed2v3.10.2.txt;9668,43641;0,0000258;0,19356;0;8100,52580;0,0004955;0,00000;1;;8100,52580
Ran32pmed2v3.10.2.txt;9115,98107;0,0000119;0,21599;0;7496,73382;0,0009492;0,00000;1;;7496,73382
Ran33pmed2v3.10.2.txt;9999,82400;0,0000144;0,32747;0;7532,97605;0,0003949;0,00000;1;;7532,97605
Ran34pmed2v3.10.2.txt;9642,75414;0,0000124;0,11904;0;8617,00297;0,0002924;0,00000;1;;8617,00297
Ran35pmed2v3.10.2.txt;8836,58987;0,0000234;0,18443;0;7460,62460;0,0009783;0,00000;1;;7460,62460
Ran36pmed2v3.10.2.txt;8805,83223;0,0000132;0,21308;0;7259,09728;0,0006699;0,00000;1;;7259,09728
Ran37pmed2v3.10.2.txt;10242,95470;0,0000160;0,33738;0;7658,97605;0,0005907;0,00000;1;;7658,97605
Ran38pmed2v3.10.2.txt;10441,86607;0,0000157;0,25924;0;8292,17707;0,0004192;0,00000;1;;8292,17707
Ran39pmed2v3.10.2.txt;9873,06482;0,0000182;0,36084;0;7255,09971;0,0014601;0,00000;1;;7255,09971
Ran40pmed2v3.10.2.txt;7874,46048;0,0000162;0,13177;0;6957,62845;0,0012092;0,00000;1;;6957,62845
Ran41pmed2v3.10.2.txt;10171,89100;0,0000114;0,28054;0;7943,43052;0,0008487;0,00000;1;;7943,43052
Ran42pmed2v3.10.2.txt;8807,72415;0,0000129;0,21120;0;7271,92258;0,0006583;0,00000;1;;7271,92258
Ran43pmed2v3.10.2.txt;9497,06008;0,0000128;0,20798;0;7861,91502;0,0004498;0,00000;1;;7861,91502
Ran44pmed2v3.10.2.txt;9071,81335;0,0000115;0,12766;0;8044,79983;0,0003443;0,00000;1;;8044,79983
Ran45pmed2v3.10.2.txt;10083,51964;0,0000108;0,27608;0;7901,95852;0,0003474;0,00000;1;;7901,95852
Ran46pmed2v3.10.2.txt;9567,67457;0,0000135;0,23973;0;7717,51678;0,0005435;0,00000;1;;7717,51678
Ran47pmed2v3.10.2.txt;10208,54835;0,0000107;0,30633;0;7814,67900;0,0003181;0,00000;1;;7814,67900
Ran48pmed2v3.10.2.txt;8737,76638;0,0000169;0,18577;0;7368,86126;0,0008708;0,00000;1;;7368,86126
Ran49pmed2v3.10.2.txt;8517,50308;0,0000175;0,14201;0;7458,32772;0,0012223;0,00000;1;;7458,32772
Ran50pmed2v3.10.2.txt;9326,76008;0,0000141;0,18802;0;7850,67900;0,0003398;0,00000;1;;7850,67900
Ran51pmed2v3.10.2.txt;9070,64798;0,0000133;0,24559;0;7282,23858;0,0005725;0,00000;1;;7282,23858
Ran52pmed2v3.10.2.txt;8942,23473;0,0000177;0,23618;0;7233,77369;0,0008163;0,00000;1;;7233,77369
Ran53pmed2v3.10.2.txt;9513,42452;0,0000166;0,25734;0;7566,31169;0,0013996;0,00000;1;;7566,31169
Ran54pmed2v3.10.2.txt;9873,74505;0,0000226;0,23972;0;7964,50848;0,0004576;0,00000;1;;7964,50848
Ran55pmed2v3.10.2.txt;8179,09410;0,0000167;0,13576;0;7201,45741;0,0009229;0,00000;1;;7201,45741
Ran56pmed2v3.10.2.txt;8154,54576;0,0000128;0,13428;0;7189,16035;0,0008762;0,00000;1;;7189,16035
Ran57pmed2v3.10.2.txt;10230,24819;0,0000118;0,32839;0;7701,21967;0,0003396;0,00000;1;;7701,21967
Ran58pmed2v3.10.2.txt;9972,86481;0,0000116;0,36076;0;7328,89644;0,0005227;0,00000;1;;7328,89644
Ran59pmed2v3.10.2.txt;9807,66791;0,0000189;0,22575;0;8001,38879;0,0011013;0,00000;1;;8001,38879
Ran60pmed2v3.10.2.txt;8260,81088;0,0000166;0,10493;0;7476,34954;0,0005798;0,00000;1;;7476,34954
Ran61pmed2v3.10.2.txt;9712,91256;0,0000132;0,25844;0;7718,21967;0,0003331;0,00000;1;;7718,21967
Ran62pmed2v3.10.2.txt;9266,32095;0,0000111;0,25343;0;7392,74683;0,0004981;0,00000;1;;7392,74683
Ran63pmed2v3.10.2.txt;8977,73566;0,0000180;0,18428;0;7580,74228;0,0008493;0,00000;1;;7580,74228
Ran64pmed2v3.10.2.txt;9330,73768;0,0000112;0,23212;0;7572,91502;0,0003958;0,00000;1;;7572,91502
Ran65pmed2v3.10.2.txt;10017,34267;0,0000108;0,22451;0;8180,71086;0,0008431;0,00000;1;;8180,71086
Ran66pmed2v3.10.2.txt;11618,20483;0,0000209;0,37182;0;8469,17707;0,0002395;0,00000;1;;8469,17707
Ran67pmed2v3.10.2.txt;9157,58198;0,0000176;0,13994;0;8033,38879;0,0004786;0,00000;1;;8033,38879
Ran68pmed2v3.10.2.txt;10502,35905;0,0000157;0,31717;0;7973,41838;0,0005659;0,00000;1;;7973,41838
Ran69pmed2v3.10.2.txt;8118,09564;0,0000137;0,13698;0;7140,04255;0,0017377;0,00000;1;;7140,04255
Ran70pmed2v3.10.2.txt;10909,23030;0,0000184;0,38391;0;7882,91566;0,0004482;0,00000;1;;7882,91566
Ran71pmed2v3.10.2.txt;9797,23284;0,0000118;0,21981;0;8031,76433;0,0003778;0,00000;1;;8031,76433
Ran72pmed2v3.10.2.txt;10203,20857;0,0000157;0,26966;0;8036,18370;0,0002995;0,00000;1;;8036,18370
Ran73pmed2v3.10.2.txt;8405,05192;0,0000153;0,17008;0;7183,32675;0,0009507;0,00000;1;;7183,32675
Ran74pmed2v3.10.2.txt;7835,89349;0,0000155;0,17509;0;6668,35250;0,0009089;0,00000;1;;6668,35250
Ran75pmed2v3.10.2.txt;9806,90155;0,0000173;0,23822;0;7920,16361;0,0003934;0,00000;1;;7920,16361
Ran76pmed2v3.10.2.txt;8935,39831;0,0000141;0,17490;0;7605,26626;0,0004677;0,00000;1;;7605,26626
Ran77pmed2v3.10.2.txt;8732,55098;0,0000125;0,22841;0;7108,85203;0,0014243;0,00000;1;;7108,85203
Ran78pmed2v3.10.2.txt;10426,70429;0,0000129;0,28244;0;8130,38879;0,0002947;0,00000;1;;8130,38879
Ran79pmed2v3.10.2.txt;10057,77998;0,0000169;0,30078;0;7732,09744;0,0003759;0,00000;1;;7732,09744
Ran80pmed2v3.10.2.txt;9605,19004;0,0000148;0,24450;0;7718,09744;0,0003714;0,00000;1;;7718,09744
Ran81pmed2v3.10.2.txt;8327,16311;0,0000114;0,09206;0;7625,21967;0,0003756;0,00000;1;;7625,21967
Ran82pmed2v3.10.2.txt;9864,18954;0,0000110;0,24901;0;7897,58059;0,0003881;0,00000;1;;7897,58059
Ran83pmed2v3.10.2.txt;9077,09735;0,0000119;0,20400;0;7539,10739;0,0007386;0,00000;1;;7539,10739
Ran84pmed2v3.10.2.txt;10813,38627;0,0000154;0,26823;0;8526,39388;0,0002969;0,00000;1;;8526,39388
Ran85pmed2v3.10.2.txt;8421,64183;0,0000144;0,15588;0;7285,93594;0,0009648;0,00000;1;;7285,93594
Ran86pmed2v3.10.2.txt;8433,02519;0,0000175;0,16597;0;7232,62460;0,0005595;0,00000;1;;7232,62460
Ran87pmed2v3.10.2.txt;8874,61055;0,0000135;0,19187;0;7445,94678;0,0005708;0,00000;1;;7445,94678
Ran88pmed2v3.10.2.txt;11235,43169;0,0000132;0,40326;0;8006,67900;0,0003057;0,00000;1;;8006,67900
Ran89pmed2v3.10.2.txt;9196,97140;0,0000110;0,21013;0;7599,97620;0,0012611;0,00000;1;;7599,97620
Ran90pmed2v3.10.2.txt;8317,19693;0,0000136;0,11428;0;7464,18689;0,0005644;0,00000;1;;7464,18689
Ran91pmed2v3.10.2.txt;8750,99066;0,0000166;0,22406;0;7149,13885;0,0008781;0,00000;1;;7149,13885
Ran92pmed2v3.10.2.txt;9659,63213;0,0000174;0,20347;0;8026,50611;0,0005778;0,00000;1;;8026,50611
Ran93pmed2v3.10.2.txt;8471,20242;0,0000198;0,21346;0;6981,05819;0,0008641;0,00000;1;;6981,05819
Ran94pmed2v3.10.2.txt;9970,89333;0,0000220;0,27903;0;7795,68818;0,0007757;0,00000;1;;7795,68818
Ran95pmed2v3.10.2.txt;7353,45974;0,0000256;0,12839;0;6516,79265;0,0030072;0,00000;1;;6516,79265
Ran96pmed2v3.10.2.txt;10898,88425;0,0000155;0,29165;0;8437,97198;0,0003805;0,00000;1;;8437,97198
Ran97pmed2v3.10.2.txt;9488,27533;0,0000163;0,22027;0;7775,57709;0,0009587;0,00000;1;;7775,57709
Ran98pmed2v3.10.2.txt;11329,40574;0,0000179;0,40522;0;8062,38879;0,0004275;0,00000;1;;8062,38879
Ran99pmed2v3.10.2.txt;8686,72542;0,0000157;0,23799;0;7016,80035;0,0014101;0,00000;1;;7016,80035
pmed3v3.10.2.txt;9770,25498;0,0000172;0,12935;0;8651,20743;0,0010415;0,00000;1;;8651,20743
Ran0pmed3v3.10.2.txt;9596,71271;0,0000175;0,15563;0;8304,30158;0,0015527;0,00000;1;;8304,30158
Ran1pmed3v3.10.2.txt;11658,26216;0,0000202;0,23071;0;9472,81775;0,0005773;0,00000;1;;9472,81775
Ran2pmed3v3.10.2.txt;11148,23407;0,0000181;0,13598;0;9813,72015;0,0006421;0,00000;1;;9813,72015
Ran3pmed3v3.10.2.txt;10311,88596;0,0000215;0,18461;0;8704,90531;0,0019645;0,00000;1;;8704,90531
Ran4pmed3v3.10.2.txt;10508,91401;0,0000158;0,13051;0;9295,72193;0,0007029;0,00000;1;;9295,72193
Ran5pmed3v3.10.2.txt;10183,82071;0,0000160;0,20489;0;8452,09613;0,0007447;0,00000;1;;8452,09613
Ran6pmed3v3.10.2.txt;11015,20250;0,0000143;0,17561;0;9369,78930;0,0004019;0,00000;1;;9369,78930
Ran7pmed3v3.10.2.txt;10578,54820;0,0000269;0,21324;0;8719,24194;0,0010339;0,00000;1;;8719,24194
Ran8pmed3v3.10.2.txt;10487,45640;0,0000149;0,20545;0;8700,05534;0,0008726;0,00000;1;;8700,05534
Ran9pmed3v3.10.2.txt;11094,60333;0,0000175;0,20159;0;9233,23661;0,0004544;0,00000;1;;9233,23661
Ran10pmed3v3.10.2.txt;9484,33177;0,0000136;0,13032;0;8390,83364;0,0006121;0,00000;1;;8390,83364
Ran11pmed3v3.10.2.txt;11404,69545;0,0000161;0,28752;0;8857,84440;0,0005388;0,00000;1;;8857,84440
Ran12pmed3v3.10.2.txt;10515,39166;0,0000227;0,15329;0;9117,74054;0,0004235;0,00000;1;;9117,74054
Ran13pmed3v3.10.2.txt;10029,89930;0,0000203;0,19526;0;8391,42833;0,0010872;0,00000;1;;8391,42833
Ran14pmed3v3.10.2.txt;10989,56009;0,0000203;0,18150;0;9301,32498;0,0007655;0,00000;1;;9301,32498
Ran15pmed3v3.10.2.txt;9731,53717;0,0000127;0,17818;0;8259,80560;0,0018162;0,00000;1;;8259,80560
Ran16pmed3v3.10.2.txt;11370,42453;0,0000152;0,16086;0;9794,83592;0,0003571;0,00000;1;;9794,83592
Ran17pmed3v3.10.2.txt;10440,02177;0,0000122;0,15152;0;9066,28329;0,0021695;0,00000;1;;9066,28329
Ran18pmed3v3.10.2.txt;10983,72477;0,0000827;0,15224;0;9532,46173;0,0006819;0,00000;1;;9532,46173
Ran19pmed3v3.10.2.txt;9199,83598;0,0000184;0,13381;0;8114,12485;0,0017194;0,00000;1;;8114,12485
Ran20pmed3v3.10.2.txt;10028,80906;0,0000216;0,20028;0;8355,37389;0,0010311;0,00000;1;;8355,37389
Ran21pmed3v3.10.2.txt;10458,41321;0,0000198;0,16991;0;8939,51076;0,0018695;0,00000;1;;8939,51076
Ran22pmed3v3.10.2.txt;10966,19754;0,0000230;0,11748;0;9813,32955;0,0004005;0,00000;1;;9813,32955
Ran23pmed3v3.10.2.txt;11758,41332;0,0000169;0,17709;0;9989,37835;0,0004676;0,00000;1;;9989,37835
Ran24pmed3v3.10.2.txt;9790,20604;0,0000160;0,17932;0;8301,54647;0,0010567;0,00000;1;;8301,54647
Ran25pmed3v3.10.2.txt;10769,65660;0,0000196;0,13959;0;9450,46528;0,0007791;0,00000;1;;9450,46528
Ran26pmed3v3.10.2.txt;11787,96441;0,0000248;0,15405;0;10214,44296;0,0003209;0,00000;1;;10214,44296
Ran27pmed3v3.10.2.txt;10390,77646;0,0000170;0,20099;0;8651,83115;0,0012154;0,00000;1;;8651,83115
Ran28pmed3v3.10.2.txt;9936,95168;0,0000183;0,06795;0;9304,74054;0,0004035;0,00000;1;;9304,74054
Ran29pmed3v3.10.2.txt;9942,29358;0,0000189;0,21879;0;8157,51053;0,0007716;0,00000;1;;8157,51053
Ran30pmed3v3.10.2.txt;9916,38497;0,0000198;0,18571;0;8363,22034;0,0007790;0,00000;1;;8363,22034
Ran31pmed3v3.10.2.txt;11341,34010;0,0000187;0,12416;0;10088,74355;0,0006483;0,00000;1;;10088,74355
Ran32pmed3v3.10.2.txt;10758,99039;0,0000264;0,15562;0;9310,18144;0,0012101;0,00000;1;;9310,18144
Ran33pmed3v3.10.2.txt;10381,67319;0,0000205;0,21287;0;8559,60673;0,0011287;0,00000;1;;8559,60673
Ran34pmed3v3.10.2.txt;11733,89665;0,0000177;0,17675;0;9971,46928;0,0004925;0,00000;1;;9971,46928
Ran35pmed3v3.10.2.txt;10015,36383;0,0000198;0,19071;0;8411,25349;0,0007954;0,00000;1;;8411,25349
Ran36pmed3v3.10.2.txt;9696,10968;0,0000191;0,12939;0;8585,27505;0,0015035;0,00000;1;;8585,27505
Ran37pmed3v3.10.2.txt;10689,35172;0,0000208;0,17586;0;9090,68016;0,0010962;0,00000;1;;9090,68016
Ran38pmed3v3.10.2.txt;11376,86768;0,0000191;0,11829;0;10173,41451;0,0003851;0,00000;1;;10173,41451
Ran39pmed3v3.10.2.txt;10807,69762;0,0000179;0,16083;0;9310,32356;0,0021747;0,00000;1;;9310,32356
Ran40pmed3v3.10.2.txt;10834,55249;0,0000175;0,13549;0;9541,69988;0,0019750;0,00000;1;;9541,69988
Ran41pmed3v3.10.2.txt;10460,17814;0,0000167;0,17664;0;8889,86296;0,0045923;0,00000;1;;8889,86296
Ran42pmed3v3.10.2.txt;12322,71148;0,0000385;0,26654;0;9729,45669;0,0016684;0,00000;1;;9729,45669
Ran43pmed3v3.10.2.txt;10724,74468;0,0000129;0,23829;0;8660,93090;0,0007692;0,00000;1;;8660,93090
Ran44pmed3v3.10.2.txt;10067,35759;0,0000136;0,14261;0;8810,82874;0,0011866;0,00000;1;;8810,82874
Ran45pmed3v3.10.2.txt;10329,70559;0,0000159;0,22661;0;8421,35761;0,0011083;0,00000;1;;8421,35761
Ran46pmed3v3.10.2.txt;10307,43191;0,0000142;0,18056;0;8730,96051;0,0006802;0,00000;1;;8730,96051
Ran47pmed3v3.10.2.txt;10792,36442;0,0000111;0,22328;0;8822,47262;0,0007819;0,00000;1;;8822,47262
Ran48pmed3v3.10.2.txt;11837,13884;0,0000142;0,24843;0;9481,61378;0,0004033;0,00000;1;;9481,61378
Ran49pmed3v3.10.2.txt;10729,75774;0,0000135;0,14448;0;9375,18664;0,0004366;0,00000;1;;9375,18664
Ran50pmed3v3.10.2.txt;11259,35882;0,0000266;0,11087;0;10135,63334;0,0005643;0,00000;1;;10135,63334
Ran51pmed3v3.10.2.txt;10346,51570;0,0000127;0,11615;0;9269,80010;0,0006178;0,00000;1;;9269,80010
Ran52pmed3v3.10.2.txt;10648,02010;0,0000139;0,18865;0;8958,07231;0,0005556;0,00000;1;;8958,07231
Ran53pmed3v3.10.2.txt;12388,34655;0,0000106;0,18167;0;10483,72330;0,0002878;0,00000;1;;10483,72330
Ran54pmed3v3.10.2.txt;10352,70869;0,0000101;0,16061;0;8920,08522;0,0007088;0,00000;1;;8920,08522
Ran55pmed3v3.10.2.txt;9980,97556;0,0000150;0,16886;0;8539,04236;0,0011163;0,00000;1;;8539,04236
Ran56pmed3v3.10.2.txt;11416,50923;0,0000196;0,22902;0;9289,11146;0,0005456;0,00000;1;;9289,11146
Ran57pmed3v3.10.2.txt;10816,77861;0,0000134;0,16546;0;9281,15026;0,0010229;0,00000;1;;9281,15026
Ran58pmed3v3.10.2.txt;10391,86961;0,0000119;0,21169;0;8576,32957;0,0023220;0,00000;1;;8576,32957
Ran59pmed3v3.10.2.txt;9622,43900;0,0000152;0,12139;0;8580,84084;0,0014994;0,00000;1;;8580,84084
Ran60pmed3v3.10.2.txt;9804,39159;0,0000159;0,12928;0;8681,96165;0,0010285;0,00000;1;;8681,96165
Ran61pmed3v3.10.2.txt;10007,02190;0,0000218;0,13945;0;8782,31444;0,0005795;0,00000;1;;8782,31444
Ran62pmed3v3.10.2.txt;12357,91215;0,0000164;0,13136;0;10923,04467;0,0002636;0,00000;1;;10923,04467
Ran63pmed3v3.10.2.txt;10386,78183;0,0000131;0,15459;0;8996,11146;0,0004683;0,00000;1;;8996,11146
Ran64pmed3v3.10.2.txt;10285,94702;0,0000187;0,20713;0;8521,00408;0,0009796;0,00000;1;;8521,00408
Ran65pmed3v3.10.2.txt;9993,07070;0,0000126;0,10535;0;9040,66402;0,0009368;0,00000;1;;9040,66402
Ran66pmed3v3.10.2.txt;9837,54417;0,0000124;0,08301;0;9083,53592;0,0012595;0,00000;1;;9083,53592
Ran67pmed3v3.10.2.txt;10608,39391;0,0000137;0,17134;0;9056,61844;0,0010239;0,00000;1;;9056,61844
Ran68pmed3v3.10.2.txt;8965,48479;0,0000128;0,12311;0;7982,76000;0,0016275;0,00000;1;;7982,76000
Ran69pmed3v3.10.2.txt;10819,93156;0,0000276;0,17349;0;9220,28475;0,0007739;0,00000;1;;9220,28475
Ran70pmed3v3.10.2.txt;10503,19775;0,0000130;0,16703;0;8999,95588;0,0005950;0,00000;1;;8999,95588
Ran71pmed3v3.10.2.txt;10600,87776;0,0000120;0,16599;0;9091,77685;0,0005306;0,00000;1;;9091,77685
Ran72pmed3v3.10.2.txt;10274,38811;0,0000153;0,20896;0;8498,56124;0,0012637;0,00000;1;;8498,56124
Ran73pmed3v3.10.2.txt;9821,00980;0,0000142;0,09985;0;8929,41438;0,0009745;0,00000;1;;8929,41438
Ran74pmed3v3.10.2.txt;10379,03361;0,0000144;0,16733;0;8891,29310;0,0011067;0,00000;1;;8891,29310
Ran75pmed3v3.10.2.txt;13239,30515;0,0000162;0,32331;0;10004,68110;0,0003318;0,00000;1;;10004,68110
Ran76pmed3v3.10.2.txt;10470,77527;0,0000153;0,13618;0;9215,74054;0,0004104;0,00000;1;;9215,74054
Ran77pmed3v3.10.2.txt;11208,89666;0,0000131;0,26367;0;8870,08400;0,0015212;0,00000;1;;8870,08400
Ran78pmed3v3.10.2.txt;10950,29920;0,0000203;0,12666;0;9719,23622;0,0007574;0,00000;1;;9719,23622
Ran79pmed3v3.10.2.txt;11562,11172;0,0000195;0,15361;0;10022,55172;0,0005278;0,00000;1;;10022,55172
Ran80pmed3v3.10.2.txt;11361,56635;0,0000171;0,13533;0;10007,30819;0,0005779;0,00000;1;;10007,30819
Ran81pmed3v3.10.2.txt;11317,20755;0,0000132;0,21093;0;9345,89912;0,0006277;0,00000;1;;9345,89912
Ran82pmed3v3.10.2.txt;10750,80789;0,0000158;0,12164;0;9584,86539;0,0007392;0,00000;1;;9584,86539
Ran83pmed3v3.10.2.txt;11561,34431;0,0000165;0,15236;0;10032,78543;0,0002903;0,00000;1;;10032,78543
Ran84pmed3v3.10.2.txt;9121,41409;0,0000135;0,10989;0;8218,28772;0,0014181;0,00000;1;;8218,28772
Ran85pmed3v3.10.2.txt;10798,29123;0,0000176;0,15989;0;9309,71739;0,0005067;0,00000;1;;9309,71739
Ran86pmed3v3.10.2.txt;9904,39652;0,0000211;0,20847;0;8195,78458;0,0011509;0,00000;1;;8195,78458
Ran87pmed3v3.10.2.txt;10773,73693;0,0000201;0,21976;0;8832,69362;0,0019497;0,00000;1;;8832,69362
Ran88pmed3v3.10.2.txt;11517,38489;0,0000138;0,11595;0;10320,68437;0,0003209;0,00000;1;;10320,68437
Ran89pmed3v3.10.2.txt;11481,83307;0,0000215;0,14744;0;10006,51627;0,0005718;0,00000;1;;10006,51627
Ran90pmed3v3.10.2.txt;11617,52625;0,0000119;0,18896;0;9771,14085;0,0004293;0,00000;1;;9771,14085
Ran91pmed3v3.10.2.txt;10784,19663;0,0000128;0,20809;0;8926,63634;0,0008652;0,00000;1;;8926,63634
Ran92pmed3v3.10.2.txt;9579,19863;0,0000115;0,13878;0;8411,82527;0,0010884;0,00000;1;;8411,82527
Ran93pmed3v3.10.2.txt;11104,05923;0,0000130;0,12904;0;9834,92641;0,0006574;0,00000;1;;9834,92641
Ran94pmed3v3.10.2.txt;10800,02106;0,0000106;0,10913;0;9737,41494;0,0004132;0,00000;1;;9737,41494
Ran95pmed3v3.10.2.txt;9951,98370;0,0000128;0,16546;0;8539,13792;0,0007152;0,00000;1;;8539,13792
Ran96pmed3v3.10.2.txt;8538,24990;0,0000122;0,10571;0;7721,96384;0,0018113;0,00000;1;;7721,96384
Ran97pmed3v3.10.2.txt;10938,31197;0,0000112;0,22653;0;8918,06608;0,0015469;0,00000;1;;8918,06608
Ran98pmed3v3.10.2.txt;11504,88566;0,0000144;0,14806;0;10021,14073;0,0002978;0,00000;1;;10021,14073
Ran99pmed3v3.10.2.txt;11503,16540;0,0000153;0,21088;0;9499,87822;0,0003977;0,00000;1;;9499,87822
pmed4v3.10.2.txt;8259,25491;0,0000146;0,12573;0;7336,77880;0,0049417;0,00000;1;;7336,77880
Ran0pmed4v3.10.2.txt;11118,57763;0,0000203;0,20919;0;9195,04711;0,0027093;0,00000;1;;9195,04711
Ran1pmed4v3.10.2.txt;10695,17876;0,0000246;0,19805;0;8927,17857;0,0023152;0,00000;1;;8927,17857
Ran2pmed4v3.10.2.txt;10179,01543;0,0000189;0,20829;0;8424,31854;0,0031723;0,00000;1;;8424,31854
Ran3pmed4v3.10.2.txt;9931,44086;0,0000159;0,20544;0;8238,87260;0,0032258;0,00000;1;;8238,87260
Ran4pmed4v3.10.2.txt;9905,92742;0,0000166;0,15178;0;8600,52920;0,0023564;0,00000;1;;8600,52920
Ran5pmed4v3.10.2.txt;10325,88177;0,0000161;0,19415;0;8647,03049;0,0030082;0,00000;1;;8647,03049
Ran6pmed4v3.10.2.txt;10729,87290;0,0000133;0,19436;0;8983,80207;0,0027627;0,00000;1;;8983,80207
Ran7pmed4v3.10.2.txt;10465,01348;0,0000134;0,23050;0;8504,68619;0,0029426;0,00000;1;;8504,68619
Ran8pmed4v3.10.2.txt;12028,18097;0,0000176;0,23893;0;9708,51384;0,0017517;0,00000;1;;9708,51384
Ran9pmed4v3.10.2.txt;12118,26703;0,0000138;0,34226;0;9028,25766;0,0022141;0,00000;1;;9028,25766
Ran10pmed4v3.10.2.txt;10170,84756;0,0000149;0,17098;0;8685,74886;0,0022757;0,00000;1;;8685,74886
Ran11pmed4v3.10.2.txt;10034,62149;0,0000117;0,15347;0;8699,50696;0,0027121;0,00000;1;;8699,50696
Ran12pmed4v3.10.2.txt;10737,05598;0,0000115;0,25156;0;8578,94467;0,0024909;0,00000;1;;8578,94467
Ran13pmed4v3.10.2.txt;10532,96099;0,0000150;0,22784;0;8578,46817;0,0026639;0,00000;1;;8578,46817
Ran14pmed4v3.10.2.txt;10450,98117;0,0000154;0,18437;0;8824,08277;0,0036131;0,00000;1;;8824,08277
Ran15pmed4v3.10.2.txt;9487,51855;0,0000140;0,18038;0;8037,70432;0,0028918;0,00000;1;;8037,70432
Ran16pmed4v3.10.2.txt;10574,98797;0,0000145;0,19008;0;8885,92014;0,0041992;0,00000;1;;8885,92014
Ran17pmed4v3.10.2.txt;10949,57472;0,0000164;0,17107;0;9350,05233;0,0013548;0,00000;1;;9350,05233
Ran18pmed4v3.10.2.txt;10333,88648;0,0000128;0,12064;0;9221,38964;0,0016287;0,00000;1;;9221,38964
Ran19pmed4v3.10.2.txt;10785,09948;0,0000122;0,26638;0;8516,50538;0,0022981;0,00000;1;;8516,50538
Ran20pmed4v3.10.2.txt;10238,85481;0,0000117;0,26203;0;8113,00019;0,0023485;0,00000;1;;8113,00019
Ran21pmed4v3.10.2.txt;10436,24943;0,0000108;0,22968;0;8486,95929;0,0031035;0,00000;1;;8486,95929
Ran22pmed4v3.10.2.txt;10096,55451;0,0000123;0,19797;0;8428,05521;0,0023294;0,00000;1;;8428,05521
Ran23pmed4v3.10.2.txt;10429,24377;0,0000153;0,19388;0;8735,60324;0,0039734;0,00000;1;;8735,60324
Ran24pmed4v3.10.2.txt;11578,25683;0,0000179;0,25813;0;9202,77623;0,0021558;0,00000;1;;9202,77623
Ran25pmed4v3.10.2.txt;9668,67376;0,0000171;0,16020;0;8333,63116;0,0025595;0,00000;1;;8333,63116
Ran26pmed4v3.10.2.txt;9899,04072;0,0000141;0,15622;0;8561,58639;0,0042885;0,00000;1;;8561,58639
Ran27pmed4v3.10.2.txt;10654,81258;0,0000164;0,24765;0;8539,92898;0,0036646;0,00000;1;;8539,92898
Ran28pmed4v3.10.2.txt;10149,68494;0,0000179;0,21866;0;8328,53311;0,0030128;0,00000;1;;8328,53311
Ran29pmed4v3.10.2.txt;11388,17293;0,0000170;0,20583;0;9444,22962;0,0038166;0,00000;1;;9444,22962
Ran30pmed4v3.10.2.txt;10505,53904;0,0000178;0,32931;0;7903,02329;0,0027137;0,00000;1;;7903,02329
Ran31pmed4v3.10.2.txt;9179,09313;0,0000160;0,12853;0;8133,70605;0,0036186;0,00000;1;;8133,70605
Ran32pmed4v3.10.2.txt;11504,37628;0,0000195;0,30300;0;8829,12399;0,0022137;0,00000;1;;8829,12399
Ran33pmed4v3.10.2.txt;11225,25300;0,0000182;0,26434;0;8878,35399;0,0025085;0,00000;1;;8878,35399
Ran34pmed4v3.10.2.txt;11612,13014;0,0000187;0,25783;0;9231,87129;0,0019234;0,00000;1;;9231,87129
Ran35pmed4v3.10.2.txt;10303,05840;0,0000133;0,16393;0;8851,94862;0,0024035;0,00000;1;;8851,94862
Ran36pmed4v3.10.2.txt;11014,37796;0,0000315;0,24497;0;8847,09347;0,0038909;0,00000;1;;8847,09347
Ran37pmed4v3.10.2.txt;10194,39237;0,0000212;0,24693;0;8175,58836;0,0030107;0,00000;1;;8175,58836
Ran38pmed4v3.10.2.txt;10599,79611;0,0000231;0,24374;0;8522,48944;0,0027532;0,00000;1;;8522,48944
Ran39pmed4v3.10.2.txt;9948,91918;0,0000178;0,17281;0;8483,01082;0,0032762;0,00000;1;;8483,01082
Ran40pmed4v3.10.2.txt;10797,42621;0,0000163;0,18155;0;9138,32557;0,0014342;0,00000;1;;9138,32557
Ran41pmed4v3.10.2.txt;10657,59366;0,0000165;0,22692;0;8686,46007;0,0042225;0,00000;1;;8686,46007
Ran42pmed4v3.10.2.txt;11248,97398;0,0000184;0,24591;0;9028,72654;0,0031632;0,00000;1;;9028,72654
Ran43pmed4v3.10.2.txt;10771,97222;0,0000197;0,15097;0;9359,00814;0,0035387;0,00000;1;;9359,00814
Ran44pmed4v3.10.2.txt;10938,19830;0,0000196;0,24771;0;8766,61530;0,0038071;0,00000;1;;8766,61530
Ran45pmed4v3.10.2.txt;10600,19198;0,0000171;0,17364;0;9031,92525;0,0020475;0,00000;1;;9031,92525
Ran46pmed4v3.10.2.txt;11702,41918;0,0000259;0,26093;0;9280,80611;0,0017772;0,00000;1;;9280,80611
Ran47pmed4v3.10.2.txt;10678,33326;0,0000227;0,20998;0;8825,25110;0,0039785;0,00000;1;;8825,25110
Ran48pmed4v3.10.2.txt;10197,49795;0,0000643;0,18134;0;8632,17150;0,0050343;0,00000;1;;8632,17150
Ran49pmed4v3.10.2.txt;10831,34634;0,0000181;0,21704;0;8899,76678;0,0053002;0,00000;1;;8899,76678
Ran50pmed4v3.10.2.txt;10104,79937;0,0000184;0,16787;0;8652,30522;0,0085832;0,00000;1;;8652,30522
Ran51pmed4v3.10.2.txt;10611,14050;0,0000192;0,13895;0;9316,61354;0,0023268;0,00000;1;;9316,61354
Ran52pmed4v3.10.2.txt;10482,05997;0,0000166;0,27367;0;8229,81936;0,0025943;0,00000;1;;8229,81936
Ran53pmed4v3.10.2.txt;10140,14630;0,0000148;0,19289;0;8500,51760;0,0032753;0,00000;1;;8500,51760
Ran54pmed4v3.10.2.txt;9910,76080;0,0000164;0,19829;0;8270,78050;0,0023936;0,00000;1;;8270,78050
Ran55pmed4v3.10.2.txt;10084,23864;0,0000150;0,28224;0;7864,55429;0,0034179;0,00000;1;;7864,55429
Ran56pmed4v3.10.2.txt;11389,67011;0,0000148;0,28560;0;8859,44390;0,0026503;0,00000;1;;8859,44390
Ran57pmed4v3.10.2.txt;9919,29961;0,0000122;0,16903;0;8485,08876;0,0042611;0,00000;1;;8485,08876
Ran58pmed4v3.10.2.txt;10677,55062;0,0000138;0,27123;0;8399,35335;0,0024111;0,00000;1;;8399,35335
Ran59pmed4v3.10.2.txt;11081,30613;0,0000148;0,22486;0;9047,00250;0,0017571;0,00000;1;;9047,00250
Ran60pmed4v3.10.2.txt;10499,83135;0,0000131;0,27937;0;8207,03853;0,0030530;0,00000;1;;8207,03853
Ran61pmed4v3.10.2.txt;10181,46710;0,0000121;0,20543;0;8446,35631;0,0054192;0,00000;1;;8446,35631
Ran62pmed4v3.10.2.txt;10221,14424;0,0000164;0,14969;0;8890,35674;0,0024485;0,00000;1;;8890,35674
Ran63pmed4v3.10.2.txt;10352,05206;0,0000134;0,23627;0;8373,59641;0,0016590;0,00000;1;;8373,59641
Ran64pmed4v3.10.2.txt;10192,34702;0,0000131;0,20378;0;8466,95702;0,0022529;0,00000;1;;8466,95702
Ran65pmed4v3.10.2.txt;10304,37373;0,0000152;0,15766;0;8901,07024;0,0021025;0,00000;1;;8901,07024
Ran66pmed4v3.10.2.txt;10382,52294;0,0000135;0,21635;0;8535,81498;0,0015369;0,00000;1;;8535,81498
Ran67pmed4v3.10.2.txt;9922,12100;0,0000121;0,14715;0;8649,35035;0,0019505;0,00000;1;;8649,35035
Ran68pmed4v3.10.2.txt;9434,56130;0,0000139;0,16118;0;8124,99103;0,0028139;0,00000;1;;8124,99103
Ran69pmed4v3.10.2.txt;9862,59560;0,0000122;0,19898;0;8225,82513;0,0035615;0,00000;1;;8225,82513
Ran70pmed4v3.10.2.txt;9563,60786;0,0000134;0,18872;0;8045,27321;0,0028642;0,00000;1;;8045,27321
Ran71pmed4v3.10.2.txt;10702,84191;0,0000142;0,19992;0;8919,65205;0,0016867;0,00000;1;;8919,65205
Ran72pmed4v3.10.2.txt;10707,49969;0,0000122;0,25209;0;8551,66772;0,0032360;0,00000;1;;8551,66772
Ran73pmed4v3.10.2.txt;10488,87496;0,0000120;0,20288;0;8719,83610;0,0018176;0,00000;1;;8719,83610
Ran74pmed4v3.10.2.txt;10811,06988;0,0000127;0,20837;0;8946,80275;0,0016965;0,00000;1;;8946,80275
Ran75pmed4v3.10.2.txt;9665,29499;0,0000121;0,20355;0;8030,66654;0,0026988;0,00000;1;;8030,66654
Ran76pmed4v3.10.2.txt;9995,00357;0,0000141;0,20489;0;8295,39260;0,0027294;0,00000;1;;8295,39260
Ran77pmed4v3.10.2.txt;10455,02331;0,0000141;0,20379;0;8685,08614;0,0029970;0,00000;1;;8685,08614
Ran78pmed4v3.10.2.txt;11227,05503;0,0000124;0,28090;0;8764,95210;0,0021887;0,00000;1;;8764,95210
Ran79pmed4v3.10.2.txt;10249,38885;0,0000124;0,29893;0;7890,63218;0,0023537;0,00000;1;;7890,63218
Ran80pmed4v3.10.2.txt;10119,18695;0,0000119;0,20909;0;8369,26841;0,0019128;0,00000;1;;8369,26841
Ran81pmed4v3.10.2.txt;10562,39506;0,0000123;0,19278;0;8855,25742;0,0027081;0,00000;1;;8855,25742
Ran82pmed4v3.10.2.txt;10407,28044;0,0000167;0,26784;0;8208,70094;0,0027482;0,00000;1;;8208,70094
Ran83pmed4v3.10.2.txt;10996,38436;0,0000155;0,24740;0;8815,41805;0,0021814;0,00000;1;;8815,41805
Ran84pmed4v3.10.2.txt;10996,01438;0,0000173;0,25300;0;8775,75930;0,0019034;0,00000;1;;8775,75930
Ran85pmed4v3.10.2.txt;10954,89780;0,0000168;0,19732;0;9149,48517;0,0028486;0,00000;1;;9149,48517
Ran86pmed4v3.10.2.txt;10507,30554;0,0000179;0,25481;0;8373,64106;0,0032063;0,00000;1;;8373,64106
Ran87pmed4v3.10.2.txt;9963,07247;0,0000181;0,20587;0;8262,17838;0,0024856;0,00000;1;;8262,17838
Ran88pmed4v3.10.2.txt;11061,53737;0,0000174;0,29972;0;8510,70679;0,0019907;0,00000;1;;8510,70679
Ran89pmed4v3.10.2.txt;10650,00913;0,0000155;0,23601;0;8616,46753;0,0021626;0,00000;1;;8616,46753
Ran90pmed4v3.10.2.txt;9063,52476;0,0000168;0,09910;0;8246,30693;0,0033751;0,00000;1;;8246,30693
Ran91pmed4v3.10.2.txt;10712,82147;0,0000188;0,30514;0;8208,19697;0,0021472;0,00000;1;;8208,19697
Ran92pmed4v3.10.2.txt;10916,78512;0,0000204;0,19856;0;9108,24584;0,0013268;0,00000;1;;9108,24584
Ran93pmed4v3.10.2.txt;12269,02325;0,0000192;0,32562;0;9255,28452;0,0008307;0,00000;1;;9255,28452
Ran94pmed4v3.10.2.txt;11244,40244;0,0000159;0,25378;0;8968,41393;0,0021266;0,00000;1;;8968,41393
Ran95pmed4v3.10.2.txt;12031,66564;0,0000164;0,26722;0;9494,54525;0,0022771;0,00000;1;;9494,54525
Ran96pmed4v3.10.2.txt;9924,04300;0,0000144;0,22419;0;8106,61946;0,0022027;0,00000;1;;8106,61946
Ran97pmed4v3.10.2.txt;10578,43861;0,0000146;0,30240;0;8122,25405;0,0021962;0,00000;1;;8122,25405
Ran98pmed4v3.10.2.txt;10406,45677;0,0000143;0,24224;0;8377,19916;0,0020078;0,00000;1;;8377,19916
Ran99pmed4v3.10.2.txt;11411,49049;0,0000180;0,33070;0;8575,54903;0,0021441;0,00000;1;;8575,54903
pmed5v3.10.2.txt;5025,98232;0,0000161;0,12263;0;4476,95721;0,0788255;0,00000;1;;4476,95721
Ran0pmed5v3.10.2.txt;9196,16648;0,0000220;0,25385;0;7334,36292;0,0062821;0,00000;1;;7334,36292
Ran1pmed5v3.10.2.txt;9662,74079;0,0000218;0,26055;0;7665,46777;0,0060002;0,00000;1;;7665,46777
Ran2pmed5v3.10.2.txt;8981,51678;0,0000206;0,19559;0;7512,20544;0,0076574;0,00000;1;;7512,20544
Ran3pmed5v3.10.2.txt;8484,85303;0,0000195;0,21665;0;6973,96411;0,0065946;0,00000;1;;6973,96411
Ran4pmed5v3.10.2.txt;9126,80245;0,0000201;0,17699;0;7754,35324;0,0068886;0,00000;1;;7754,35324
Ran5pmed5v3.10.2.txt;9950,43059;0,0000212;0,35075;0;7366,59849;0,0032724;0,00000;1;;7366,59849
Ran6pmed5v3.10.2.txt;9193,70698;0,0000182;0,20345;0;7639,47644;0,0029718;0,00000;1;;7639,47644
Ran7pmed5v3.10.2.txt;8285,85490;0,0000195;0,19854;0;6913,26648;0,0084042;0,00000;1;;6913,26648
Ran8pmed5v3.10.2.txt;9132,94429;0,0000205;0,28514;0;7106,59750;0,0061279;0,00000;1;;7106,59750
Ran9pmed5v3.10.2.txt;9081,78682;0,0000197;0,14906;0;7903,68493;0,0101086;0,00000;1;;7903,68493
Ran10pmed5v3.10.2.txt;8958,60078;0,0000227;0,28940;0;6947,90886;0,0062998;0,00000;1;;6947,90886
Ran11pmed5v3.10.2.txt;8581,52047;0,0000206;0,23977;0;6921,83890;0,0084391;0,00000;1;;6921,83890
Ran12pmed5v3.10.2.txt;8605,90765;0,0000217;0,16937;0;7359,43701;0,0065889;0,00000;1;;7359,43701
Ran13pmed5v3.10.2.txt;8732,11818;0,0000202;0,16548;0;7492,27209;0,0088596;0,00000;1;;7492,27209
Ran14pmed5v3.10.2.txt;9056,65885;0,0000202;0,26746;0;7145,52872;0,0059601;0,00000;1;;7145,52872
Ran15pmed5v3.10.2.txt;8984,80144;0,0000252;0,19819;0;7498,63074;0,0063629;0,00000;1;;7498,63074
Ran16pmed5v3.10.2.txt;8939,71860;0,0000181;0,28996;0;6930,20523;0,0058588;0,00000;1;;6930,20523
Ran17pmed5v3.10.2.txt;9257,37445;0,0000224;0,25952;0;7349,91549;0,0061590;0,00000;1;;7349,91549
Ran18pmed5v3.10.2.txt;8503,56390;0,0000198;0,25159;0;6794,21239;0,0057905;0,00000;1;;6794,21239
Ran19pmed5v3.10.2.txt;9223,87619;0,0000211;0,18707;0;7770,25985;0,0053415;0,00000;1;;7770,25985
Ran20pmed5v3.10.2.txt;9764,48289;0,0000215;0,21461;0;8039,17416;0,0051731;0,00000;1;;8039,17416
Ran21pmed5v3.10.2.txt;9837,20631;0,0000194;0,24629;0;7893,17382;0,0026834;0,00000;1;;7893,17382
Ran22pmed5v3.10.2.txt;9221,98542;0,0000187;0,24414;0;7412,34231;0,0048912;0,00000;1;;7412,34231
Ran23pmed5v3.10.2.txt;9666,90002;0,0000187;0,27341;0;7591,35859;0,0052399;0,00000;1;;7591,35859
Ran24pmed5v3.10.2.txt;9052,59745;0,0000183;0,23705;0;7317,89376;0,0050711;0,00000;1;;7317,89376
Ran25pmed5v3.10.2.txt;8511,85685;0,0000203;0,17542;0;7241,54597;0,0095414;0,00000;1;;7241,54597
Ran26pmed5v3.10.2.txt;9751,60338;0,0000217;0,26888;0;7685,18250;0,0048936;0,00000;1;;7685,18250
Ran27pmed5v3.10.2.txt;8328,62033;0,0000182;0,11911;0;7442,17766;0,0067890;0,00000;1;;7442,17766
Ran28pmed5v3.10.2.txt;9561,61990;0,0000212;0,33975;0;7136,89354;0,0052645;0,00000;1;;7136,89354
Ran29pmed5v3.10.2.txt;9650,55386;0,0000206;0,21540;0;7940,20906;0,0031785;0,00000;1;;7940,20906
Ran30pmed5v3.10.2.txt;10077,13688;0,0000203;0,24117;0;8119,03298;0,0027690;0,00000;1;;8119,03298
Ran31pmed5v3.10.2.txt;9556,17444;0,0000271;0,30567;0;7318,96454;0,0070502;0,00000;1;;7318,96454
Ran32pmed5v3.10.2.txt;8776,10702;0,0000216;0,19587;0;7338,70649;0,0056241;0,00000;1;;7338,70649
Ran33pmed5v3.10.2.txt;9032,12516;0,0000211;0,17135;0;7710,89194;0,0078892;0,00000;1;;7710,89194
Ran34pmed5v3.10.2.txt;8467,11742;0,0000207;0,17254;0;7221,16230;0,0069172;0,00000;1;;7221,16230
Ran35pmed5v3.10.2.txt;9010,05827;0,0000396;0,19938;0;7512,29005;0,0072523;0,00000;1;;7512,29005
Ran36pmed5v3.10.2.txt;8510,34464;0,0000168;0,23630;0;6883,74872;0,0081320;0,00000;1;;6883,74872
Ran37pmed5v3.10.2.txt;9524,00079;0,0000158;0,27995;0;7440,90953;0,0035184;0,00000;1;;7440,90953
Ran38pmed5v3.10.2.txt;8676,07320;0,0000225;0,21328;0;7150,89545;0,0051967;0,00000;1;;7150,89545
Ran39pmed5v3.10.2.txt;9359,45132;0,0000194;0,25178;0;7476,89148;0,0050922;0,00000;1;;7476,89148
Ran40pmed5v3.10.2.txt;8685,78967;0,0000264;0,23894;0;7010,64285;0,0130765;0,00000;1;;7010,64285
Ran41pmed5v3.10.2.txt;8836,55662;0,0000220;0,16062;0;7613,62307;0,0102066;0,00000;1;;7613,62307
Ran42pmed5v3.10.2.txt;8997,88391;0,0000210;0,25594;0;7164,27576;0,0053859;0,00000;1;;7164,27576
Ran43pmed5v3.10.2.txt;9067,14454;0,0000245;0,24514;0;7282,05296;0,0046475;0,00000;1;;7282,05296
Ran44pmed5v3.10.2.txt;8979,18930;0,0000202;0,20605;0;7445,12542;0,0031390;0,00000;1;;7445,12542
Ran45pmed5v3.10.2.txt;8605,63649;0,0000188;0,22367;0;7032,65426;0,0074010;0,00000;1;;7032,65426
Ran46pmed5v3.10.2.txt;9023,70870;0,0000200;0,19384;0;7558,57275;0,0048740;0,00000;1;;7558,57275
Ran47pmed5v3.10.2.txt;9233,43640;0,0000194;0,24996;0;7387,00084;0,0063224;0,00000;1;;7387,00084
Ran48pmed5v3.10.2.txt;8859,90824;0,0000209;0,21999;0;7262,26630;0,0072828;0,00000;1;;7262,26630
Ran49pmed5v3.10.2.txt;9575,57069;0,0000212;0,22256;0;7832,37412;0,0054850;0,00000;1;;7832,37412
Ran50pmed5v3.10.2.txt;9185,07328;0,0000201;0,24394;0;7383,85119;0,0052591;0,00000;1;;7383,85119
Ran51pmed5v3.10.2.txt;9332,70986;0,0000192;0,25747;0;7421,80820;0,0036714;0,00000;1;;7421,80820
Ran52pmed5v3.10.2.txt;8774,27564;0,0000225;0,13640;0;7721,08239;0,0052087;0,00000;1;;7721,08239
Ran53pmed5v3.10.2.txt;9079,17534;0,0000229;0,31684;0;6894,65929;0,0047849;0,00000;1;;6894,65929
Ran54pmed5v3.10.2.txt;8944,40430;0,0000220;0,23708;0;7230,25225;0,0063413;0,00000;1;;7230,25225
Ran55pmed5v3.10.2.txt;9784,75019;0,0000253;0,22218;0;8005,99663;0,0039846;0,00000;1;;8005,99663
Ran56pmed5v3.10.2.txt;8903,50152;0,0000198;0,21797;0;7310,09515;0,0040622;0,00000;1;;7310,09515
Ran57pmed5v3.10.2.txt;9570,10396;0,0000206;0,25746;0;7610,67914;0,0031227;0,00000;1;;7610,67914
Ran58pmed5v3.10.2.txt;10132,12549;0,0000207;0,31978;0;7677,12327;0,0030358;0,00000;1;;7677,12327
Ran59pmed5v3.10.2.txt;9063,21960;0,0000372;0,18341;0;7658,54375;0,0087679;0,00000;1;;7658,54375
Ran60pmed5v3.10.2.txt;9473,18827;0,0000279;0,23482;0;7671,73495;0,0039048;0,00000;1;;7671,73495
Ran61pmed5v3.10.2.txt;8662,81340;0,0000303;0,22656;0;7062,68503;0,0046678;0,00000;1;;7062,68503
Ran62pmed5v3.10.2.txt;9009,36931;0,0000291;0,25965;0;7152,27728;0,0044879;0,00000;1;;7152,27728
Ran63pmed5v3.10.2.txt;9773,48972;0,0000235;0,28197;0;7623,81170;0,0064492;0,00000;1;;7623,81170
Ran64pmed5v3.10.2.txt;8935,10017;0,0000245;0,16161;0;7691,99738;0,0056939;0,00000;1;;7691,99738
Ran65pmed5v3.10.2.txt;8779,26409;0,0000291;0,19479;0;7347,96274;0,0080855;0,00000;1;;7347,96274
Ran66pmed5v3.10.2.txt;9380,89581;0,0000249;0,29204;0;7260,54329;0,0104139;0,00000;1;;7260,54329
Ran67pmed5v3.10.2.txt;9492,79522;0,0000277;0,27908;0;7421,57683;0,0072321;0,00000;1;;7421,57683
Ran68pmed5v3.10.2.txt;8917,12130;0,0000234;0,20918;0;7374,51239;0,0069025;0,00000;1;;7374,51239
Ran69pmed5v3.10.2.txt;9934,63561;0,0000198;0,22493;0;8110,35521;0,0038653;0,00000;1;;8110,35521
Ran70pmed5v3.10.2.txt;9600,23251;0,0000197;0,23383;0;7780,83436;0,0038436;0,00000;1;;7780,83436
Ran71pmed5v3.10.2.txt;8756,53748;0,0000212;0,32088;0;6629,30172;0,0054731;0,00000;1;;6629,30172
Ran72pmed5v3.10.2.txt;8788,47670;0,0000230;0,22493;0;7174,69435;0,0039796;0,00000;1;;7174,69435
Ran73pmed5v3.10.2.txt;9627,77036;0,0000231;0,26804;0;7592,64300;0,0061260;0,00000;1;;7592,64300
Ran74pmed5v3.10.2.txt;8843,50463;0,0000221;0,18455;0;7465,71028;0,0070631;0,00000;1;;7465,71028
Ran75pmed5v3.10.2.txt;9186,91363;0,0000193;0,21254;0;7576,61116;0,0052858;0,00000;1;;7576,61116
Ran76pmed5v3.10.2.txt;8711,35005;0,0000204;0,16012;0;7509,01795;0,0040849;0,00000;1;;7509,01795
Ran77pmed5v3.10.2.txt;9578,22110;0,0000218;0,24015;0;7723,43957;0,0041683;0,00000;1;;7723,43957
Ran78pmed5v3.10.2.txt;9233,35882;0,0000222;0,23151;0;7497,59569;0,0031363;0,00000;1;;7497,59569
Ran79pmed5v3.10.2.txt;9529,50228;0,0000230;0,23280;0;7729,95324;0,0028643;0,00000;1;;7729,95324
Ran80pmed5v3.10.2.txt;9277,57186;0,0000215;0,32290;0;7013,07323;0,0045752;0,00000;1;;7013,07323
Ran81pmed5v3.10.2.txt;9075,15472;0,0000294;0,30147;0;6973,01028;0,0055460;0,00000;1;;6973,01028
Ran82pmed5v3.10.2.txt;9634,45610;0,0000222;0,21054;0;7958,81843;0,0049195;0,00000;1;;7958,81843
Ran83pmed5v3.10.2.txt;8859,46453;0,0000257;0,23863;0;7152,61123;0,0058234;0,00000;1;;7152,61123
Ran84pmed5v3.10.2.txt;9324,47732;0,0000211;0,21613;0;7667,33728;0,0033368;0,00000;1;;7667,33728
Ran85pmed5v3.10.2.txt;9137,24604;0,0000204;0,24500;0;7339,14535;0,0046268;0,00000;1;;7339,14535
Ran86pmed5v3.10.2.txt;9402,95261;0,0000194;0,24626;0;7544,94123;0,0038237;0,00000;1;;7544,94123
Ran87pmed5v3.10.2.txt;9402,71014;0,0000167;0,25637;0;7484,02909;0,0053051;0,00000;1;;7484,02909
Ran88pmed5v3.10.2.txt;9487,27149;0,0000184;0,19237;0;7956,67100;0,0044090;0,00000;1;;7956,67100
Ran89pmed5v3.10.2.txt;8459,54448;0,0000160;0,12100;0;7546,41984;0,0072644;0,00000;1;;7546,41984
Ran90pmed5v3.10.2.txt;9547,87243;0,0000151;0,23332;0;7741,57462;0,0060758;0,00000;1;;7741,57462
Ran91pmed5v3.10.2.txt;8683,19000;0,0000179;0,26569;0;6860,45497;0,0069407;0,00000;1;;6860,45497
Ran92pmed5v3.10.2.txt;9479,73939;0,0000203;0,22283;0;7752,30539;0,0027219;0,00000;1;;7752,30539
Ran93pmed5v3.10.2.txt;8987,01375;0,0000182;0,23228;0;7293,00961;0,0041136;0,00000;1;;7293,00961
Ran94pmed5v3.10.2.txt;8906,42927;0,0000160;0,13669;0;7835,42042;0,0052521;0,00000;1;;7835,42042
Ran95pmed5v3.10.2.txt;8625,83293;0,0000151;0,21656;0;7090,36061;0,0040465;0,00000;1;;7090,36061
Ran96pmed5v3.10.2.txt;8919,47530;0,0000148;0,20233;0;7418,48445;0,0053284;0,00000;1;;7418,48445
Ran97pmed5v3.10.2.txt;9249,66435;0,0000167;0,24602;0;7423,37635;0,0045954;0,00000;1;;7423,37635
Ran98pmed5v3.10.2.txt;9148,78192;0,0000156;0,31354;0;6964,99508;0,0041210;0,00000;1;;6964,99508
Ran99pmed5v3.10.2.txt;8974,00985;0,0000146;0,25601;0;7144,83246;0,0054942;0,00000;1;;7144,83246
pmed8v3.10.2.txt;11845,72630;0,0000285;0,24136;0;9542,56891;0,0041018;0,00000;1;;9542,56891
Ran0pmed8v3.10.2.txt;11123,21722;0,0000295;0,17124;0;9496,93089;0,0023193;0,00000;1;;9496,93089
Ran1pmed8v3.10.2.txt;12251,22135;0,0000308;0,24324;0;9854,26654;0,0032639;0,00000;1;;9854,26654
Ran2pmed8v3.10.2.txt;12614,79941;0,0000361;0,26366;0;9982,76467;0,0015038;0,00000;1;;9982,76467
Ran3pmed8v3.10.2.txt;11871,44041;0,0000307;0,21606;0;9762,17922;0,0024011;0,00000;1;;9762,17922
Ran4pmed8v3.10.2.txt;13153,71274;0,0000285;0,27984;0;10277,65057;0,0027483;0,00000;1;;10277,65057
Ran5pmed8v3.10.2.txt;11644,31818;0,0000285;0,15976;0;10040,29234;0,0027382;0,00000;1;;10040,29234
Ran6pmed8v3.10.2.txt;12670,51589;0,0000314;0,29114;0;9813,41301;0,0041011;0,00000;1;;9813,41301
Ran7pmed8v3.10.2.txt;11854,49769;0,0000240;0,17308;0;10105,44943;0,0023588;0,00000;1;;10105,44943
Ran8pmed8v3.10.2.txt;11021,04483;0,0000276;0,16843;0;9432,37661;0,0099118;0,00000;1;;9432,37661
Ran9pmed8v3.10.2.txt;12320,42049;0,0000242;0,24073;0;9929,99779;0,0027583;0,00000;1;;9929,99779
Ran10pmed8v3.10.2.txt;11757,66649;0,0000278;0,27291;0;9236,86401;0,0058356;0,00000;1;;9236,86401
Ran11pmed8v3.10.2.txt;11924,54594;0,0000209;0,16546;0;10231,58197;0,0044001;0,00000;1;;10231,58197
Ran12pmed8v3.10.2.txt;11579,02355;0,0000273;0,24324;0;9313,58133;0,0048041;0,00000;1;;9313,58133
Ran13pmed8v3.10.2.txt;11558,83442;0,0000285;0,19136;0;9702,24607;0,0036170;0,00000;1;;9702,24607
Ran14pmed8v3.10.2.txt;11193,17760;0,0000278;0,18486;0;9446,80239;0,0063785;0,00000;1;;9446,80239
Ran15pmed8v3.10.2.txt;11844,07230;0,0000275;0,27729;0;9272,78701;0,0025405;0,00000;1;;9272,78701
Ran16pmed8v3.10.2.txt;12302,78729;0,0000250;0,23386;0;9970,99131;0,0017090;0,00000;1;;9970,99131
Ran17pmed8v3.10.2.txt;11461,48199;0,0000239;0,11073;0;10318,84758;0,0022887;0,00000;1;;10318,84758
Ran18pmed8v3.10.2.txt;10957,91650;0,0000305;0,13995;0;9612,64435;0,0061538;0,00000;1;;9612,64435
Ran19pmed8v3.10.2.txt;11342,22733;0,0000262;0,20081;0;9445,47265;0,0030086;0,00000;1;;9445,47265
Ran20pmed8v3.10.2.txt;11504,03313;0,0000262;0,11944;0;10276,61293;0,0028040;0,00000;1;;10276,61293
Ran21pmed8v3.10.2.txt;10636,11857;0,0000251;0,15363;0;9219,67939;0,0040307;0,00000;1;;9219,67939
Ran22pmed8v3.10.2.txt;12286,89034;0,0000320;0,26584;0;9706,51040;0,0052787;0,00000;1;;9706,51040
Ran23pmed8v3.10.2.txt;11549,95889;0,0000304;0,15655;0;9986,57522;0,0017790;0,00000;1;;9986,57522
Ran24pmed8v3.10.2.txt;13743,38754;0,0000254;0,26085;0;10900,10597;0,0009282;0,00000;1;;10900,10597
Ran25pmed8v3.10.2.txt;12492,50528;0,0000240;0,17971;0;10589,51362;0,0023331;0,00000;1;;10589,51362
Ran26pmed8v3.10.2.txt;11443,31036;0,0000285;0,13740;0;10060,98047;0,0021102;0,00000;1;;10060,98047
Ran27pmed8v3.10.2.txt;12280,98542;0,0000231;0,26912;0;9676,73870;0,0022507;0,00000;1;;9676,73870
Ran28pmed8v3.10.2.txt;12206,03999;0,0000300;0,19284;0;10232,71966;0,0021091;0,00000;1;;10232,71966
Ran29pmed8v3.10.2.txt;11239,77110;0,0000273;0,15966;0;9692,33285;0,0040828;0,00000;1;;9692,33285
Ran30pmed8v3.10.2.txt;10982,05847;0,0000275;0,14296;0;9608,45231;0,0070458;0,00000;1;;9608,45231
Ran31pmed8v3.10.2.txt;10111,56045;0,0000292;0,12572;0;8982,33278;0,0107786;0,00000;1;;8982,33278
Ran32pmed8v3.10.2.txt;11743,97664;0,0000258;0,23126;0;9538,18372;0,0038310;0,00000;1;;9538,18372
Ran33pmed8v3.10.2.txt;10433,45514;0,0000219;0,11938;0;9320,72817;0,0055423;0,00000;1;;9320,72817
Ran34pmed8v3.10.2.txt;11364,65091;0,0000229;0,16452;0;9759,06964;0,0020478;0,00000;1;;9759,06964
Ran35pmed8v3.10.2.txt;11096,27037;0,0000212;0,12547;0;9859,27486;0,0046628;0,00000;1;;9859,27486
Ran36pmed8v3.10.2.txt;10842,26982;0,0000237;0,19746;0;9054,42511;0,0084160;0,00000;1;;9054,42511
Ran37pmed8v3.10.2.txt;11027,73376;0,0000432;0,13559;0;9711,04053;0,0024865;0,00000;1;;9711,04053
Ran38pmed8v3.10.2.txt;12470,49258;0,0000408;0,23983;0;10058,26641;0,0032558;0,00000;1;;10058,26641
Ran39pmed8v3.10.2.txt;11518,95773;0,0000282;0,18279;0;9738,82664;0,0022004;0,00000;1;;9738,82664
Ran40pmed8v3.10.2.txt;12269,48194;0,0000314;0,18454;0;10358,04386;0,0021961;0,00000;1;;10358,04386
Ran41pmed8v3.10.2.txt;12190,13535;0,0000233;0,24433;0;9796,51126;0,0034154;0,00000;1;;9796,51126
Ran42pmed8v3.10.2.txt;11143,00752;0,0000326;0,14899;0;9698,08254;0,0056920;0,00000;1;;9698,08254
Ran43pmed8v3.10.2.txt;11320,49187;0,0000270;0,16656;0;9704,17988;0,0021527;0,00000;1;;9704,17988
Ran44pmed8v3.10.2.txt;11139,02242;0,0000280;0,17912;0;9446,90673;0,0021614;0,00000;1;;9446,90673
Ran45pmed8v3.10.2.txt;12481,51014;0,0000295;0,22288;0;10206,63097;0,0018322;0,00000;1;;10206,63097
Ran46pmed8v3.10.2.txt;12291,59816;0,0000249;0,31786;0;9326,94950;0,0032786;0,00000;1;;9326,94950
Ran47pmed8v3.10.2.txt;12255,97974;0,0000319;0,18390;0;10352,19729;0,0018836;0,00000;1;;10352,19729
Ran48pmed8v3.10.2.txt;12646,20239;0,0000230;0,29675;0;9752,25471;0,0033835;0,00000;1;;9752,25471
Ran49pmed8v3.10.2.txt;11356,04717;0,0000282;0,18100;0;9615,63484;0,0069800;0,00000;1;;9615,63484
Ran50pmed8v3.10.2.txt;11047,25363;0,0000301;0,16125;0;9513,23626;0,0076501;0,00000;1;;9513,23626
Ran51pmed8v3.10.2.txt;12467,06759;0,0000315;0,18312;0;10537,48694;0,0010101;0,00000;1;;10537,48694
Ran52pmed8v3.10.2.txt;11834,21421;0,0000280;0,21655;0;9727,65663;0,0028511;0,00000;1;;9727,65663
Ran53pmed8v3.10.2.txt;12281,68507;0,0000293;0,22337;0;10039,24214;0,0018409;0,00000;1;;10039,24214
Ran54pmed8v3.10.2.txt;10758,05279;0,0000283;0,17358;0;9166,82948;0,0109367;0,00000;1;;9166,82948
Ran55pmed8v3.10.2.txt;11134,47429;0,0000292;0,16966;0;9519,39586;0,0040639;0,00000;1;;9519,39586
Ran56pmed8v3.10.2.txt;11174,45853;0,0000314;0,13128;0;9877,71640;0,0043319;0,00000;1;;9877,71640
Ran57pmed8v3.10.2.txt;12848,59591;0,0000280;0,23704;0;10386,54389;0,0046648;0,00000;1;;10386,54389
Ran58pmed8v3.10.2.txt;11962,00324;0,0000296;0,23096;0;9717,64616;0,0038616;0,00000;1;;9717,64616
Ran59pmed8v3.10.2.txt;10938,25238;0,0000319;0,15377;0;9480,42002;0,0049190;0,00000;1;;9480,42002
Ran60pmed8v3.10.2.txt;11137,63444;0,0000375;0,11775;0;9964,36386;0,0039107;0,00000;1;;9964,36386
Ran61pmed8v3.10.2.txt;12258,52773;0,0000262;0,25234;0;9788,52751;0,0044320;0,00000;1;;9788,52751
Ran62pmed8v3.10.2.txt;10910,62575;0,0000279;0,16519;0;9363,83888;0,0030516;0,00000;1;;9363,83888
Ran63pmed8v3.10.2.txt;12506,14615;0,0000352;0,24879;0;10014,59568;0,0021225;0,00000;1;;10014,59568
Ran64pmed8v3.10.2.txt;12231,28038;0,0000295;0,23104;0;9935,71001;0,0032173;0,00000;1;;9935,71001
Ran65pmed8v3.10.2.txt;11765,57923;0,0000357;0,17916;0;9977,91816;0,0040411;0,00000;1;;9977,91816
Ran66pmed8v3.10.2.txt;11801,76390;0,0000304;0,20863;0;9764,57685;0,0021072;0,00000;1;;9764,57685
Ran67pmed8v3.10.2.txt;11148,78917;0,0000221;0,17991;0;9448,82179;0,0101975;0,00000;1;;9448,82179
Ran68pmed8v3.10.2.txt;11273,67343;0,0000319;0,15010;0;9802,35937;0,0033604;0,00000;1;;9802,35937
Ran69pmed8v3.10.2.txt;11974,43841;0,0000283;0,17712;0;10172,63356;0,0023197;0,00000;1;;10172,63356
Ran70pmed8v3.10.2.txt;11341,60521;0,0000284;0,17584;0;9645,54301;0,0062177;0,00000;1;;9645,54301
Ran71pmed8v3.10.2.txt;10319,61234;0,0000281;0,12145;0;9202,00366;0,0040405;0,00000;1;;9202,00366
Ran72pmed8v3.10.2.txt;11026,24746;0,0000278;0,14440;0;9634,95232;0,0022764;0,00000;1;;9634,95232
Ran73pmed8v3.10.2.txt;11493,64395;0,0000279;0,18795;0;9675,21273;0,0018559;0,00000;1;;9675,21273
Ran74pmed8v3.10.2.txt;12362,83746;0,0000233;0,26367;0;9783,26953;0,0021221;0,00000;1;;9783,26953
Ran75pmed8v3.10.2.txt;12176,44058;0,0000278;0,23135;0;9888,65814;0,0064178;0,00000;1;;9888,65814
Ran76pmed8v3.10.2.txt;11786,87926;0,0000213;0,16607;0;10108,21560;0,0013665;0,00000;1;;10108,21560
Ran77pmed8v3.10.2.txt;12633,63588;0,0000289;0,26372;0;9997,17704;0,0021867;0,00000;1;;9997,17704
Ran78pmed8v3.10.2.txt;10559,36822;0,0000283;0,09130;0;9675,94995;0,0036272;0,00000;1;;9675,94995
Ran79pmed8v3.10.2.txt;11334,76814;0,0000283;0,16898;0;9696,25690;0,0033176;0,00000;1;;9696,25690
Ran80pmed8v3.10.2.txt;11338,92065;0,0000338;0,19221;0;9510,80985;0,0030607;0,00000;1;;9510,80985
Ran81pmed8v3.10.2.txt;10912,00571;0,0000285;0,17514;0;9285,70677;0,0025741;0,00000;1;;9285,70677
Ran82pmed8v3.10.2.txt;11370,26455;0,0000289;0,20752;0;9416,24991;0,0030615;0,00000;1;;9416,24991
Ran83pmed8v3.10.2.txt;11087,09927;0,0000282;0,11722;0;9923,84719;0,0024119;0,00000;1;;9923,84719
Ran84pmed8v3.10.2.txt;11241,44333;0,0000294;0,18696;0;9470,82178;0,0077930;0,00000;1;;9470,82178
Ran85pmed8v3.10.2.txt;11938,32044;0,0000872;0,15162;0;10366,53572;0,0038677;0,00000;1;;10366,53572
Ran86pmed8v3.10.2.txt;11819,24955;0,0000382;0,18077;0;10009,77999;0,0049365;0,00000;1;;10009,77999
Ran87pmed8v3.10.2.txt;9945,83606;0,0000352;0,11532;0;8917,43519;0,0113538;0,00000;1;;8917,43519
Ran88pmed8v3.10.2.txt;12324,67989;0,0000399;0,28046;0;9625,20394;0,0044500;0,00000;1;;9625,20394
Ran89pmed8v3.10.2.txt;11204,58235;0,0000372;0,17979;0;9497,06958;0,0032828;0,00000;1;;9497,06958
Ran90pmed8v3.10.2.txt;11031,41411;0,0000358;0,18470;0;9311,55974;0,0034068;0,00000;1;;9311,55974
Ran91pmed8v3.10.2.txt;12237,39853;0,0000419;0,19914;0;10205,16821;0,0034447;0,00000;1;;10205,16821
Ran92pmed8v3.10.2.txt;11797,62841;0,0000312;0,20446;0;9794,96696;0,0025714;0,00000;1;;9794,96696
Ran93pmed8v3.10.2.txt;11177,57893;0,0000318;0,16826;0;9567,68009;0,0034343;0,00000;1;;9567,68009
Ran94pmed8v3.10.2.txt;11635,59184;0,0000368;0,17544;0;9898,88812;0,0020700;0,00000;1;;9898,88812
Ran95pmed8v3.10.2.txt;11838,29353;0,0000318;0,25449;0;9436,75458;0,0052955;0,00000;1;;9436,75458
Ran96pmed8v3.10.2.txt;12654,58700;0,0000345;0,23224;0;10269,54974;0,0029041;0,00000;1;;10269,54974
Ran97pmed8v3.10.2.txt;12380,76004;0,0000323;0,20118;0;10307,20665;0,0017919;0,00000;1;;10307,20665
Ran98pmed8v3.10.2.txt;10272,72735;0,0000320;0,14526;0;8969,76229;0,0047013;0,00000;1;;8969,76229
Ran99pmed8v3.10.2.txt;11607,79239;0,0000410;0,14955;0;10097,68285;0,0024227;0,00000;1;;10097,68285
pmed9v3.10.2.txt;7566,16024;0,0000492;0,14321;0;6618,34304;0,0482435;0,00000;1;;6618,34304
Ran0pmed9v3.10.2.txt;10522,72296;0,0000357;0,18286;0;8895,96626;0,0183160;0,00000;1;;8895,96626
Ran1pmed9v3.10.2.txt;10766,69232;0,0000356;0,20756;0;8916,05232;0,0164553;0,00000;1;;8916,05232
Ran2pmed9v3.10.2.txt;10544,73238;0,0000368;0,28667;0;8195,36454;0,0185673;0,00000;1;;8195,36454
Ran3pmed9v3.10.2.txt;10876,94835;0,0000350;0,23669;0;8795,17976;0,0107273;0,00000;1;;8795,17976
Ran4pmed9v3.10.2.txt;11022,61790;0,0000382;0,22277;0;9014,46792;0,0110003;0,00000;1;;9014,46792
Ran5pmed9v3.10.2.txt;10219,82193;0,0000302;0,16097;0;8802,84943;0,0142870;0,00000;1;;8802,84943
Ran6pmed9v3.10.2.txt;9771,69747;0,0000370;0,24114;0;7873,16322;0,0278909;0,00000;1;;7873,16322
Ran7pmed9v3.10.2.txt;10338,48673;0,0000377;0,21946;0;8477,91546;0,0225069;0,00000;1;;8477,91546
Ran8pmed9v3.10.2.txt;10605,29627;0,0000375;0,26443;0;8387,43075;0,0076953;0,00000;1;;8387,43075
Ran9pmed9v3.10.2.txt;10360,39793;0,0000314;0,16734;0;8875,18353;0,0087203;0,00000;1;;8875,18353
Ran10pmed9v3.10.2.txt;10649,20457;0,0000348;0,18019;0;9023,32138;0,0110248;0,00000;1;;9023,32138
Ran11pmed9v3.10.2.txt;11359,39222;0,0000549;0,23497;0;9198,09472;0,0075794;0,00000;1;;9198,09472
Ran12pmed9v3.10.2.txt;11061,21624;0,0000412;0,24775;0;8864,93313;0,0101061;0,00000;1;;8864,93313
Ran13pmed9v3.10.2.txt;10713,52524;0,0000355;0,20265;0;8908,30167;0,0106348;0,00000;1;;8908,30167
Ran14pmed9v3.10.2.txt;10636,48337;0,0000346;0,21865;0;8728,08683;0,0175359;0,00000;1;;8728,08683
Ran15pmed9v3.10.2.txt;10968,19826;0,0000421;0,25782;0;8720,03495;0,0241500;0,00000;1;;8720,03495
Ran16pmed9v3.10.2.txt;10145,36715;0,0000373;0,21079;0;8379,11355;0,0199009;0,00000;1;;8379,11355
Ran17pmed9v3.10.2.txt;10495,09287;0,0000372;0,23565;0;8493,58977;0,0083667;0,00000;1;;8493,58977
Ran18pmed9v3.10.2.txt;10357,09816;0,0000308;0,20039;0;8628,10207;0,0131565;0,00000;1;;8628,10207
Ran19pmed9v3.10.2.txt;10385,89329;0,0000313;0,18322;0;8777,62837;0,0198078;0,00000;1;;8777,62837
Ran20pmed9v3.10.2.txt;10674,41337;0,0000357;0,25294;0;8519,46983;0,0116480;0,00000;1;;8519,46983
Ran21pmed9v3.10.2.txt;9888,39468;0,0000317;0,16989;0;8452,45016;0,0131415;0,00000;1;;8452,45016
Ran22pmed9v3.10.2.txt;9905,68526;0,0000329;0,18760;0;8340,92570;0,0228919;0,00000;1;;8340,92570
Ran23pmed9v3.10.2.txt;10581,08622;0,0000352;0,20787;0;8760,10409;0,0122812;0,00000;1;;8760,10409
Ran24pmed9v3.10.2.txt;11531,82523;0,0000427;0,27183;0;9067,09727;0,0081665;0,00000;1;;9067,09727
Ran25pmed9v3.10.2.txt;10816,19596;0,0000369;0,24923;0;8658,28961;0,0120457;0,00000;1;;8658,28961
Ran26pmed9v3.10.2.txt;9844,93532;0,0000413;0,17180;0;8401,51558;0,0261993;0,00000;1;;8401,51558
Ran27pmed9v3.10.2.txt;10251,54460;0,0000439;0,21834;0;8414,36041;0,0203563;0,00000;1;;8414,36041
Ran28pmed9v3.10.2.txt;11046,39633;0,0000438;0,22636;0;9007,46035;0,0087141;0,00000;1;;9007,46035
Ran29pmed9v3.10.2.txt;11325,57702;0,0000366;0,23003;0;9207,57680;0,0109972;0,00000;1;;9207,57680
Ran30pmed9v3.10.2.txt;10333,15521;0,0000374;0,20856;0;8549,98107;0,0126140;0,00000;1;;8549,98107
Ran31pmed9v3.10.2.txt;11029,33064;0,0000365;0,30104;0;8477,35096;0,0120008;0,00000;1;;8477,35096
Ran32pmed9v3.10.2.txt;10497,04778;0,0000372;0,19208;0;8805,67157;0,0146586;0,00000;1;;8805,67157
Ran33pmed9v3.10.2.txt;10380,40013;0,0000466;0,25028;0;8302,46686;0,0120394;0,00000;1;;8302,46686
Ran34pmed9v3.10.2.txt;11192,46259;0,0000382;0,23452;0;9066,26478;0,0087252;0,00000;1;;9066,26478
Ran35pmed9v3.10.2.txt;10601,94945;0,0000402;0,21148;0;8751,26995;0,0119452;0,00000;1;;8751,26995
Ran36pmed9v3.10.2.txt;10220,64960;0,0000352;0,17558;0;8694,10192;0,0196824;0,00000;1;;8694,10192
Ran37pmed9v3.10.2.txt;10478,45312;0,0000405;0,25552;0;8345,89881;0,0202833;0,00000;1;;8345,89881
Ran38pmed9v3.10.2.txt;10964,69450;0,0000367;0,28941;0;8503,64017;0,0102197;0,00000;1;;8503,64017
Ran39pmed9v3.10.2.txt;11058,01662;0,0000368;0,19339;0;9266,04821;0,0108789;0,00000;1;;9266,04821
Ran40pmed9v3.10.2.txt;9792,07175;0,0000398;0,16975;0;8371,08472;0,0191041;0,00000;1;;8371,08472
Ran41pmed9v3.10.2.txt;10651,48659;0,0000455;0,18798;0;8966,04541;0,0152733;0,00000;1;;8966,04541
Ran42pmed9v3.10.2.txt;9919,81141;0,0000449;0,23080;0;8059,61880;0,0175144;0,00000;1;;8059,61880
Ran43pmed9v3.10.2.txt;10692,84697;0,0000316;0,22453;0;8732,19545;0,0108864;0,00000;1;;8732,19545
Ran44pmed9v3.10.2.txt;10527,82734;0,0000354;0,23729;0;8508,78073;0,0221458;0,00000;1;;8508,78073
Ran45pmed9v3.10.2.txt;10759,27308;0,0000474;0,21327;0;8867,97659;0,0125108;0,00000;1;;8867,97659
Ran46pmed9v3.10.2.txt;11115,07691;0,0000352;0,22763;0;9054,11440;0,0112511;0,00000;1;;9054,11440
Ran47pmed9v3.10.2.txt;10933,18881;0,0000373;0,21236;0;9018,11111;0,0126342;0,00000;1;;9018,11111
Ran48pmed9v3.10.2.txt;9559,85009;0,0000414;0,15926;0;8246,47841;0,0229852;0,00000;1;;8246,47841
Ran49pmed9v3.10.2.txt;10471,41595;0,0000443;0,22648;0;8537,76142;0,0104763;0,00000;1;;8537,76142
Ran50pmed9v3.10.2.txt;10577,41928;0,0000419;0,21343;0;8716,95958;0,0161254;0,00000;1;;8716,95958
Ran51pmed9v3.10.2.txt;11029,49736;0,0000407;0,21579;0;9071,88210;0,0116716;0,00000;1;;9071,88210
Ran52pmed9v3.10.2.txt;10395,05860;0,0000390;0,22649;0;8475,47991;0,0202692;0,00000;1;;8475,47991
Ran53pmed9v3.10.2.txt;10436,06591;0,0000363;0,24785;0;8363,21594;0,0153717;0,00000;1;;8363,21594
Ran54pmed9v3.10.2.txt;10415,54232;0,0000379;0,20131;0;8670,15380;0,0102801;0,00000;1;;8670,15380
Ran55pmed9v3.10.2.txt;11746,53764;0,0000397;0,26405;0;9292,80881;0,0071547;0,00000;1;;9292,80881
Ran56pmed9v3.10.2.txt;10554,47909;0,0000416;0,21542;0;8683,81816;0,0088045;0,00000;1;;8683,81816
Ran57pmed9v3.10.2.txt;10259,90459;0,0000377;0,22856;0;8351,13120;0,0121107;0,00000;1;;8351,13120
Ran58pmed9v3.10.2.txt;11374,98023;0,0000364;0,23555;0;9206,44586;0,0071136;0,00000;1;;9206,44586
Ran59pmed9v3.10.2.txt;10625,03662;0,0000441;0,19709;0;8875,69898;0,0080052;0,00000;1;;8875,69898
Ran60pmed9v3.10.2.txt;10415,52838;0,0000319;0,19015;0;8751,44132;0,0096561;0,00000;1;;8751,44132
Ran61pmed9v3.10.2.txt;10274,92492;0,0000294;0,18967;0;8636,81748;0,0235039;0,00000;1;;8636,81748
Ran62pmed9v3.10.2.txt;10598,12259;0,0000388;0,17439;0;9024,39091;0,0084699;0,00000;1;;9024,39091
Ran63pmed9v3.10.2.txt;10591,24750;0,0000367;0,21990;0;8682,04149;0,0258084;0,00000;1;;8682,04149
Ran64pmed9v3.10.2.txt;10330,48771;0,0000398;0,20837;0;8549,12531;0,0107623;0,00000;1;;8549,12531
Ran65pmed9v3.10.2.txt;10519,33823;0,0000301;0,25732;0;8366,49169;0,0235413;0,00000;1;;8366,49169
Ran66pmed9v3.10.2.txt;10485,08982;0,0000394;0,16957;0;8964,87840;0,0137287;0,00000;1;;8964,87840
Ran67pmed9v3.10.2.txt;11572,57427;0,0000460;0,24626;0;9285,82248;0,0063923;0,00000;1;;9285,82248
Ran68pmed9v3.10.2.txt;10644,77391;0,0000397;0,20872;0;8806,66302;0,0157851;0,00000;1;;8806,66302
Ran69pmed9v3.10.2.txt;10230,23187;0,0000412;0,21971;0;8387,45153;0,0115770;0,00000;1;;8387,45153
Ran70pmed9v3.10.2.txt;10055,65042;0,0000381;0,21889;0;8249,82409;0,0214301;0,00000;1;;8249,82409
Ran71pmed9v3.10.2.txt;10323,80421;0,0000384;0,24366;0;8301,11989;0,0165225;0,00000;1;;8301,11989
Ran72pmed9v3.10.2.txt;10052,31178;0,0000398;0,19979;0;8378,39584;0,0186535;0,00000;1;;8378,39584
Ran73pmed9v3.10.2.txt;10030,38350;0,0000354;0,24954;0;8027,28894;0,0152568;0,00000;1;;8027,28894
Ran74pmed9v3.10.2.txt;10818,83623;0,0000340;0,21152;0;8929,99970;0,0150478;0,00000;1;;8929,99970
Ran75pmed9v3.10.2.txt;9941,04781;0,0000356;0,23729;0;8034,53802;0,0249223;0,00000;1;;8034,53802
Ran76pmed9v3.10.2.txt;10727,38458;0,0000397;0,22515;0;8755,96507;0,0134725;0,00000;1;;8755,96507
Ran77pmed9v3.10.2.txt;9499,90281;0,0000391;0,18130;0;8041,87321;0,0255113;0,00000;1;;8041,87321
Ran78pmed9v3.10.2.txt;10976,93343;0,0000488;0,16512;0;9421,32010;0,0099117;0,00000;1;;9421,32010
Ran79pmed9v3.10.2.txt;10870,49529;0,0000400;0,21818;0;8923,55594;0,0111456;0,00000;1;;8923,55594
Ran80pmed9v3.10.2.txt;11050,09608;0,0000423;0,28286;0;8613,66119;0,0101870;0,00000;1;;8613,66119
Ran81pmed9v3.10.2.txt;10412,31263;0,0000371;0,21790;0;8549,39519;0,0108006;0,00000;1;;8549,39519
Ran82pmed9v3.10.2.txt;10330,68838;0,0000371;0,15997;0;8906,00491;0,0098870;0,00000;1;;8906,00491
Ran83pmed9v3.10.2.txt;9691,03776;0,0000364;0,14643;0;8453,24873;0,0180123;0,00000;1;;8453,24873
Ran84pmed9v3.10.2.txt;9866,87558;0,0000375;0,17720;0;8381,66500;0,0157684;0,00000;1;;8381,66500
Ran85pmed9v3.10.2.txt;10976,85487;0,0000384;0,22089;0;8990,86066;0,0071419;0,00000;1;;8990,86066
Ran86pmed9v3.10.2.txt;10531,95628;0,0000489;0,23634;0;8518,66183;0,0170878;0,00000;1;;8518,66183
Ran87pmed9v3.10.2.txt;10144,65145;0,0000394;0,20340;0;8430,02165;0,0321242;0,00000;1;;8430,02165
Ran88pmed9v3.10.2.txt;9811,15057;0,0000434;0,15626;0;8485,21738;0,0195686;0,00000;1;;8485,21738
Ran89pmed9v3.10.2.txt;10914,06648;0,0000393;0,19070;0;9166,10047;0,0090478;0,00000;1;;9166,10047
Ran90pmed9v3.10.2.txt;10291,45118;0,0000365;0,23343;0;8343,77380;0,0104592;0,00000;1;;8343,77380
Ran91pmed9v3.10.2.txt;10793,42689;0,0000446;0,23582;0;8733,80394;0,0093957;0,00000;1;;8733,80394
Ran92pmed9v3.10.2.txt;10666,80840;0,0000516;0,22837;0;8683,68352;0,0246930;0,00000;1;;8683,68352
Ran93pmed9v3.10.2.txt;10575,81914;0,0000416;0,23058;0;8594,19015;0,0211519;0,00000;1;;8594,19015
Ran94pmed9v3.10.2.txt;10556,78957;0,0000386;0,23226;0;8567,03541;0,0115075;0,00000;1;;8567,03541
Ran95pmed9v3.10.2.txt;10746,14964;0,0000389;0,19801;0;8969,96586;0,0163955;0,00000;1;;8969,96586
Ran96pmed9v3.10.2.txt;10679,67893;0,0000329;0,21792;0;8768,75435;0,0112563;0,00000;1;;8768,75435
Ran97pmed9v3.10.2.txt;10367,19465;0,0000304;0,20205;0;8624,55972;0,0153424;0,00000;1;;8624,55972
Ran98pmed9v3.10.2.txt;10965,07836;0,0000381;0,22521;0;8949,53886;0,0200602;0,00000;1;;8949,53886
Ran99pmed9v3.10.2.txt;10604,71625;0,0000583;0,20346;0;8811,82207;0,0156685;0,00000;1;;8811,82207
