;F.O.;Tiempo (s);Dev (%);#Best;;;;;;
Constructivo;11424,12799;0,00003;20,02%;0;;;;;;
Búsqueda local;9565,51756;0,00014;0,00%;1010;;;;;;
;;;;;;;;;;
;;;;;;;;;;
;Constructivo;;;;Búsqueda Local;;;;;
Nombre de la instancia;F.O.;Tiempo (s);Dev (%);#Best;F.O.;Tiempo (s);Dev (%);#Best;;Best
pmed11v3.10.2.txt;12196,22513;0,0011026;11,85%;0;10904,11299;0,0332431;0,00%;1;;10904,11299
Ran0pmed11v3.10.2.txt;13310,15599;0,0001514;5,32%;0;12637,91763;0,000137;0,00%;1;;12637,91763
Ran1pmed11v3.10.2.txt;14711,03359;0,0001551;20,35%;0;12224,00101;0,0000819;0,00%;1;;12224,00101
Ran2pmed11v3.10.2.txt;14552,21925;0,000296;16,09%;0;12535,11705;0,0000818;0,00%;1;;12535,11705
Ran3pmed11v3.10.2.txt;14597,84849;0,0001541;18,89%;0;12278,00101;0,0000799;0,00%;1;;12278,00101
Ran4pmed11v3.10.2.txt;16192,65679;0,0001714;22,78%;0;13188,77259;0,0000839;0,00%;1;;13188,77259
Ran5pmed11v3.10.2.txt;15238,35112;0,000233;20,22%;0;12675,50392;0,00008;0,00%;1;;12675,50392
Ran6pmed11v3.10.2.txt;14844,20983;0,0001387;21,33%;0;12235,00101;0,0000848;0,00%;1;;12235,00101
Ran7pmed11v3.10.2.txt;12800,48437;0,0002139;18,13%;0;10835,60853;0,0000844;0,00%;1;;10835,60853
Ran8pmed11v3.10.2.txt;14937,9831;0,0003292;20,52%;0;12394,61674;0,0000096;0,00%;1;;12394,61674
Ran9pmed11v3.10.2.txt;15256,74013;0,000055;15,84%;0;13170,33058;0,0000159;0,00%;1;;13170,33058
Ran10pmed11v3.10.2.txt;14153,77673;0,0000365;29,24%;0;10951,74656;0,0000101;0,00%;1;;10951,74656
Ran11pmed11v3.10.2.txt;12101,04728;0,000042;24,11%;0;9750,45196;0,0000106;0,00%;1;;9750,45196
Ran12pmed11v3.10.2.txt;13250,81667;0,0000329;11,02%;0;11935,49453;0,0000152;0,00%;1;;11935,49453
Ran13pmed11v3.10.2.txt;13820,5305;0,0000578;6,93%;0;12924,54725;0,0000163;0,00%;1;;12924,54725
Ran14pmed11v3.10.2.txt;12713,69298;0,0000553;21,74%;0;10443,18756;0,0000099;0,00%;1;;10443,18756
Ran15pmed11v3.10.2.txt;11649,28609;0,0000591;15,26%;0;10107,17508;0,0000108;0,00%;1;;10107,17508
Ran16pmed11v3.10.2.txt;15891,39089;0,0000518;12,96%;0;14067,69222;0,0000101;0,00%;1;;14067,69222
Ran17pmed11v3.10.2.txt;17316,25628;0,0000495;23,38%;0;14034,69222;0,0000168;0,00%;1;;14034,69222
Ran18pmed11v3.10.2.txt;13336,75267;0,0000446;23,05%;0;10838,18092;0,0000162;0,00%;1;;10838,18092
Ran19pmed11v3.10.2.txt;13338,35198;0,0000625;26,14%;0;10574,32779;0,0000114;0,00%;1;;10574,32779
Ran20pmed11v3.10.2.txt;12964,99013;0,0000555;10,39%;0;11745,23503;0,0000102;0,00%;1;;11745,23503
Ran21pmed11v3.10.2.txt;13078,44151;0,0000448;9,97%;0;11892,52908;0,0000174;0,00%;1;;11892,52908
Ran22pmed11v3.10.2.txt;14505,26064;0,0000624;19,16%;0;12173,3766;0,0000157;0,00%;1;;12173,3766
Ran23pmed11v3.10.2.txt;11329,09208;0,000068;12,39%;0;10080,17508;0,0000111;0,00%;1;;10080,17508
Ran24pmed11v3.10.2.txt;15267,83122;0,0000419;25,97%;0;12120,33261;0,00001;0,00%;1;;12120,33261
Ran25pmed11v3.10.2.txt;15521,22695;0,0000439;19,98%;0;12937,05528;0,0000092;0,00%;1;;12937,05528
Ran26pmed11v3.10.2.txt;13335,06946;0,0000601;21,22%;0;11000,57875;0,0000111;0,00%;1;;11000,57875
Ran27pmed11v3.10.2.txt;11426,68181;0,000052;13,13%;0;10100,17508;0,0000161;0,00%;1;;10100,17508
Ran28pmed11v3.10.2.txt;14022,1881;0,0000531;18,19%;0;11864,35107;0,0000173;0,00%;1;;11864,35107
Ran29pmed11v3.10.2.txt;15251,42682;0,0000452;16,32%;0;13111,77259;0,0000095;0,00%;1;;13111,77259
Ran30pmed11v3.10.2.txt;16592,38894;0,0000355;25,88%;0;13180,77259;0,0000101;0,00%;1;;13180,77259
Ran31pmed11v3.10.2.txt;16267,29783;0,0000298;23,32%;0;13190,77259;0,0000096;0,00%;1;;13190,77259
Ran32pmed11v3.10.2.txt;15478,93092;0,0000309;17,51%;0;13172,33058;0,0000095;0,00%;1;;13172,33058
Ran33pmed11v3.10.2.txt;13695,92046;0,0000316;19,58%;0;11453,65743;0,0000099;0,00%;1;;11453,65743
Ran34pmed11v3.10.2.txt;12089,09912;0,000035;10,27%;0;10963,02444;0,0000099;0,00%;1;;10963,02444
Ran35pmed11v3.10.2.txt;12105,67647;0,0000493;13,62%;0;10654,20106;0,0000093;0,00%;1;;10654,20106
Ran36pmed11v3.10.2.txt;16079,17218;0,0000502;14,57%;0;14034,69222;0,0000165;0,00%;1;;14034,69222
Ran37pmed11v3.10.2.txt;12719,40262;0,0000378;11,04%;0;11454,65743;0,000009;0,00%;1;;11454,65743
Ran38pmed11v3.10.2.txt;15849,70006;0,0000358;17,24%;0;13519,40096;0,0000094;0,00%;1;;13519,40096
Ran39pmed11v3.10.2.txt;13853,49384;0,0000364;7,05%;0;12941,54725;0,0000093;0,00%;1;;12941,54725
Ran40pmed11v3.10.2.txt;14900,92811;0,0001029;15,31%;0;12922,54725;0,0000097;0,00%;1;;12922,54725
Ran41pmed11v3.10.2.txt;11221,31323;0,000038;7,12%;0;10475,11227;0,0000103;0,00%;1;;10475,11227
Ran42pmed11v3.10.2.txt;14156,12767;0,000029;20,96%;0;11703,23503;0,0000096;0,00%;1;;11703,23503
Ran43pmed11v3.10.2.txt;12653,11772;0,0000527;20,15%;0;10531,20106;0,0000171;0,00%;1;;10531,20106
Ran44pmed11v3.10.2.txt;13712,88272;0,0000366;10,71%;0;12386,61674;0,0000098;0,00%;1;;12386,61674
Ran45pmed11v3.10.2.txt;14114,77022;0,0000316;33,47%;0;10575,20106;0,0000095;0,00%;1;;10575,20106
Ran46pmed11v3.10.2.txt;13920,27895;0,0000282;19,68%;0;11631,10577;0,0000097;0,00%;1;;11631,10577
Ran47pmed11v3.10.2.txt;15474,72398;0,0000214;29,50%;0;11949,67484;0,0000097;0,00%;1;;11949,67484
Ran48pmed11v3.10.2.txt;13639,77844;0,0000267;19,63%;0;11401,39869;0,0000091;0,00%;1;;11401,39869
Ran49pmed11v3.10.2.txt;13656,66287;0,000025;8,91%;0;12539,11705;0,0000095;0,00%;1;;12539,11705
Ran50pmed11v3.10.2.txt;10894,38585;0,0000435;12,54%;0;9680,87949;0,00001;0,00%;1;;9680,87949
Ran51pmed11v3.10.2.txt;12876,37443;0,0000311;11,16%;0;11583,78321;0,0000104;0,00%;1;;11583,78321
Ran52pmed11v3.10.2.txt;16809,49657;0,0000211;28,25%;0;13107,0228;0,0000094;0,00%;1;;13107,0228
Ran53pmed11v3.10.2.txt;15377,20596;0,0000265;23,28%;0;12473,74027;0,0000096;0,00%;1;;12473,74027
Ran54pmed11v3.10.2.txt;15695,8685;0,0000361;13,78%;0;13795,22158;0,0000095;0,00%;1;;13795,22158
Ran55pmed11v3.10.2.txt;13091,08453;0,0000407;25,18%;0;10458,11227;0,0000174;0,00%;1;;10458,11227
Ran56pmed11v3.10.2.txt;13789,22273;0,0000483;16,41%;0;11845,7524;0,0000094;0,00%;1;;11845,7524
Ran57pmed11v3.10.2.txt;13760,89927;0,0000469;13,00%;0;12177,3766;0,0000101;0,00%;1;;12177,3766
Ran58pmed11v3.10.2.txt;13963,19619;0,0000422;18,93%;0;11741,19153;0,0000111;0,00%;1;;11741,19153
Ran59pmed11v3.10.2.txt;13140,56343;0,0000318;9,65%;0;11984,18524;0,0000091;0,00%;1;;11984,18524
Ran60pmed11v3.10.2.txt;15861,90025;0,0000334;20,42%;0;13172,33058;0,0000097;0,00%;1;;13172,33058
Ran61pmed11v3.10.2.txt;12145,76322;0,0000588;14,59%;0;10599,70981;0,0000176;0,00%;1;;10599,70981
Ran62pmed11v3.10.2.txt;14964,6426;0,0000396;13,16%;0;13224,33058;0,0000113;0,00%;1;;13224,33058
Ran63pmed11v3.10.2.txt;14082,38522;0,0000354;11,48%;0;12631,91763;0,0000088;0,00%;1;;12631,91763
Ran64pmed11v3.10.2.txt;12385,71415;0,0000337;21,56%;0;10188,86575;0,0000097;0,00%;1;;10188,86575
Ran65pmed11v3.10.2.txt;15537,07554;0,0000271;19,00%;0;13056,23089;0,0000092;0,00%;1;;13056,23089
Ran66pmed11v3.10.2.txt;18472,45735;0,000027;31,48%;0;14049,69222;0,0000102;0,00%;1;;14049,69222
Ran67pmed11v3.10.2.txt;14773,76546;0,0000267;34,92%;0;10949,74656;0,0000115;0,00%;1;;10949,74656
Ran68pmed11v3.10.2.txt;13721,57666;0,0000306;24,28%;0;11040,4904;0,0000093;0,00%;1;;11040,4904
Ran69pmed11v3.10.2.txt;15638,88127;0,0000305;15,62%;0;13526,40096;0,0000093;0,00%;1;;13526,40096
Ran70pmed11v3.10.2.txt;15376,56483;0,000029;44,76%;0;10622,20106;0,0000101;0,00%;1;;10622,20106
Ran71pmed11v3.10.2.txt;12588,06272;0,000034;16,34%;0;10820,18092;0,0000098;0,00%;1;;10820,18092
Ran72pmed11v3.10.2.txt;16881,40821;0,0000312;35,37%;0;12470,74027;0,0000092;0,00%;1;;12470,74027
Ran73pmed11v3.10.2.txt;16073,8191;0,0000286;21,88%;0;13188,77259;0,0000096;0,00%;1;;13188,77259
Ran74pmed11v3.10.2.txt;16054,88189;0,0000468;21,90%;0;13170,33058;0,0000121;0,00%;1;;13170,33058
Ran75pmed11v3.10.2.txt;13653,69023;0,0000361;13,93%;0;11984,18524;0,0000092;0,00%;1;;11984,18524
Ran76pmed11v3.10.2.txt;15194,97141;0,0000358;8,03%;0;14065,69222;0,0000088;0,00%;1;;14065,69222
Ran77pmed11v3.10.2.txt;14291,74684;0,0000319;13,85%;0;12553,11705;0,0000092;0,00%;1;;12553,11705
Ran78pmed11v3.10.2.txt;12374,87257;0,0000277;10,85%;0;11164,07907;0,0000098;0,00%;1;;11164,07907
Ran79pmed11v3.10.2.txt;14592,34093;0,0000228;17,34%;0;12435,61674;0,0000093;0,00%;1;;12435,61674
Ran80pmed11v3.10.2.txt;13327,78606;0,0000227;23,04%;0;10832,18092;0,0000098;0,00%;1;;10832,18092
Ran81pmed11v3.10.2.txt;12268,08801;0,0000197;3,97%;0;11799,89077;0,0000096;0,00%;1;;11799,89077
Ran82pmed11v3.10.2.txt;14958,17478;0,0000184;18,88%;0;12582,11705;0,000009;0,00%;1;;12582,11705
Ran83pmed11v3.10.2.txt;12960,03725;0,0000214;10,24%;0;11756,23503;0,00001;0,00%;1;;11756,23503
Ran84pmed11v3.10.2.txt;11565,47117;0,0000345;14,08%;0;10138,17508;0,0000101;0,00%;1;;10138,17508
Ran85pmed11v3.10.2.txt;17048,23608;0,0000331;21,55%;0;14025,69222;0,0000095;0,00%;1;;14025,69222
Ran86pmed11v3.10.2.txt;11833,38778;0,0000241;7,61%;0;10996,74656;0,0000103;0,00%;1;;10996,74656
Ran87pmed11v3.10.2.txt;15400,29724;0,0000465;13,96%;0;13513,40096;0,0000091;0,00%;1;;13513,40096
Ran88pmed11v3.10.2.txt;12068,93493;0,0000339;14,01%;0;10586,20106;0,0000101;0,00%;1;;10586,20106
Ran89pmed11v3.10.2.txt;14588,1981;0,0000319;15,44%;0;12636,91763;0,0000095;0,00%;1;;12636,91763
Ran90pmed11v3.10.2.txt;14385,7004;0,0000303;18,85%;0;12104,33261;0,0000094;0,00%;1;;12104,33261
Ran91pmed11v3.10.2.txt;12478,84314;0,0000282;13,34%;0;11010,02444;0,0000094;0,00%;1;;11010,02444
Ran92pmed11v3.10.2.txt;12944,78239;0,0000264;16,07%;0;11152,92835;0,0000102;0,00%;1;;11152,92835
Ran93pmed11v3.10.2.txt;11510,46942;0,0000258;10,36%;0;10429,97311;0,0000102;0,00%;1;;10429,97311
Ran94pmed11v3.10.2.txt;15596;0,0000307;19,11%;0;13093,70096;0,0000099;0,00%;1;;13093,70096
Ran95pmed11v3.10.2.txt;12818,52653;0,0000315;9,44%;0;11713,23503;0,0000093;0,00%;1;;11713,23503
Ran96pmed11v3.10.2.txt;16387,46935;0,0000265;16,49%;0;14067,69222;0,0000098;0,00%;1;;14067,69222
Ran97pmed11v3.10.2.txt;14762,5969;0,0000255;12,07%;0;13172,33058;0,0000098;0,00%;1;;13172,33058
Ran98pmed11v3.10.2.txt;13148,5403;0,0000262;9,48%;0;12010,49453;0,0000086;0,00%;1;;12010,49453
Ran99pmed11v3.10.2.txt;14574,29614;0,0000251;16,04%;0;12560,11705;0,0000093;0,00%;1;;12560,11705
pmed1v3.10.2.txt;10775,02436;0,000014;26,76%;0;8500,35673;0,0002465;0,00%;1;;8500,35673
Ran0pmed1v3.10.2.txt;10138,3835;0,0000131;22,26%;0;8292,26392;0,0000034;0,00%;1;;8292,26392
Ran1pmed1v3.10.2.txt;11664,02725;0,0000118;41,69%;0;8232,05008;0,000005;0,00%;1;;8232,05008
Ran2pmed1v3.10.2.txt;11070,56202;0,0000113;27,07%;0;8712,13287;0,0000059;0,00%;1;;8712,13287
Ran3pmed1v3.10.2.txt;11846,2178;0,0000086;28,33%;0;9230,91715;0,000003;0,00%;1;;9230,91715
Ran4pmed1v3.10.2.txt;12288,84788;0,0000092;15,80%;0;10612,18571;0,0000034;0,00%;1;;10612,18571
Ran5pmed1v3.10.2.txt;13390,53775;0,0000073;22,90%;0;10895,36189;0,0000036;0,00%;1;;10895,36189
Ran6pmed1v3.10.2.txt;11069,69769;0,0000081;27,08%;0;8711,13287;0,0000035;0,00%;1;;8711,13287
Ran7pmed1v3.10.2.txt;12210,23197;0,0000077;16,73%;0;10460,11558;0,0000037;0,00%;1;;10460,11558
Ran8pmed1v3.10.2.txt;13075,19556;0,0000079;29,20%;0;10120,08561;0,0000038;0,00%;1;;10120,08561
Ran9pmed1v3.10.2.txt;14639,03366;0,0000087;34,36%;0;10895,36189;0,0000038;0,00%;1;;10895,36189
Ran10pmed1v3.10.2.txt;11351,56598;0,0000132;23,58%;0;9185,91715;0,0000041;0,00%;1;;9185,91715
Ran11pmed1v3.10.2.txt;13764,19286;0,0000087;37,14%;0;10036,28931;0,0000037;0,00%;1;;10036,28931
Ran12pmed1v3.10.2.txt;11814,00523;0,0000079;24,85%;0;9462,29453;0,0000034;0,00%;1;;9462,29453
Ran13pmed1v3.10.2.txt;11877,7433;0,0000087;17,60%;0;10100,28931;0,0000042;0,00%;1;;10100,28931
Ran14pmed1v3.10.2.txt;10924,68841;0,00001;33,18%;0;8203,05008;0,0000034;0,00%;1;;8203,05008
Ran15pmed1v3.10.2.txt;11523,16293;0,0000098;7,73%;0;10696,81347;0,0000032;0,00%;1;;10696,81347
Ran16pmed1v3.10.2.txt;11294,08353;0,00001;31,39%;0;8596,13287;0,0000037;0,00%;1;;8596,13287
Ran17pmed1v3.10.2.txt;11138,34363;0,0000084;38,98%;0;8014,40562;0,0000036;0,00%;1;;8014,40562
Ran18pmed1v3.10.2.txt;9927,75525;0,0000088;15,68%;0;8581,86187;0,0000033;0,00%;1;;8581,86187
Ran19pmed1v3.10.2.txt;12440,66243;0,0000092;27,03%;0;9793,14511;0,0000037;0,00%;1;;9793,14511
Ran20pmed1v3.10.2.txt;15287,21525;0,0000093;42,50%;0;10727,81347;0,0000034;0,00%;1;;10727,81347
Ran21pmed1v3.10.2.txt;11069,64749;0,0000097;28,78%;0;8596,13287;0,0000035;0,00%;1;;8596,13287
Ran22pmed1v3.10.2.txt;12684,59616;0,0000086;38,71%;0;9144,91715;0,0000034;0,00%;1;;9144,91715
Ran23pmed1v3.10.2.txt;14319,53489;0,0000085;31,43%;0;10895,36189;0,0000036;0,00%;1;;10895,36189
Ran24pmed1v3.10.2.txt;12381,32216;0,0000082;30,82%;0;9464,29453;0,0000033;0,00%;1;;9464,29453
Ran25pmed1v3.10.2.txt;15525,3802;0,0000084;53,71%;0;10100,28931;0,0000044;0,00%;1;;10100,28931
Ran26pmed1v3.10.2.txt;13828,9077;0,0000145;26,93%;0;10895,36189;0,0000063;0,00%;1;;10895,36189
Ran27pmed1v3.10.2.txt;12099,51868;0,0000132;31,36%;0;9210,91715;0,0000055;0,00%;1;;9210,91715
Ran28pmed1v3.10.2.txt;9693,66823;0,0000132;11,72%;0;8677,13287;0,000006;0,00%;1;;8677,13287
Ran29pmed1v3.10.2.txt;11907,03243;0,0000116;30,20%;0;9144,91715;0,0000053;0,00%;1;;9144,91715
Ran30pmed1v3.10.2.txt;11928,70094;0,000012;21,47%;0;9820,14511;0,0000057;0,00%;1;;9820,14511
Ran31pmed1v3.10.2.txt;13457,68509;0,0000142;23,52%;0;10895,36189;0,0000057;0,00%;1;;10895,36189
Ran32pmed1v3.10.2.txt;10646,29275;0,0000095;23,38%;0;8629,13287;0,0000047;0,00%;1;;8629,13287
Ran33pmed1v3.10.2.txt;12964,0487;0,0000107;27,17%;0;10194,28931;0,000004;0,00%;1;;10194,28931
Ran34pmed1v3.10.2.txt;11748,71388;0,0000115;28,87%;0;9116,70463;0,0000032;0,00%;1;;9116,70463
Ran35pmed1v3.10.2.txt;11298,78973;0,0000138;24,39%;0;9083,04922;0,0000033;0,00%;1;;9083,04922
Ran36pmed1v3.10.2.txt;12403,39355;0,000013;23,32%;0;10057,8929;0,0000054;0,00%;1;;10057,8929
Ran37pmed1v3.10.2.txt;13595,36065;0,0000116;24,78%;0;10895,36189;0,000004;0,00%;1;;10895,36189
Ran38pmed1v3.10.2.txt;11782,13179;0,0000091;28,11%;0;9196,91715;0,0000038;0,00%;1;;9196,91715
Ran39pmed1v3.10.2.txt;10703,27796;0,0000092;14,03%;0;9386,08634;0,0000035;0,00%;1;;9386,08634
Ran40pmed1v3.10.2.txt;10891,8593;0,0000104;25,95%;0;8648,13287;0,0000031;0,00%;1;;8648,13287
Ran41pmed1v3.10.2.txt;11314,32401;0,0000096;14,69%;0;9865,14511;0,0000033;0,00%;1;;9865,14511
Ran42pmed1v3.10.2.txt;13233,74402;0,00001;24,56%;0;10624,18571;0,0000038;0,00%;1;;10624,18571
Ran43pmed1v3.10.2.txt;10957,057;0,0000125;17,44%;0;9330,2627;0,000005;0,00%;1;;9330,2627
Ran44pmed1v3.10.2.txt;12432,19139;0,0000114;22,99%;0;10108,08561;0,0000053;0,00%;1;;10108,08561
Ran45pmed1v3.10.2.txt;11969,58016;0,0000115;25,28%;0;9554,29453;0,0000052;0,00%;1;;9554,29453
Ran46pmed1v3.10.2.txt;15932,90417;0,0000116;48,52%;0;10727,81347;0,0000053;0,00%;1;;10727,81347
Ran47pmed1v3.10.2.txt;11303,19629;0,0000112;23,95%;0;9119,16329;0,0000049;0,00%;1;;9119,16329
Ran48pmed1v3.10.2.txt;12274,49568;0,0000094;22,30%;0;10036,28931;0,000003;0,00%;1;;10036,28931
Ran49pmed1v3.10.2.txt;10928,58558;0,0000094;33,23%;0;8203,05008;0,0000035;0,00%;1;;8203,05008
Ran50pmed1v3.10.2.txt;11907,21642;0,0000096;27,97%;0;9304,91715;0,0000037;0,00%;1;;9304,91715
Ran51pmed1v3.10.2.txt;13887,00296;0,0000085;41,83%;0;9791,14511;0,0000036;0,00%;1;;9791,14511
Ran52pmed1v3.10.2.txt;11012,09489;0,0000089;25,09%;0;8803,55501;0,0000043;0,00%;1;;8803,55501
Ran53pmed1v3.10.2.txt;11380,97017;0,0000092;24,45%;0;9144,91715;0,0000036;0,00%;1;;9144,91715
Ran54pmed1v3.10.2.txt;12410,50315;0,0000132;13,91%;0;10895,36189;0,0000065;0,00%;1;;10895,36189
Ran55pmed1v3.10.2.txt;12693,77689;0,0000093;38,81%;0;9144,91715;0,0000035;0,00%;1;;9144,91715
Ran56pmed1v3.10.2.txt;8895,87238;0,0000088;9,38%;0;8133,05489;0,0000033;0,00%;1;;8133,05489
Ran57pmed1v3.10.2.txt;12264,76277;0,0000103;31,84%;0;9303,10182;0,0000037;0,00%;1;;9303,10182
Ran58pmed1v3.10.2.txt;14009,99916;0,0000088;43,09%;0;9791,14511;0,0000036;0,00%;1;;9791,14511
Ran59pmed1v3.10.2.txt;11269,95838;0,0000094;19,08%;0;9464,29453;0,0000033;0,00%;1;;9464,29453
Ran60pmed1v3.10.2.txt;9828,75707;0,0000105;13,83%;0;8634,67909;0,000003;0,00%;1;;8634,67909
Ran61pmed1v3.10.2.txt;12610,02661;0,0000093;15,74%;0;10895,36189;0,000003;0,00%;1;;10895,36189
Ran62pmed1v3.10.2.txt;13350,48472;0,00001;21,51%;0;10987,36189;0,000003;0,00%;1;;10987,36189
Ran63pmed1v3.10.2.txt;13216,81251;0,0000098;44,53%;0;9144,91715;0,0000032;0,00%;1;;9144,91715
Ran64pmed1v3.10.2.txt;11272,75705;0,00001;13,11%;0;9965,8929;0,0000028;0,00%;1;;9965,8929
Ran65pmed1v3.10.2.txt;11998,44762;0,0000094;30,62%;0;9185,91715;0,0000039;0,00%;1;;9185,91715
Ran66pmed1v3.10.2.txt;11102,1563;0,0000121;13,39%;0;9791,14511;0,0000034;0,00%;1;;9791,14511
Ran67pmed1v3.10.2.txt;12234,38886;0,0000098;14,04%;0;10727,81347;0,000004;0,00%;1;;10727,81347
Ran68pmed1v3.10.2.txt;11464,02;0,0000099;15,66%;0;9912,14511;0,0000035;0,00%;1;;9912,14511
Ran69pmed1v3.10.2.txt;11078,58531;0,0000096;28,12%;0;8647,13287;0,0000031;0,00%;1;;8647,13287
Ran70pmed1v3.10.2.txt;10371,19146;0,0000111;20,88%;0;8579,88423;0,0000034;0,00%;1;;8579,88423
Ran71pmed1v3.10.2.txt;11815,1987;0,0000096;24,87%;0;9462,29453;0,0000034;0,00%;1;;9462,29453
Ran72pmed1v3.10.2.txt;13704,63322;0,0000089;48,09%;0;9254,16329;0,000004;0,00%;1;;9254,16329
Ran73pmed1v3.10.2.txt;12908,14011;0,0000104;31,84%;0;9791,14511;0,0000037;0,00%;1;;9791,14511
Ran74pmed1v3.10.2.txt;11515,68237;0,0000109;16,39%;0;9894,14511;0,0000037;0,00%;1;;9894,14511
Ran75pmed1v3.10.2.txt;10880,38641;0,0000107;17,13%;0;9288,91715;0,000003;0,00%;1;;9288,91715
Ran76pmed1v3.10.2.txt;11558,41463;0,000011;14,37%;0;10106,08561;0,0000034;0,00%;1;;10106,08561
Ran77pmed1v3.10.2.txt;11042,47794;0,00001;28,67%;0;8581,84114;0,0000037;0,00%;1;;8581,84114
Ran78pmed1v3.10.2.txt;12229,05602;0,0000107;29,21%;0;9464,29453;0,0000034;0,00%;1;;9464,29453
Ran79pmed1v3.10.2.txt;12966,70882;0,000009;21,16%;0;10702,0069;0,0000042;0,00%;1;;10702,0069
Ran80pmed1v3.10.2.txt;12016,50799;0,0000098;21,23%;0;9912,14511;0,0000037;0,00%;1;;9912,14511
Ran81pmed1v3.10.2.txt;11421,46007;0,000009;20,55%;0;9474,29453;0,0000036;0,00%;1;;9474,29453
Ran82pmed1v3.10.2.txt;12144,76393;0,0000095;28,35%;0;9462,29453;0,0000033;0,00%;1;;9462,29453
Ran83pmed1v3.10.2.txt;11962,63079;0,0000157;20,69%;0;9912,14511;0,0000059;0,00%;1;;9912,14511
Ran84pmed1v3.10.2.txt;9653,7083;0,0000126;12,00%;0;8619,13287;0,0000058;0,00%;1;;8619,13287
Ran85pmed1v3.10.2.txt;12904,32272;0,00001;30,42%;0;9894,14511;0,0000039;0,00%;1;;9894,14511
Ran86pmed1v3.10.2.txt;14000,47606;0,0000104;37,26%;0;10200,08561;0,0000035;0,00%;1;;10200,08561
Ran87pmed1v3.10.2.txt;13414,61913;0,0000086;28,38%;0;10448,93619;0,000004;0,00%;1;;10448,93619
Ran88pmed1v3.10.2.txt;12388,05882;0,0000087;16,73%;0;10612,18571;0,0000033;0,00%;1;;10612,18571
Ran89pmed1v3.10.2.txt;10276,71837;0,0000097;8,61%;0;9462,29453;0,0000034;0,00%;1;;9462,29453
Ran90pmed1v3.10.2.txt;13296,42189;0,0000114;31,64%;0;10100,28931;0,0000052;0,00%;1;;10100,28931
Ran91pmed1v3.10.2.txt;15151,38033;0,000011;39,04%;0;10897,36189;0,000004;0,00%;1;;10897,36189
Ran92pmed1v3.10.2.txt;10619,58078;0,0000089;28,64%;0;8255,05008;0,0000031;0,00%;1;;8255,05008
Ran93pmed1v3.10.2.txt;10553,15514;0,000009;7,76%;0;9793,14511;0,0000033;0,00%;1;;9793,14511
Ran94pmed1v3.10.2.txt;12829,17542;0,0000095;22,78%;0;10448,93619;0,0000042;0,00%;1;;10448,93619
Ran95pmed1v3.10.2.txt;12155,88685;0,0000111;32,93%;0;9144,91715;0,0000034;0,00%;1;;9144,91715
Ran96pmed1v3.10.2.txt;11199,39577;0,0000106;11,85%;0;10013,28931;0,0000039;0,00%;1;;10013,28931
Ran97pmed1v3.10.2.txt;9014,32224;0,0000101;10,76%;0;8138,89786;0,0000032;0,00%;1;;8138,89786
Ran98pmed1v3.10.2.txt;12675,95516;0,0000108;20,23%;0;10542,93619;0,0000036;0,00%;1;;10542,93619
Ran99pmed1v3.10.2.txt;11365,8275;0,0000095;23,18%;0;9226,68064;0,0000039;0,00%;1;;9226,68064
pmed6v3.10.2.txt;15246,44183;0,0000291;15,06%;0;13250,8749;0,000351;0,00%;1;;13250,8749
Ran0pmed6v3.10.2.txt;12682,80053;0,0000283;10,05%;0;11524,50983;0,0000061;0,00%;1;;11524,50983
Ran1pmed6v3.10.2.txt;11899,51556;0,0000281;7,12%;0;11108,6199;0,0000069;0,00%;1;;11108,6199
Ran2pmed6v3.10.2.txt;13293,50942;0,0000265;10,26%;0;12056,64129;0,0000104;0,00%;1;;12056,64129
Ran3pmed6v3.10.2.txt;13026,7563;0,0000328;11,34%;0;11699,89981;0,0000102;0,00%;1;;11699,89981
Ran4pmed6v3.10.2.txt;15840,85749;0,0000372;9,57%;0;14457,49064;0,0000121;0,00%;1;;14457,49064
Ran5pmed6v3.10.2.txt;12834,28921;0,0000442;7,39%;0;11951,38294;0,0000063;0,00%;1;;11951,38294
Ran6pmed6v3.10.2.txt;12068,93262;0,0000271;6,23%;0;11361,6618;0,0000065;0,00%;1;;11361,6618
Ran7pmed6v3.10.2.txt;14642,95446;0,0000244;5,25%;0;13912,8048;0,0000065;0,00%;1;;13912,8048
Ran8pmed6v3.10.2.txt;14080,63006;0,0000238;8,62%;0;12963,62417;0,0000079;0,00%;1;;12963,62417
Ran9pmed6v3.10.2.txt;11922,74392;0,0000251;7,16%;0;11125,84228;0,0000071;0,00%;1;;11125,84228
Ran10pmed6v3.10.2.txt;16655,65888;0,0000249;6,27%;0;15673,28268;0,0000061;0,00%;1;;15673,28268
Ran11pmed6v3.10.2.txt;13401,42309;0,0000234;15,20%;0;11633,65179;0,0000067;0,00%;1;;11633,65179
Ran12pmed6v3.10.2.txt;14891,24127;0,0000489;10,32%;0;13497,87771;0,0000066;0,00%;1;;13497,87771
Ran13pmed6v3.10.2.txt;14955,07663;0,0000393;17,26%;0;12753,52027;0,0000069;0,00%;1;;12753,52027
Ran14pmed6v3.10.2.txt;11378,38789;0,0000343;6,10%;0;10724,26831;0,0000063;0,00%;1;;10724,26831
Ran15pmed6v3.10.2.txt;15373,09587;0,0000339;16,31%;0;13217,85095;0,0000074;0,00%;1;;13217,85095
Ran16pmed6v3.10.2.txt;13802,46601;0,0000269;10,03%;0;12544,07401;0,0000107;0,00%;1;;12544,07401
Ran17pmed6v3.10.2.txt;13685,30559;0,0000282;7,74%;0;12701,80244;0,0000069;0,00%;1;;12701,80244
Ran18pmed6v3.10.2.txt;16450,25667;0,0000255;22,12%;0;13471,05577;0,0000067;0,00%;1;;13471,05577
Ran19pmed6v3.10.2.txt;13513,88398;0,0000296;15,63%;0;11687,10304;0,000007;0,00%;1;;11687,10304
Ran20pmed6v3.10.2.txt;11785,09035;0,0000275;1,00%;0;11668,94498;0,0000062;0,00%;1;;11668,94498
Ran21pmed6v3.10.2.txt;10964,12996;0,0000272;5,69%;0;10373,99741;0,0000078;0,00%;1;;10373,99741
Ran22pmed6v3.10.2.txt;12973,31205;0,0000344;13,17%;0;11463,2318;0,0000061;0,00%;1;;11463,2318
Ran23pmed6v3.10.2.txt;15201,32589;0,0000427;14,35%;0;13293,8749;0,0000063;0,00%;1;;13293,8749
Ran24pmed6v3.10.2.txt;15453,95482;0,0000271;13,24%;0;13647,57174;0,0000072;0,00%;1;;13647,57174
Ran25pmed6v3.10.2.txt;13980,92851;0,0000301;11,37%;0;12553,10178;0,0000058;0,00%;1;;12553,10178
Ran26pmed6v3.10.2.txt;12546,13553;0,0000288;6,71%;0;11757,52979;0,0000073;0,00%;1;;11757,52979
Ran27pmed6v3.10.2.txt;17476,26507;0,0000292;22,49%;0;14267,01699;0,0000068;0,00%;1;;14267,01699
Ran28pmed6v3.10.2.txt;15930,36068;0,0000231;14,56%;0;13905,87703;0,0000075;0,00%;1;;13905,87703
Ran29pmed6v3.10.2.txt;12068,8274;0,0000261;5,91%;0;11395,18281;0,0000067;0,00%;1;;11395,18281
Ran30pmed6v3.10.2.txt;12148,87811;0,0000293;5,37%;0;11529,58176;0,0000075;0,00%;1;;11529,58176
Ran31pmed6v3.10.2.txt;12875,2502;0,0000459;15,42%;0;11155,54985;0,0000088;0,00%;1;;11155,54985
Ran32pmed6v3.10.2.txt;13480,74636;0,0000299;11,60%;0;12079,79671;0,0000068;0,00%;1;;12079,79671
Ran33pmed6v3.10.2.txt;12332,01574;0,000041;10,27%;0;11183,83362;0,0000063;0,00%;1;;11183,83362
Ran34pmed6v3.10.2.txt;15411,18094;0,0000374;11,21%;0;13857,87703;0,0000111;0,00%;1;;13857,87703
Ran35pmed6v3.10.2.txt;14099,61127;0,0000447;9,56%;0;12868,97168;0,00001;0,00%;1;;12868,97168
Ran36pmed6v3.10.2.txt;11650,40989;0,0000335;4,32%;0;11168,51763;0,0000103;0,00%;1;;11168,51763
Ran37pmed6v3.10.2.txt;15870,40167;0,0000385;15,76%;0;13710,09661;0,0000103;0,00%;1;;13710,09661
Ran38pmed6v3.10.2.txt;13238,98342;0,0000354;9,34%;0;12107,89399;0,0000104;0,00%;1;;12107,89399
Ran39pmed6v3.10.2.txt;14999,58519;0,000031;6,44%;0;14092,06715;0,0000098;0,00%;1;;14092,06715
Ran40pmed6v3.10.2.txt;16622,32106;0,0000364;24,95%;0;13302,8749;0,0000106;0,00%;1;;13302,8749
Ran41pmed6v3.10.2.txt;13655,85455;0,0000444;11,54%;0;12242,76487;0,0000103;0,00%;1;;12242,76487
Ran42pmed6v3.10.2.txt;12839,93344;0,0000449;11,16%;0;11550,63631;0,0000068;0,00%;1;;11550,63631
Ran43pmed6v3.10.2.txt;14894,00352;0,0000375;7,70%;0;13829,16154;0,0000111;0,00%;1;;13829,16154
Ran44pmed6v3.10.2.txt;12415,80799;0,0000349;13,64%;0;10925,81997;0,0000104;0,00%;1;;10925,81997
Ran45pmed6v3.10.2.txt;15849,54983;0,0000394;11,42%;0;14225,01699;0,0000116;0,00%;1;;14225,01699
Ran46pmed6v3.10.2.txt;12903,90551;0,0000375;6,08%;0;12164,00968;0,0000118;0,00%;1;;12164,00968
Ran47pmed6v3.10.2.txt;14983,3036;0,0000379;14,29%;0;13109,52611;0,0000102;0,00%;1;;13109,52611
Ran48pmed6v3.10.2.txt;13679,4992;0,000047;8,22%;0;12640,50693;0,0000097;0,00%;1;;12640,50693
Ran49pmed6v3.10.2.txt;13484,81858;0,0000417;11,14%;0;12133,6056;0,0000093;0,00%;1;;12133,6056
Ran50pmed6v3.10.2.txt;14036,10483;0,0000313;10,24%;0;12732,10624;0,0000113;0,00%;1;;12732,10624
Ran51pmed6v3.10.2.txt;14234,04734;0,0000323;17,29%;0;12135,6056;0,0000105;0,00%;1;;12135,6056
Ran52pmed6v3.10.2.txt;14645,0309;0,0000291;13,33%;0;12922,65953;0,0000113;0,00%;1;;12922,65953
Ran53pmed6v3.10.2.txt;13108,01912;0,0000254;8,84%;0;12043,6056;0,0000109;0,00%;1;;12043,6056
Ran54pmed6v3.10.2.txt;13937,09842;0,0000254;11,12%;0;12541,90758;0,0000112;0,00%;1;;12541,90758
Ran55pmed6v3.10.2.txt;13264,88946;0,0000312;9,34%;0;12131,68665;0,0000119;0,00%;1;;12131,68665
Ran56pmed6v3.10.2.txt;12297,58994;0,0000306;4,21%;0;11801,25338;0,0000071;0,00%;1;;11801,25338
Ran57pmed6v3.10.2.txt;11342,38107;0,0000296;11,33%;0;10188,53611;0,0000067;0,00%;1;;10188,53611
Ran58pmed6v3.10.2.txt;13290,77991;0,0000282;10,14%;0;12067,6056;0,0000068;0,00%;1;;12067,6056
Ran59pmed6v3.10.2.txt;15493,31782;0,0000229;7,81%;0;14371,5921;0,0000069;0,00%;1;;14371,5921
Ran60pmed6v3.10.2.txt;14009,99374;0,0000265;18,70%;0;11803,00121;0,000007;0,00%;1;;11803,00121
Ran61pmed6v3.10.2.txt;13239,10546;0,000034;9,41%;0;12100,4673;0,0000063;0,00%;1;;12100,4673
Ran62pmed6v3.10.2.txt;12433,69399;0,0000234;5,81%;0;11750,50141;0,0000064;0,00%;1;;11750,50141
Ran63pmed6v3.10.2.txt;14163,93733;0,0000248;11,58%;0;12694,3409;0,000008;0,00%;1;;12694,3409
Ran64pmed6v3.10.2.txt;12153,79282;0,0000232;7,06%;0;11352,38805;0,0000067;0,00%;1;;11352,38805
Ran65pmed6v3.10.2.txt;13718,05646;0,0000279;9,53%;0;12524,82137;0,0000066;0,00%;1;;12524,82137
Ran66pmed6v3.10.2.txt;13212,1708;0,0000239;9,00%;0;12121,4673;0,0000059;0,00%;1;;12121,4673
Ran67pmed6v3.10.2.txt;12555,89584;0,0000207;7,56%;0;11673,79676;0,0000063;0,00%;1;;11673,79676
Ran68pmed6v3.10.2.txt;13096,10434;0,0000409;13,07%;0;11581,87459;0,0000069;0,00%;1;;11581,87459
Ran69pmed6v3.10.2.txt;11130,5309;0,0000205;5,98%;0;10502,85943;0,0000065;0,00%;1;;10502,85943
Ran70pmed6v3.10.2.txt;11942,91561;0,0000353;3,47%;0;11542,19038;0,0000118;0,00%;1;;11542,19038
Ran71pmed6v3.10.2.txt;13002,84071;0,0000329;10,23%;0;11796,12643;0,0000112;0,00%;1;;11796,12643
Ran72pmed6v3.10.2.txt;12769,91749;0,0000269;13,57%;0;11244,32403;0,0000101;0,00%;1;;11244,32403
Ran73pmed6v3.10.2.txt;11885,92346;0,0000292;7,11%;0;11096,89824;0,0000084;0,00%;1;;11096,89824
Ran74pmed6v3.10.2.txt;13701,58543;0,0000225;3,21%;0;13275,43822;0,0000102;0,00%;1;;13275,43822
Ran75pmed6v3.10.2.txt;12813,29667;0,0000394;8,76%;0;11781,32461;0,0000105;0,00%;1;;11781,32461
Ran76pmed6v3.10.2.txt;14691,29609;0,0000293;5,83%;0;13882,40461;0,000012;0,00%;1;;13882,40461
Ran77pmed6v3.10.2.txt;16485,83981;0,0000313;17,07%;0;14082,0129;0,0000115;0,00%;1;;14082,0129
Ran78pmed6v3.10.2.txt;13151,91444;0,0000385;10,73%;0;11877,12643;0,0000109;0,00%;1;;11877,12643
Ran79pmed6v3.10.2.txt;12549,59837;0,0000264;15,45%;0;10870,20362;0,0000071;0,00%;1;;10870,20362
Ran80pmed6v3.10.2.txt;13866,80166;0,000019;15,98%;0;11956,44553;0,0000066;0,00%;1;;11956,44553
Ran81pmed6v3.10.2.txt;14470,24714;0,000022;11,56%;0;12971,31238;0,0000067;0,00%;1;;12971,31238
Ran82pmed6v3.10.2.txt;13642,93265;0,0000266;8,89%;0;12529,59337;0,0000073;0,00%;1;;12529,59337
Ran83pmed6v3.10.2.txt;12369,32602;0,0000324;5,82%;0;11689,05463;0,0000063;0,00%;1;;11689,05463
Ran84pmed6v3.10.2.txt;15035,88054;0,0000252;12,37%;0;13380,56676;0,0000065;0,00%;1;;13380,56676
Ran85pmed6v3.10.2.txt;14349,06135;0,0000244;9,01%;0;13162,71809;0,0000072;0,00%;1;;13162,71809
Ran86pmed6v3.10.2.txt;13371,89728;0,0000287;15,31%;0;11596,87459;0,0000077;0,00%;1;;11596,87459
Ran87pmed6v3.10.2.txt;14219,29298;0,0000249;10,76%;0;12837,53392;0,000007;0,00%;1;;12837,53392
Ran88pmed6v3.10.2.txt;12802,88547;0,0000236;6,60%;0;12010,71337;0,0000082;0,00%;1;;12010,71337
Ran89pmed6v3.10.2.txt;14205,36874;0,0000331;5,42%;0;13475,44498;0,0000064;0,00%;1;;13475,44498
Ran90pmed6v3.10.2.txt;14966,64013;0,0000228;5,10%;0;14240,72225;0,0000065;0,00%;1;;14240,72225
Ran91pmed6v3.10.2.txt;15281,60135;0,0000193;6,51%;0;14347,5921;0,0000062;0,00%;1;;14347,5921
Ran92pmed6v3.10.2.txt;14454,19248;0,0000192;11,20%;0;12998,90747;0,0000063;0,00%;1;;12998,90747
Ran93pmed6v3.10.2.txt;14031,40688;0,0000249;16,50%;0;12044,65504;0,0000063;0,00%;1;;12044,65504
Ran94pmed6v3.10.2.txt;14582,16021;0,0000219;11,20%;0;13113,52611;0,0000075;0,00%;1;;13113,52611
Ran95pmed6v3.10.2.txt;13174,02373;0,0000214;6,62%;0;12356,67122;0,0000073;0,00%;1;;12356,67122
Ran96pmed6v3.10.2.txt;14005,79949;0,0000204;12,59%;0;12440,17835;0,0000055;0,00%;1;;12440,17835
Ran97pmed6v3.10.2.txt;12098,32886;0,0000173;6,85%;0;11322,88396;0,0000064;0,00%;1;;11322,88396
Ran98pmed6v3.10.2.txt;13918,69403;0,000026;12,68%;0;12352,59802;0,0000065;0,00%;1;;12352,59802
Ran99pmed6v3.10.2.txt;14036,75669;0,0000273;9,65%;0;12801,69727;0,0000062;0,00%;1;;12801,69727
pmed7v3.10.2.txt;11297,84558;0,0000307;11,39%;0;10142,49205;0,0021749;0,00%;1;;10142,49205
Ran0pmed7v3.10.2.txt;11434,35257;0,0000288;12,38%;0;10174,9542;0,0000088;0,00%;1;;10174,9542
Ran1pmed7v3.10.2.txt;12117,04097;0,0000328;16,98%;0;10357,83923;0,0000077;0,00%;1;;10357,83923
Ran2pmed7v3.10.2.txt;14468,95773;0,0000314;17,12%;0;12354,22201;0,0000084;0,00%;1;;12354,22201
Ran3pmed7v3.10.2.txt;11608,25011;0,0000344;17,49%;0;9880,0954;0,0000083;0,00%;1;;9880,0954
Ran4pmed7v3.10.2.txt;11696,72908;0,0000447;18,92%;0;9835,51556;0,0000085;0,00%;1;;9835,51556
Ran5pmed7v3.10.2.txt;12444,50254;0,0000282;19,54%;0;10410,45503;0,0000083;0,00%;1;;10410,45503
Ran6pmed7v3.10.2.txt;11645,21891;0,0000284;15,83%;0;10053,42417;0,0000095;0,00%;1;;10053,42417
Ran7pmed7v3.10.2.txt;11949,48943;0,0000288;15,45%;0;10350,1818;0,0000096;0,00%;1;;10350,1818
Ran8pmed7v3.10.2.txt;12771,65593;0,0000346;11,33%;0;11472,13521;0,0000096;0,00%;1;;11472,13521
Ran9pmed7v3.10.2.txt;12181,13022;0,0000386;20,48%;0;10110,59451;0,0000081;0,00%;1;;10110,59451
Ran10pmed7v3.10.2.txt;12194,41724;0,0000284;17,01%;0;10421,93332;0,0000077;0,00%;1;;10421,93332
Ran11pmed7v3.10.2.txt;14331,92625;0,0000319;26,55%;0;11325,36026;0,0000089;0,00%;1;;11325,36026
Ran12pmed7v3.10.2.txt;10351,56227;0,0000326;8,69%;0;9523,98686;0,0000081;0,00%;1;;9523,98686
Ran13pmed7v3.10.2.txt;10541,93582;0,0000426;11,97%;0;9414,79199;0,0000087;0,00%;1;;9414,79199
Ran14pmed7v3.10.2.txt;13254,91248;0,0000298;23,50%;0;10733,18551;0,0000079;0,00%;1;;10733,18551
Ran15pmed7v3.10.2.txt;11311,61638;0,0000365;9,23%;0;10355,52912;0,0000087;0,00%;1;;10355,52912
Ran16pmed7v3.10.2.txt;12101,66155;0,0000398;13,88%;0;10626,8414;0,000017;0,00%;1;;10626,8414
Ran17pmed7v3.10.2.txt;12108,39862;0,000031;11,72%;0;10837,89596;0,0000146;0,00%;1;;10837,89596
Ran18pmed7v3.10.2.txt;11497,45053;0,0000337;15,64%;0;9942,49876;0,0000143;0,00%;1;;9942,49876
Ran19pmed7v3.10.2.txt;10997,71836;0,0000327;11,82%;0;9835,2788;0,000014;0,00%;1;;9835,2788
Ran20pmed7v3.10.2.txt;12855,07849;0,0000318;14,93%;0;11184,81667;0,000009;0,00%;1;;11184,81667
Ran21pmed7v3.10.2.txt;11740,11895;0,0000255;14,67%;0;10238,11073;0,0000083;0,00%;1;;10238,11073
Ran22pmed7v3.10.2.txt;12443,35548;0,0000296;22,34%;0;10170,82953;0,0000103;0,00%;1;;10170,82953
Ran23pmed7v3.10.2.txt;11398,24622;0,0000288;12,88%;0;10097,38545;0,0000084;0,00%;1;;10097,38545
Ran24pmed7v3.10.2.txt;12813,28502;0,0000272;15,55%;0;11089,43977;0,0000092;0,00%;1;;11089,43977
Ran25pmed7v3.10.2.txt;11968,12394;0,0000299;14,32%;0;10468,92176;0,0000094;0,00%;1;;10468,92176
Ran26pmed7v3.10.2.txt;12436,81962;0,0000256;13,87%;0;10921,95888;0,0000079;0,00%;1;;10921,95888
Ran27pmed7v3.10.2.txt;11755,92411;0,0000287;8,53%;0;10832,30629;0,0000088;0,00%;1;;10832,30629
Ran28pmed7v3.10.2.txt;14293,00276;0,0000251;29,08%;0;11073,14635;0,0000092;0,00%;1;;11073,14635
Ran29pmed7v3.10.2.txt;12212,53885;0,0000275;16,43%;0;10489,32457;0,0000089;0,00%;1;;10489,32457
Ran30pmed7v3.10.2.txt;11060,51263;0,000028;12,83%;0;9802,84223;0,0000077;0,00%;1;;9802,84223
Ran31pmed7v3.10.2.txt;14842,02015;0,0000271;29,82%;0;11432,87262;0,000009;0,00%;1;;11432,87262
Ran32pmed7v3.10.2.txt;12412,81293;0,0000299;20,99%;0;10259,41953;0,0000088;0,00%;1;;10259,41953
Ran33pmed7v3.10.2.txt;14360,07115;0,0000351;26,94%;0;11312,50653;0,0000078;0,00%;1;;11312,50653
Ran34pmed7v3.10.2.txt;13268,68287;0,0000308;22,10%;0;10866,95888;0,0000103;0,00%;1;;10866,95888
Ran35pmed7v3.10.2.txt;13711,18505;0,000028;17,66%;0;11653,22959;0,000009;0,00%;1;;11653,22959
Ran36pmed7v3.10.2.txt;11256,40051;0,0000275;17,22%;0;9603,10885;0,0000096;0,00%;1;;9603,10885
Ran37pmed7v3.10.2.txt;11470,10546;0,0000404;12,91%;0;10158,26921;0,0000091;0,00%;1;;10158,26921
Ran38pmed7v3.10.2.txt;11493,53397;0,0000287;16,15%;0;9895,26551;0,0000078;0,00%;1;;9895,26551
Ran39pmed7v3.10.2.txt;12354,1786;0,0000255;21,09%;0;10202,17642;0,0000085;0,00%;1;;10202,17642
Ran40pmed7v3.10.2.txt;13456,80657;0,0000298;22,70%;0;10967,00418;0,0000109;0,00%;1;;10967,00418
Ran41pmed7v3.10.2.txt;13683,38661;0,0000307;15,08%;0;11890,79911;0,0000092;0,00%;1;;11890,79911
Ran42pmed7v3.10.2.txt;12610,50787;0,0000256;21,49%;0;10379,95024;0,0000079;0,00%;1;;10379,95024
Ran43pmed7v3.10.2.txt;12350,08921;0,0000495;15,21%;0;10719,60611;0,0000166;0,00%;1;;10719,60611
Ran44pmed7v3.10.2.txt;11613,6346;0,0000264;19,70%;0;9702,13202;0,0000081;0,00%;1;;9702,13202
Ran45pmed7v3.10.2.txt;10839,82695;0,0000291;11,05%;0;9761,47513;0,0000154;0,00%;1;;9761,47513
Ran46pmed7v3.10.2.txt;12044,43542;0,0000434;14,32%;0;10535,6316;0,0000154;0,00%;1;;10535,6316
Ran47pmed7v3.10.2.txt;10186,79921;0,0000398;13,83%;0;8948,9506;0,0000086;0,00%;1;;8948,9506
Ran48pmed7v3.10.2.txt;13852,44079;0,0000286;24,12%;0;11160,73538;0,0000081;0,00%;1;;11160,73538
Ran49pmed7v3.10.2.txt;15086,71042;0,0000288;31,60%;0;11463,88247;0,0000084;0,00%;1;;11463,88247
Ran50pmed7v3.10.2.txt;12713,81302;0,0000269;19,86%;0;10607,67204;0,0000084;0,00%;1;;10607,67204
Ran51pmed7v3.10.2.txt;11554,51666;0,0000259;12,36%;0;10283,8039;0,0000081;0,00%;1;;10283,8039
Ran52pmed7v3.10.2.txt;12638,35623;0,0000234;13,52%;0;11132,73538;0,0000083;0,00%;1;;11132,73538
Ran53pmed7v3.10.2.txt;12046,887;0,000024;18,97%;0;10125,98243;0,0000083;0,00%;1;;10125,98243
Ran54pmed7v3.10.2.txt;11799,56671;0,0000254;14,82%;0;10276,7011;0,0000088;0,00%;1;;10276,7011
Ran55pmed7v3.10.2.txt;12365,64777;0,0000257;22,87%;0;10063,74061;0,0000085;0,00%;1;;10063,74061
Ran56pmed7v3.10.2.txt;13335,75726;0,000032;16,23%;0;11473,21349;0,0000114;0,00%;1;;11473,21349
Ran57pmed7v3.10.2.txt;13478,05174;0,0000333;18,73%;0;11351,92991;0,0000091;0,00%;1;;11351,92991
Ran58pmed7v3.10.2.txt;12233,93698;0,0000247;18,51%;0;10322,86544;0,0000094;0,00%;1;;10322,86544
Ran59pmed7v3.10.2.txt;14120,47896;0,0000324;20,40%;0;11728,37762;0,0000082;0,00%;1;;11728,37762
Ran60pmed7v3.10.2.txt;12035,48165;0,0000679;15,33%;0;10435,8008;0,0000093;0,00%;1;;10435,8008
Ran61pmed7v3.10.2.txt;10750,15145;0,0000412;14,01%;0;9428,95308;0,0000094;0,00%;1;;9428,95308
Ran62pmed7v3.10.2.txt;12986,96886;0,0000448;21,85%;0;10658,22744;0,0000136;0,00%;1;;10658,22744
Ran63pmed7v3.10.2.txt;14158,80607;0,0000333;22,04%;0;11601,58578;0,0000091;0,00%;1;;11601,58578
Ran64pmed7v3.10.2.txt;11075,43002;0,0000287;12,93%;0;9807,70026;0,0000086;0,00%;1;;9807,70026
Ran65pmed7v3.10.2.txt;15216,56331;0,0000314;25,45%;0;12129,70409;0,000011;0,00%;1;;12129,70409
Ran66pmed7v3.10.2.txt;12497,47153;0,0000255;12,74%;0;11085,37702;0,000008;0,00%;1;;11085,37702
Ran67pmed7v3.10.2.txt;13984,84129;0,0000231;11,65%;0;12525,91702;0,0000102;0,00%;1;;12525,91702
Ran68pmed7v3.10.2.txt;13379,67765;0,0000259;19,41%;0;11205,28785;0,0000095;0,00%;1;;11205,28785
Ran69pmed7v3.10.2.txt;12451,05363;0,0000294;8,75%;0;11449,21649;0,0000095;0,00%;1;;11449,21649
Ran70pmed7v3.10.2.txt;12124,56387;0,0000424;15,09%;0;10534,77059;0,000014;0,00%;1;;10534,77059
Ran71pmed7v3.10.2.txt;14039,96392;0,000061;17,45%;0;11953,76025;0,0000096;0,00%;1;;11953,76025
Ran72pmed7v3.10.2.txt;13166,17018;0,0000253;27,86%;0;10297,27745;0,0000084;0,00%;1;;10297,27745
Ran73pmed7v3.10.2.txt;13073,26636;0,0000291;18,82%;0;11002,58505;0,0000086;0,00%;1;;11002,58505
Ran74pmed7v3.10.2.txt;11155,564;0,0000304;8,23%;0;10307,76141;0,0000101;0,00%;1;;10307,76141
Ran75pmed7v3.10.2.txt;12295,13019;0,0000323;10,09%;0;11168,63823;0,000009;0,00%;1;;11168,63823
Ran76pmed7v3.10.2.txt;12603,57655;0,0000298;15,29%;0;10932,41749;0,0000085;0,00%;1;;10932,41749
Ran77pmed7v3.10.2.txt;12776,81319;0,0000269;13,62%;0;11244,85463;0,0000086;0,00%;1;;11244,85463
Ran78pmed7v3.10.2.txt;12716,08484;0,0000268;25,53%;0;10130,02593;0,0000098;0,00%;1;;10130,02593
Ran79pmed7v3.10.2.txt;11960,77848;0,0000308;13,86%;0;10504,85035;0,0000093;0,00%;1;;10504,85035
Ran80pmed7v3.10.2.txt;12387,05955;0,0000376;17,51%;0;10541,65063;0,0000088;0,00%;1;;10541,65063
Ran81pmed7v3.10.2.txt;12599,92611;0,0000313;30,39%;0;9662,9856;0,0000087;0,00%;1;;9662,9856
Ran82pmed7v3.10.2.txt;12218,37642;0,0000293;11,61%;0;10947,41782;0,0000089;0,00%;1;;10947,41782
Ran83pmed7v3.10.2.txt;12540,52339;0,0000281;19,31%;0;10511,17365;0,0000104;0,00%;1;;10511,17365
Ran84pmed7v3.10.2.txt;11107,04256;0,0000311;12,62%;0;9862,30632;0,0000082;0,00%;1;;9862,30632
Ran85pmed7v3.10.2.txt;11917,6723;0,0000294;13,93%;0;10460,44744;0,0000087;0,00%;1;;10460,44744
Ran86pmed7v3.10.2.txt;13026,00343;0,0000274;11,39%;0;11694,37762;0,0000091;0,00%;1;;11694,37762
Ran87pmed7v3.10.2.txt;12964,80175;0,0000312;14,12%;0;11360,60562;0,0000102;0,00%;1;;11360,60562
Ran88pmed7v3.10.2.txt;12526,46301;0,0000271;14,03%;0;10985,41353;0,0000085;0,00%;1;;10985,41353
Ran89pmed7v3.10.2.txt;11647,98867;0,0000267;15,41%;0;10092,39577;0,0000087;0,00%;1;;10092,39577
Ran90pmed7v3.10.2.txt;11342,23075;0,0000301;13,99%;0;9950,18046;0,0000091;0,00%;1;;9950,18046
Ran91pmed7v3.10.2.txt;11893,83323;0,0000277;11,01%;0;10714,0811;0,000009;0,00%;1;;10714,0811
Ran92pmed7v3.10.2.txt;12213,23757;0,0000538;16,53%;0;10481,06674;0,0000074;0,00%;1;;10481,06674
Ran93pmed7v3.10.2.txt;12069,50363;0,000029;18,98%;0;10144,28054;0,000009;0,00%;1;;10144,28054
Ran94pmed7v3.10.2.txt;11296,37595;0,0000245;16,24%;0;9717,88493;0,00001;0,00%;1;;9717,88493
Ran95pmed7v3.10.2.txt;12934,92661;0,0000304;16,54%;0;11098,80951;0,00001;0,00%;1;;11098,80951
Ran96pmed7v3.10.2.txt;11229,50382;0,0000364;25,45%;0;8951,58861;0,0000099;0,00%;1;;8951,58861
Ran97pmed7v3.10.2.txt;14092,23221;0,0000293;14,86%;0;12269,03749;0,00001;0,00%;1;;12269,03749
Ran98pmed7v3.10.2.txt;11723,87044;0,0000293;19,92%;0;9776,74942;0,0000084;0,00%;1;;9776,74942
Ran99pmed7v3.10.2.txt;14971,68707;0,0000296;26,14%;0;11869,11007;0,0000103;0,00%;1;;11869,11007
pmed2v3.10.2.txt;7927,54103;0,0000139;13,85%;0;6963,36702;0,0018939;0,00%;1;;6963,36702
Ran0pmed2v3.10.2.txt;10867,2417;0,0000166;36,00%;0;7990,679;0,000005;0,00%;1;;7990,679
Ran1pmed2v3.10.2.txt;8636,04512;0,0000141;15,85%;0;7454,40709;0,0000065;0,00%;1;;7454,40709
Ran2pmed2v3.10.2.txt;10131,07979;0,0000129;27,55%;0;7942,76228;0,0000073;0,00%;1;;7942,76228
Ran3pmed2v3.10.2.txt;8372,04283;0,0000137;16,62%;0;7179,09747;0,0000064;0,00%;1;;7179,09747
Ran4pmed2v3.10.2.txt;9161,6966;0,0000175;21,41%;0;7546,31447;0,0000049;0,00%;1;;7546,31447
Ran5pmed2v3.10.2.txt;9175,37488;0,0000156;17,35%;0;7818,679;0,0000047;0,00%;1;;7818,679
Ran6pmed2v3.10.2.txt;9322,26549;0,0000103;26,79%;0;7352,62407;0,0000042;0,00%;1;;7352,62407
Ran7pmed2v3.10.2.txt;9058,60244;0,0000102;16,33%;0;7787,04693;0,0000044;0,00%;1;;7787,04693
Ran8pmed2v3.10.2.txt;10570,09004;0,0000098;30,46%;0;8101,97515;0,0000041;0,00%;1;;8101,97515
Ran9pmed2v3.10.2.txt;9775,30978;0,0000096;36,36%;0;7169,00026;0,0000035;0,00%;1;;7169,00026
Ran10pmed2v3.10.2.txt;10220,34542;0,0000086;34,90%;0;7576,01093;0,0000044;0,00%;1;;7576,01093
Ran11pmed2v3.10.2.txt;8525,58309;0,0000103;16,23%;0;7335,30602;0,0000048;0,00%;1;;7335,30602
Ran12pmed2v3.10.2.txt;9213,52787;0,0000104;21,37%;0;7591,26626;0,0000042;0,00%;1;;7591,26626
Ran13pmed2v3.10.2.txt;9145,66402;0,0000131;23,68%;0;7394,79584;0,0000036;0,00%;1;;7394,79584
Ran14pmed2v3.10.2.txt;10040,72902;0,0000134;29,02%;0;7782,20356;0,0000044;0,00%;1;;7782,20356
Ran15pmed2v3.10.2.txt;8432,68415;0,0000141;18,79%;0;7098,71075;0,0000043;0,00%;1;;7098,71075
Ran16pmed2v3.10.2.txt;9835,62104;0,0000157;24,36%;0;7908,74924;0,0000042;0,00%;1;;7908,74924
Ran17pmed2v3.10.2.txt;10669,95256;0,0000165;36,88%;0;7794,91502;0,0000069;0,00%;1;;7794,91502
Ran18pmed2v3.10.2.txt;10311,38955;0,0000149;34,75%;0;7652,04693;0,0000064;0,00%;1;;7652,04693
Ran19pmed2v3.10.2.txt;9912,54725;0,0000207;25,86%;0;7875,679;0,0000058;0,00%;1;;7875,679
Ran20pmed2v3.10.2.txt;9263,33714;0,0000158;15,43%;0;8024,76228;0,0000045;0,00%;1;;8024,76228
Ran21pmed2v3.10.2.txt;11123,54625;0,000011;30,03%;0;8554,55056;0,0000037;0,00%;1;;8554,55056
Ran22pmed2v3.10.2.txt;9654,46974;0,0000096;23,40%;0;7823,679;0,0000045;0,00%;1;;7823,679
Ran23pmed2v3.10.2.txt;8658,1921;0,0000101;20,55%;0;7182,05419;0,0000036;0,00%;1;;7182,05419
Ran24pmed2v3.10.2.txt;9960,63054;0,0000126;37,43%;0;7248,03349;0,0000044;0,00%;1;;7248,03349
Ran25pmed2v3.10.2.txt;10168,52797;0,0000098;33,05%;0;7642,70121;0,0000042;0,00%;1;;7642,70121
Ran26pmed2v3.10.2.txt;9710,42794;0,0000102;26,95%;0;7649,11688;0,0000049;0,00%;1;;7649,11688
Ran27pmed2v3.10.2.txt;8816,82174;0,0000172;25,71%;0;7013,3823;0,0000038;0,00%;1;;7013,3823
Ran28pmed2v3.10.2.txt;9266,13766;0,0000154;22,65%;0;7555,11688;0,0000036;0,00%;1;;7555,11688
Ran29pmed2v3.10.2.txt;10380,57844;0,0000111;38,60%;0;7489,73605;0,0000045;0,00%;1;;7489,73605
Ran30pmed2v3.10.2.txt;9872,02589;0,0000105;33,43%;0;7398,40771;0,0000043;0,00%;1;;7398,40771
Ran31pmed2v3.10.2.txt;8118,25811;0,0000107;16,65%;0;6959,6847;0,0000037;0,00%;1;;6959,6847
Ran32pmed2v3.10.2.txt;9044,80872;0,0000109;21,38%;0;7451,50227;0,0000053;0,00%;1;;7451,50227
Ran33pmed2v3.10.2.txt;9773,97313;0,000011;41,63%;0;6901,11372;0,0000049;0,00%;1;;6901,11372
Ran34pmed2v3.10.2.txt;7523,20407;0,0000112;11,32%;0;6758,47345;0,0000037;0,00%;1;;6758,47345
Ran35pmed2v3.10.2.txt;11419,52159;0,0000116;32,72%;0;8604,17707;0,0000051;0,00%;1;;8604,17707
Ran36pmed2v3.10.2.txt;9049,15352;0,0000098;16,81%;0;7746,97605;0,0000043;0,00%;1;;7746,97605
Ran37pmed2v3.10.2.txt;11288,54683;0,000011;34,87%;0;8369,83112;0,0000047;0,00%;1;;8369,83112
Ran38pmed2v3.10.2.txt;9105,43385;0,0000137;18,84%;0;7662,21967;0,0000049;0,00%;1;;7662,21967
Ran39pmed2v3.10.2.txt;10601,40656;0,0000125;43,42%;0;7391,74683;0,0000046;0,00%;1;;7391,74683
Ran40pmed2v3.10.2.txt;9955,03194;0,0000134;38,71%;0;7176,6847;0,0000044;0,00%;1;;7176,6847
Ran41pmed2v3.10.2.txt;9545,68368;0,0000161;24,68%;0;7656,21967;0,0000044;0,00%;1;;7656,21967
Ran42pmed2v3.10.2.txt;8820,6472;0,0000158;24,01%;0;7113,00026;0,0000034;0,00%;1;;7113,00026
Ran43pmed2v3.10.2.txt;11032,76933;0,0000124;37,86%;0;8003,13168;0,0000048;0,00%;1;;8003,13168
Ran44pmed2v3.10.2.txt;8975,44796;0,0000114;24,46%;0;7211,50475;0,0000038;0,00%;1;;7211,50475
Ran45pmed2v3.10.2.txt;9419,18666;0,0000132;23,05%;0;7655,09744;0,0000041;0,00%;1;;7655,09744
Ran46pmed2v3.10.2.txt;10013,58356;0,0000106;29,11%;0;7755,93146;0,0000048;0,00%;1;;7755,93146
Ran47pmed2v3.10.2.txt;8664,10275;0,0000109;22,49%;0;7073,23858;0,0000048;0,00%;1;;7073,23858
Ran48pmed2v3.10.2.txt;9542,7176;0,0000109;24,56%;0;7661,09744;0,0000043;0,00%;1;;7661,09744
Ran49pmed2v3.10.2.txt;8856,33293;0,0000132;20,00%;0;7380,44091;0,0000039;0,00%;1;;7380,44091
Ran50pmed2v3.10.2.txt;9194,40192;0,0000093;19,23%;0;7711,21967;0,0000055;0,00%;1;;7711,21967
Ran51pmed2v3.10.2.txt;10655,55694;0,0000109;41,02%;0;7556,00748;0,0000046;0,00%;1;;7556,00748
Ran52pmed2v3.10.2.txt;8587,84255;0,0000089;15,42%;0;7440,80692;0,0000043;0,00%;1;;7440,80692
Ran53pmed2v3.10.2.txt;9731,34173;0,0000096;22,50%;0;7943,8412;0,0000049;0,00%;1;;7943,8412
Ran54pmed2v3.10.2.txt;8876,79426;0,00001;23,52%;0;7186,80035;0,0000036;0,00%;1;;7186,80035
Ran55pmed2v3.10.2.txt;9428,71439;0,0000198;25,54%;0;7510,68198;0,0000044;0,00%;1;;7510,68198
Ran56pmed2v3.10.2.txt;9086,43461;0,0000122;18,81%;0;7648,11433;0,0000041;0,00%;1;;7648,11433
Ran57pmed2v3.10.2.txt;9605,24244;0,0000115;27,89%;0;7510,39222;0,000004;0,00%;1;;7510,39222
Ran58pmed2v3.10.2.txt;9195,38544;0,0000126;16,34%;0;7904,20272;0,000004;0,00%;1;;7904,20272
Ran59pmed2v3.10.2.txt;9535,62213;0,0000109;24,61%;0;7652,16361;0,0000043;0,00%;1;;7652,16361
Ran60pmed2v3.10.2.txt;9398,23986;0,0000143;24,36%;0;7557,11688;0,0000039;0,00%;1;;7557,11688
Ran61pmed2v3.10.2.txt;10351,20791;0,0000124;32,26%;0;7826,58059;0,0000064;0,00%;1;;7826,58059
Ran62pmed2v3.10.2.txt;9832,44151;0,0000127;31,50%;0;7477,41951;0,0000057;0,00%;1;;7477,41951
Ran63pmed2v3.10.2.txt;10137,85386;0,0000139;27,55%;0;7948,38879;0,0000069;0,00%;1;;7948,38879
Ran64pmed2v3.10.2.txt;9185,59271;0,0000093;14,82%;0;8000,06556;0,0000037;0,00%;1;;8000,06556
Ran65pmed2v3.10.2.txt;9243,65799;0,0000101;29,14%;0;7158,03;0,0000039;0,00%;1;;7158,03
Ran66pmed2v3.10.2.txt;8087,29644;0,0000114;10,64%;0;7309,44662;0,0000039;0,00%;1;;7309,44662
Ran67pmed2v3.10.2.txt;9913,13551;0,0000143;30,43%;0;7600,29165;0,0000044;0,00%;1;;7600,29165
Ran68pmed2v3.10.2.txt;10312,54788;0,0000109;30,51%;0;7901,679;0,0000048;0,00%;1;;7901,679
Ran69pmed2v3.10.2.txt;8500,11435;0,0000096;17,22%;0;7251,15187;0,0000041;0,00%;1;;7251,15187
Ran70pmed2v3.10.2.txt;9694,64223;0,0000114;20,98%;0;8013,1837;0,000005;0,00%;1;;8013,1837
Ran71pmed2v3.10.2.txt;9173,80273;0,000012;21,48%;0;7552,02964;0,0000038;0,00%;1;;7552,02964
Ran72pmed2v3.10.2.txt;9852,81277;0,0000139;30,70%;0;7538,80829;0,0000062;0,00%;1;;7538,80829
Ran73pmed2v3.10.2.txt;8553,77514;0,0000122;14,51%;0;7470,00036;0,0000067;0,00%;1;;7470,00036
Ran74pmed2v3.10.2.txt;8772,40985;0,000015;12,97%;0;7765,29868;0,0000067;0,00%;1;;7765,29868
Ran75pmed2v3.10.2.txt;10781,34126;0,0000136;37,47%;0;7842,79868;0,000006;0,00%;1;;7842,79868
Ran76pmed2v3.10.2.txt;8647,11939;0,0000151;18,00%;0;7327,80421;0,0000042;0,00%;1;;7327,80421
Ran77pmed2v3.10.2.txt;11124,71519;0,0000093;50,84%;0;7375,4302;0,0000041;0,00%;1;;7375,4302
Ran78pmed2v3.10.2.txt;9740,93876;0,0000124;32,29%;0;7363,25661;0,000005;0,00%;1;;7363,25661
Ran79pmed2v3.10.2.txt;12354,11464;0,0000123;49,17%;0;8281,83112;0,0000061;0,00%;1;;8281,83112
Ran80pmed2v3.10.2.txt;10156,30784;0,0000117;30,90%;0;7758,70993;0,0000046;0,00%;1;;7758,70993
Ran81pmed2v3.10.2.txt;9655,76943;0,0000103;17,35%;0;8227,94844;0,0000047;0,00%;1;;8227,94844
Ran82pmed2v3.10.2.txt;8969,61691;0,0000146;16,80%;0;7679,74683;0,0000036;0,00%;1;;7679,74683
Ran83pmed2v3.10.2.txt;10635,41411;0,0000127;23,51%;0;8610,92164;0,0000039;0,00%;1;;8610,92164
Ran84pmed2v3.10.2.txt;9862,98056;0,0000101;19,22%;0;8272,92164;0,0000051;0,00%;1;;8272,92164
Ran85pmed2v3.10.2.txt;9418,18623;0,0000105;21,81%;0;7731,92258;0,0000042;0,00%;1;;7731,92258
Ran86pmed2v3.10.2.txt;8537,02678;0,0000132;15,44%;0;7395,22994;0,0000049;0,00%;1;;7395,22994
Ran87pmed2v3.10.2.txt;8987,89253;0,0000124;25,77%;0;7146,50542;0,0000045;0,00%;1;;7146,50542
Ran88pmed2v3.10.2.txt;9246,22688;0,0000106;21,20%;0;7628,7798;0,0000042;0,00%;1;;7628,7798
Ran89pmed2v3.10.2.txt;9708,79866;0,0000108;23,84%;0;7840,09744;0,000004;0,00%;1;;7840,09744
Ran90pmed2v3.10.2.txt;10050,83258;0,0000104;26,84%;0;7924,29023;0,0000045;0,00%;1;;7924,29023
Ran91pmed2v3.10.2.txt;10859,53052;0,0000115;26,17%;0;8607,17707;0,0000037;0,00%;1;;8607,17707
Ran92pmed2v3.10.2.txt;8871,09781;0,0000114;23,95%;0;7157,19086;0,0000043;0,00%;1;;7157,19086
Ran93pmed2v3.10.2.txt;10297,24326;0,0000105;21,61%;0;8467,81011;0,000005;0,00%;1;;8467,81011
Ran94pmed2v3.10.2.txt;9557,66923;0,0000116;23,59%;0;7733,52962;0,0000039;0,00%;1;;7733,52962
Ran95pmed2v3.10.2.txt;11423,89215;0,0000105;42,53%;0;8015,1837;0,0000082;0,00%;1;;8015,1837
Ran96pmed2v3.10.2.txt;9905,7384;0,0000132;25,68%;0;7881,88164;0,000007;0,00%;1;;7881,88164
Ran97pmed2v3.10.2.txt;10384,73795;0,0000185;21,77%;0;8527,97198;0,0000111;0,00%;1;;8527,97198
Ran98pmed2v3.10.2.txt;9061,62781;0,0000202;24,44%;0;7281,74683;0,0000045;0,00%;1;;7281,74683
Ran99pmed2v3.10.2.txt;10510,78759;0,0000113;31,43%;0;7997,38879;0,0000046;0,00%;1;;7997,38879
pmed3v3.10.2.txt;9770,25498;0,0000103;12,94%;0;8651,20743;0,0006143;0,00%;1;;8651,20743
Ran0pmed3v3.10.2.txt;11943,17684;0,0000111;25,21%;0;9538,7893;0,0000052;0,00%;1;;9538,7893
Ran1pmed3v3.10.2.txt;10355,16928;0,0000183;13,37%;0;9133,7928;0,0000065;0,00%;1;;9133,7928
Ran2pmed3v3.10.2.txt;11250,79519;0,0000161;14,28%;0;9844,8159;0,0000081;0,00%;1;;9844,8159
Ran3pmed3v3.10.2.txt;10234,53619;0,0000165;19,12%;0;8592,16757;0,0000069;0,00%;1;;8592,16757
Ran4pmed3v3.10.2.txt;9934,35188;0,0000149;20,46%;0;8247,35148;0,0000068;0,00%;1;;8247,35148
Ran5pmed3v3.10.2.txt;8884,4977;0,0000149;8,71%;0;8172,96784;0,0000036;0,00%;1;;8172,96784
Ran6pmed3v3.10.2.txt;10210,54895;0,0000124;14,27%;0;8935,15575;0,0000051;0,00%;1;;8935,15575
Ran7pmed3v3.10.2.txt;10273,33209;0,0000103;7,17%;0;9586,20759;0,0000048;0,00%;1;;9586,20759
Ran8pmed3v3.10.2.txt;10028,07246;0,0000121;8,64%;0;9230,65416;0,0000067;0,00%;1;;9230,65416
Ran9pmed3v3.10.2.txt;12961,65279;0,0000125;36,12%;0;9522,34676;0,0000048;0,00%;1;;9522,34676
Ran10pmed3v3.10.2.txt;10967,34873;0,000011;13,67%;0;9648,30385;0,0000043;0,00%;1;;9648,30385
Ran11pmed3v3.10.2.txt;9458,5905;0,0000134;10,40%;0;8567,92216;0,0000042;0,00%;1;;8567,92216
Ran12pmed3v3.10.2.txt;10667,10962;0,0000118;21,16%;0;8804,0249;0,0000039;0,00%;1;;8804,0249
Ran13pmed3v3.10.2.txt;9924,57839;0,0000108;17,27%;0;8463,14185;0,0000045;0,00%;1;;8463,14185
Ran14pmed3v3.10.2.txt;9804,15808;0,0000135;16,89%;0;8387,21084;0,0000038;0,00%;1;;8387,21084
Ran15pmed3v3.10.2.txt;11727,22274;0,0000104;12,43%;0;10430,27419;0,0000048;0,00%;1;;10430,27419
Ran16pmed3v3.10.2.txt;9614,06104;0,0000097;11,95%;0;8587,77022;0,0000046;0,00%;1;;8587,77022
Ran17pmed3v3.10.2.txt;10531,58279;0,0000113;15,70%;0;9102,70287;0,0000041;0,00%;1;;9102,70287
Ran18pmed3v3.10.2.txt;12756,9618;0,0000129;34,43%;0;9489,76195;0,0000037;0,00%;1;;9489,76195
Ran19pmed3v3.10.2.txt;11398,26432;0,0000098;19,41%;0;9545,77979;0,0000043;0,00%;1;;9545,77979
Ran20pmed3v3.10.2.txt;10195,63662;0,0000088;10,94%;0;9190,18414;0,0000044;0,00%;1;;9190,18414
Ran21pmed3v3.10.2.txt;8878,73758;0,0000097;6,50%;0;8336,91027;0,0000036;0,00%;1;;8336,91027
Ran22pmed3v3.10.2.txt;10162,68059;0,0000108;19,69%;0;8491,10547;0,0000042;0,00%;1;;8491,10547
Ran23pmed3v3.10.2.txt;10452,61756;0,0000113;23,37%;0;8472,50976;0,0000043;0,00%;1;;8472,50976
Ran24pmed3v3.10.2.txt;12647,59477;0,0000127;25,26%;0;10097,37657;0,0000045;0,00%;1;;10097,37657
Ran25pmed3v3.10.2.txt;10153,10992;0,0000117;16,29%;0;8730,95264;0,0000034;0,00%;1;;8730,95264
Ran26pmed3v3.10.2.txt;10512,53196;0,000011;16,71%;0;9007,64465;0,0000049;0,00%;1;;9007,64465
Ran27pmed3v3.10.2.txt;10229,50501;0,0000113;14,53%;0;8932,12747;0,0000039;0,00%;1;;8932,12747
Ran28pmed3v3.10.2.txt;10589,4266;0,000009;15,50%;0;9168,5159;0,0000041;0,00%;1;;9168,5159
Ran29pmed3v3.10.2.txt;9964,50937;0,0000103;12,50%;0;8857,50664;0,0000039;0,00%;1;;8857,50664
Ran30pmed3v3.10.2.txt;9755,6078;0,0000102;14,88%;0;8492,19052;0,0000042;0,00%;1;;8492,19052
Ran31pmed3v3.10.2.txt;9476,46288;0,0000103;7,23%;0;8837,53107;0,000006;0,00%;1;;8837,53107
Ran32pmed3v3.10.2.txt;11166,12924;0,000013;19,51%;0;9343,63818;0,0000047;0,00%;1;;9343,63818
Ran33pmed3v3.10.2.txt;9699,80071;0,0000094;5,63%;0;9182,45199;0,000004;0,00%;1;;9182,45199
Ran34pmed3v3.10.2.txt;11177,14741;0,0000131;13,62%;0;9837,16755;0,0000066;0,00%;1;;9837,16755
Ran35pmed3v3.10.2.txt;10175,6647;0,0000123;17,68%;0;8646,86908;0,000005;0,00%;1;;8646,86908
Ran36pmed3v3.10.2.txt;9840,86431;0,0000149;15,86%;0;8493,71558;0,0000038;0,00%;1;;8493,71558
Ran37pmed3v3.10.2.txt;9363,42288;0,0000102;10,23%;0;8494,62905;0,0000054;0,00%;1;;8494,62905
Ran38pmed3v3.10.2.txt;9879,15667;0,0000158;17,00%;0;8443,44797;0,0000043;0,00%;1;;8443,44797
Ran39pmed3v3.10.2.txt;9279,53195;0,0000118;11,45%;0;8326,2319;0,0000033;0,00%;1;;8326,2319
Ran40pmed3v3.10.2.txt;9922,18562;0,0000113;13,48%;0;8743,71779;0,0000036;0,00%;1;;8743,71779
Ran41pmed3v3.10.2.txt;10564,10973;0,0000099;10,31%;0;9576,87822;0,0000042;0,00%;1;;9576,87822
Ran42pmed3v3.10.2.txt;9708,04376;0,0000108;16,70%;0;8319,1121;0,0000041;0,00%;1;;8319,1121
Ran43pmed3v3.10.2.txt;9916,99662;0,0000115;9,76%;0;9035,307;0,0000046;0,00%;1;;9035,307
Ran44pmed3v3.10.2.txt;11664,41727;0,0000106;32,87%;0;8778,80501;0,0000035;0,00%;1;;8778,80501
Ran45pmed3v3.10.2.txt;11394,39547;0,0000126;26,01%;0;9042,59707;0,0000044;0,00%;1;;9042,59707
Ran46pmed3v3.10.2.txt;11063,3178;0,0000104;19,35%;0;9269,82245;0,0000044;0,00%;1;;9269,82245
Ran47pmed3v3.10.2.txt;10820,17192;0,0000122;15,08%;0;9402,36812;0,0000049;0,00%;1;;9402,36812
Ran48pmed3v3.10.2.txt;11505,05083;0,0000117;16,45%;0;9879,96383;0,0000055;0,00%;1;;9879,96383
Ran49pmed3v3.10.2.txt;10978,09348;0,0000115;14,89%;0;9555,25704;0,0000048;0,00%;1;;9555,25704
Ran50pmed3v3.10.2.txt;10275,61453;0,0000103;9,25%;0;9405,74428;0,0000041;0,00%;1;;9405,74428
Ran51pmed3v3.10.2.txt;10883,28557;0,0000119;19,44%;0;9112,34238;0,000004;0,00%;1;;9112,34238
Ran52pmed3v3.10.2.txt;10651,56186;0,0000121;11,89%;0;9520,09668;0,0000039;0,00%;1;;9520,09668
Ran53pmed3v3.10.2.txt;12144,91119;0,0000094;18,82%;0;10221,13271;0,0000046;0,00%;1;;10221,13271
Ran54pmed3v3.10.2.txt;11666,44063;0,0000095;22,77%;0;9503,03324;0,0000042;0,00%;1;;9503,03324
Ran55pmed3v3.10.2.txt;10423,9901;0,000012;15,11%;0;9055,56346;0,0000042;0,00%;1;;9055,56346
Ran56pmed3v3.10.2.txt;10534,06504;0,0000151;18,87%;0;8862,07057;0,000005;0,00%;1;;8862,07057
Ran57pmed3v3.10.2.txt;10913,95918;0,0000095;17,24%;0;9308,87973;0,0000043;0,00%;1;;9308,87973
Ran58pmed3v3.10.2.txt;12099,84052;0,0000096;18,54%;0;10207,8298;0,0000042;0,00%;1;;10207,8298
Ran59pmed3v3.10.2.txt;12068,49119;0,0000091;17,76%;0;10248,11905;0,0000042;0,00%;1;;10248,11905
Ran60pmed3v3.10.2.txt;9554,92214;0,0000093;14,52%;0;8343,73506;0,0000043;0,00%;1;;8343,73506
Ran61pmed3v3.10.2.txt;11031,7878;0,00001;23,28%;0;8948,29225;0,0000038;0,00%;1;;8948,29225
Ran62pmed3v3.10.2.txt;11226,1586;0,000013;14,78%;0;9780,95079;0,0000049;0,00%;1;;9780,95079
Ran63pmed3v3.10.2.txt;10298,08918;0,0000104;9,81%;0;9378,36273;0,0000047;0,00%;1;;9378,36273
Ran64pmed3v3.10.2.txt;11253,33616;0,0000115;24,00%;0;9075,373;0,0000035;0,00%;1;;9075,373
Ran65pmed3v3.10.2.txt;11066,25758;0,0000134;13,48%;0;9751,607;0,0000048;0,00%;1;;9751,607
Ran66pmed3v3.10.2.txt;10237,24153;0,0000141;11,86%;0;9151,57278;0,0000047;0,00%;1;;9151,57278
Ran67pmed3v3.10.2.txt;9744,08356;0,0000105;17,74%;0;8275,63964;0,0000045;0,00%;1;;8275,63964
Ran68pmed3v3.10.2.txt;9207,31649;0,0000109;12,32%;0;8197,63118;0,0000038;0,00%;1;;8197,63118
Ran69pmed3v3.10.2.txt;10035,96848;0,0000289;22,47%;0;8194,96868;0,0000045;0,00%;1;;8194,96868
Ran70pmed3v3.10.2.txt;9726,75866;0,0000169;13,95%;0;8535,80313;0,0000038;0,00%;1;;8535,80313
Ran71pmed3v3.10.2.txt;9190,43842;0,0000154;11,93%;0;8210,68528;0,0000043;0,00%;1;;8210,68528
Ran72pmed3v3.10.2.txt;13006,83422;0,0000101;31,81%;0;9868,14073;0,0000047;0,00%;1;;9868,14073
Ran73pmed3v3.10.2.txt;9516,78603;0,0000086;11,78%;0;8513,80067;0,0000044;0,00%;1;;8513,80067
Ran74pmed3v3.10.2.txt;10673,92528;0,0000101;14,61%;0;9313,54107;0,0000041;0,00%;1;;9313,54107
Ran75pmed3v3.10.2.txt;10221,47959;0,0000103;17,05%;0;8732,88656;0,0000045;0,00%;1;;8732,88656
Ran76pmed3v3.10.2.txt;11884,25109;0,0000137;14,63%;0;10367,48275;0,000005;0,00%;1;;10367,48275
Ran77pmed3v3.10.2.txt;11745,64008;0,0000106;27,48%;0;9213,74054;0,0000046;0,00%;1;;9213,74054
Ran78pmed3v3.10.2.txt;11140,58901;0,0000103;20,69%;0;9230,43476;0,0000041;0,00%;1;;9230,43476
Ran79pmed3v3.10.2.txt;10066,12892;0,0000089;16,52%;0;8639,09161;0,0000037;0,00%;1;;8639,09161
Ran80pmed3v3.10.2.txt;9527,24378;0,0000088;16,86%;0;8152,74812;0,000004;0,00%;1;;8152,74812
Ran81pmed3v3.10.2.txt;12458,33717;0,0000083;22,56%;0;10164,7834;0,0000051;0,00%;1;;10164,7834
Ran82pmed3v3.10.2.txt;11533,54681;0,000009;31,32%;0;8782,48312;0,0000043;0,00%;1;;8782,48312
Ran83pmed3v3.10.2.txt;10309,04066;0,0000138;23,04%;0;8378,32576;0,0000047;0,00%;1;;8378,32576
Ran84pmed3v3.10.2.txt;10925,93443;0,0000124;22,47%;0;8921,10865;0,0000046;0,00%;1;;8921,10865
Ran85pmed3v3.10.2.txt;9716,36751;0,0000115;13,65%;0;8549,19874;0,0000042;0,00%;1;;8549,19874
Ran86pmed3v3.10.2.txt;10725,77007;0,0000101;15,82%;0;9260,83321;0,0000041;0,00%;1;;9260,83321
Ran87pmed3v3.10.2.txt;11133,2806;0,0000111;22,42%;0;9094,46924;0,0000039;0,00%;1;;9094,46924
Ran88pmed3v3.10.2.txt;9534,2312;0,0000121;16,61%;0;8176,27899;0,0000049;0,00%;1;;8176,27899
Ran89pmed3v3.10.2.txt;10280,96112;0,0000115;15,81%;0;8877,33473;0,0000041;0,00%;1;;8877,33473
Ran90pmed3v3.10.2.txt;10762,84387;0,000013;12,55%;0;9562,53938;0,0000072;0,00%;1;;9562,53938
Ran91pmed3v3.10.2.txt;10765,22491;0,0000152;12,88%;0;9536,64465;0,0000051;0,00%;1;;9536,64465
Ran92pmed3v3.10.2.txt;10361,97218;0,0000142;21,47%;0;8530,50815;0,0000038;0,00%;1;;8530,50815
Ran93pmed3v3.10.2.txt;10780,89114;0,0000173;18,37%;0;9108,13153;0,000005;0,00%;1;;9108,13153
Ran94pmed3v3.10.2.txt;11887,13517;0,0000193;31,48%;0;9041,36597;0,0000043;0,00%;1;;9041,36597
Ran95pmed3v3.10.2.txt;11067,46438;0,0000102;13,13%;0;9783,26481;0,0000048;0,00%;1;;9783,26481
Ran96pmed3v3.10.2.txt;12320,03219;0,0000115;23,29%;0;9993,05757;0,0000055;0,00%;1;;9993,05757
Ran97pmed3v3.10.2.txt;12812,64505;0,0000113;32,63%;0;9660,23367;0,0000046;0,00%;1;;9660,23367
Ran98pmed3v3.10.2.txt;10049,05912;0,0000102;15,81%;0;8677,47793;0,0000042;0,00%;1;;8677,47793
Ran99pmed3v3.10.2.txt;10626,25824;0,0000115;17,30%;0;9058,84122;0,0000054;0,00%;1;;9058,84122
pmed4v3.10.2.txt;8259,25491;0,0000122;12,57%;0;7336,7788;0,0046856;0,00%;1;;7336,7788
Ran0pmed4v3.10.2.txt;11760,24853;0,0000164;20,18%;0;9785,57956;0,0000067;0,00%;1;;9785,57956
Ran1pmed4v3.10.2.txt;10445,20071;0,0000233;19,56%;0;8736,41136;0,0000051;0,00%;1;;8736,41136
Ran2pmed4v3.10.2.txt;10927,80964;0,000023;24,80%;0;8756,53933;0,0000094;0,00%;1;;8756,53933
Ran3pmed4v3.10.2.txt;10660,52431;0,0000203;22,07%;0;8732,93222;0,0000087;0,00%;1;;8732,93222
Ran4pmed4v3.10.2.txt;10738,10921;0,0000182;26,12%;0;8514,16414;0,0000109;0,00%;1;;8514,16414
Ran5pmed4v3.10.2.txt;11860,51921;0,0000154;21,54%;0;9758,26066;0,0000097;0,00%;1;;9758,26066
Ran6pmed4v3.10.2.txt;10945,4771;0,0000147;24,05%;0;8823,25579;0,0000087;0,00%;1;;8823,25579
Ran7pmed4v3.10.2.txt;10928,56686;0,0000153;34,94%;0;8098,89038;0,0000085;0,00%;1;;8098,89038
Ran8pmed4v3.10.2.txt;10256,62738;0,0000146;14,74%;0;8939,11222;0,0000093;0,00%;1;;8939,11222
Ran9pmed4v3.10.2.txt;9527,02259;0,0000134;15,23%;0;8267,88971;0,000009;0,00%;1;;8267,88971
Ran10pmed4v3.10.2.txt;11120,85641;0,0000153;23,59%;0;8998,28982;0,0000093;0,00%;1;;8998,28982
Ran11pmed4v3.10.2.txt;10480,38456;0,0000324;22,13%;0;8581,33149;0,0000083;0,00%;1;;8581,33149
Ran12pmed4v3.10.2.txt;10149,38951;0,0000148;17,43%;0;8642,9852;0,000005;0,00%;1;;8642,9852
Ran13pmed4v3.10.2.txt;11291,61318;0,0000139;24,29%;0;9084,73719;0,0000055;0,00%;1;;9084,73719
Ran14pmed4v3.10.2.txt;12132,66825;0,0000129;31,68%;0;9214,13041;0,0000054;0,00%;1;;9214,13041
Ran15pmed4v3.10.2.txt;10747,29165;0,0000148;25,00%;0;8597,72916;0,0000049;0,00%;1;;8597,72916
Ran16pmed4v3.10.2.txt;10463,10476;0,0000163;18,05%;0;8863,31151;0,0000055;0,00%;1;;8863,31151
Ran17pmed4v3.10.2.txt;10026,38373;0,0000155;14,13%;0;8785,14425;0,0000052;0,00%;1;;8785,14425
Ran18pmed4v3.10.2.txt;10320,64833;0,0000139;21,09%;0;8523,42662;0,0000049;0,00%;1;;8523,42662
Ran19pmed4v3.10.2.txt;11629,18635;0,0000154;27,39%;0;9128,68406;0,0000051;0,00%;1;;9128,68406
Ran20pmed4v3.10.2.txt;11065,74494;0,000013;20,34%;0;9195,63664;0,000005;0,00%;1;;9195,63664
Ran21pmed4v3.10.2.txt;10542,05607;0,000013;24,86%;0;8442,8497;0,0000052;0,00%;1;;8442,8497
Ran22pmed4v3.10.2.txt;10276,51428;0,0000128;19,47%;0;8601,71362;0,0000048;0,00%;1;;8601,71362
Ran23pmed4v3.10.2.txt;10542,10893;0,0000142;17,61%;0;8963,39772;0,000005;0,00%;1;;8963,39772
Ran24pmed4v3.10.2.txt;11011,4073;0,0000132;21,50%;0;9062,65561;0,0000065;0,00%;1;;9062,65561
Ran25pmed4v3.10.2.txt;10782,4387;0,000012;21,35%;0;8885,42542;0,0000058;0,00%;1;;8885,42542
Ran26pmed4v3.10.2.txt;10977,19472;0,0000122;25,40%;0;8753,4478;0,0000056;0,00%;1;;8753,4478
Ran27pmed4v3.10.2.txt;9953,27161;0,0000111;21,61%;0;8184,83184;0,0000056;0,00%;1;;8184,83184
Ran28pmed4v3.10.2.txt;10470,33012;0,0000126;20,93%;0;8658,47647;0,0000049;0,00%;1;;8658,47647
Ran29pmed4v3.10.2.txt;10387,68692;0,0000109;27,95%;0;8118,56679;0,0000053;0,00%;1;;8118,56679
Ran30pmed4v3.10.2.txt;10703,48139;0,0000104;25,62%;0;8520,86464;0,0000048;0,00%;1;;8520,86464
Ran31pmed4v3.10.2.txt;9904,44993;0,0000493;11,35%;0;8894,79913;0,0000052;0,00%;1;;8894,79913
Ran32pmed4v3.10.2.txt;10069,07667;0,0000108;24,08%;0;8115,20805;0,0001905;0,00%;1;;8115,20805
Ran33pmed4v3.10.2.txt;9420,33996;0,0000638;12,47%;0;8376,06589;0,0000059;0,00%;1;;8376,06589
Ran34pmed4v3.10.2.txt;10172,51545;0,0000145;29,41%;0;7860,41652;0,0000057;0,00%;1;;7860,41652
Ran35pmed4v3.10.2.txt;11747,18505;0,0000134;34,12%;0;8758,58056;0,0000053;0,00%;1;;8758,58056
Ran36pmed4v3.10.2.txt;11939,11019;0,0000153;38,18%;0;8640,13525;0,0000053;0,00%;1;;8640,13525
Ran37pmed4v3.10.2.txt;10448,71988;0,0000187;20,07%;0;8701,99395;0,0000064;0,00%;1;;8701,99395
Ran38pmed4v3.10.2.txt;11238,89277;0,0000177;37,20%;0;8191,92686;0,0000059;0,00%;1;;8191,92686
Ran39pmed4v3.10.2.txt;10654,72241;0,0000164;26,39%;0;8430,15911;0,0000056;0,00%;1;;8430,15911
Ran40pmed4v3.10.2.txt;10570,51518;0,0000179;20,01%;0;8808,01075;0,0000052;0,00%;1;;8808,01075
Ran41pmed4v3.10.2.txt;10303,45918;0,000015;17,47%;0;8770,87314;0,0000058;0,00%;1;;8770,87314
Ran42pmed4v3.10.2.txt;10384,99204;0,0000152;22,44%;0;8481,46275;0,0000062;0,00%;1;;8481,46275
Ran43pmed4v3.10.2.txt;9580,44648;0,0000164;18,99%;0;8051,2034;0,0000056;0,00%;1;;8051,2034
Ran44pmed4v3.10.2.txt;9988,54629;0,0000185;20,41%;0;8295,52082;0,0000051;0,00%;1;;8295,52082
Ran45pmed4v3.10.2.txt;10294,62348;0,0000147;21,66%;0;8462,07813;0,0000064;0,00%;1;;8462,07813
Ran46pmed4v3.10.2.txt;10031,41876;0,0000156;29,61%;0;7739,51791;0,0000055;0,00%;1;;7739,51791
Ran47pmed4v3.10.2.txt;10601,41006;0,0000144;21,17%;0;8749,18419;0,0000086;0,00%;1;;8749,18419
Ran48pmed4v3.10.2.txt;10936,84469;0,0000211;27,53%;0;8575,866;0,0000049;0,00%;1;;8575,866
Ran49pmed4v3.10.2.txt;9541,76258;0,0000171;25,04%;0;7631,28611;0,0000052;0,00%;1;;7631,28611
Ran50pmed4v3.10.2.txt;10234,23823;0,0000164;19,28%;0;8580,07012;0,0000047;0,00%;1;;8580,07012
Ran51pmed4v3.10.2.txt;9569,13651;0,0000126;18,56%;0;8071,27315;0,0000048;0,00%;1;;8071,27315
Ran52pmed4v3.10.2.txt;9832,03441;0,0000117;14,80%;0;8564,57162;0,0000051;0,00%;1;;8564,57162
Ran53pmed4v3.10.2.txt;10138,26443;0,0000138;17,61%;0;8620,0585;0,0000054;0,00%;1;;8620,0585
Ran54pmed4v3.10.2.txt;10246,206;0,0000121;21,47%;0;8434,95292;0,000005;0,00%;1;;8434,95292
Ran55pmed4v3.10.2.txt;10592,53107;0,0000116;17,63%;0;9004,7106;0,0000054;0,00%;1;;9004,7106
Ran56pmed4v3.10.2.txt;11158,69061;0,000012;25,90%;0;8863,48771;0,0000051;0,00%;1;;8863,48771
Ran57pmed4v3.10.2.txt;11017,15483;0,000013;29,85%;0;8484,41521;0,0000056;0,00%;1;;8484,41521
Ran58pmed4v3.10.2.txt;10126,24517;0,000015;20,86%;0;8378,47588;0,0000058;0,00%;1;;8378,47588
Ran59pmed4v3.10.2.txt;10232,5994;0,0000133;18,75%;0;8616,9327;0,0000051;0,00%;1;;8616,9327
Ran60pmed4v3.10.2.txt;10248,5899;0,0000127;21,61%;0;8427,65813;0,0000051;0,00%;1;;8427,65813
Ran61pmed4v3.10.2.txt;9925,17662;0,0000168;26,09%;0;7871,6714;0,0000055;0,00%;1;;7871,6714
Ran62pmed4v3.10.2.txt;10384,90454;0,000012;24,50%;0;8341,2141;0,0000061;0,00%;1;;8341,2141
Ran63pmed4v3.10.2.txt;11261,95337;0,0000123;30,36%;0;8639,1915;0,0000054;0,00%;1;;8639,1915
Ran64pmed4v3.10.2.txt;10493,22359;0,0000119;21,62%;0;8627,95484;0,0000056;0,00%;1;;8627,95484
Ran65pmed4v3.10.2.txt;10986,78827;0,0000119;32,05%;0;8320,1007;0,0000051;0,00%;1;;8320,1007
Ran66pmed4v3.10.2.txt;10850,75068;0,0000113;21,33%;0;8943,54236;0,0000057;0,00%;1;;8943,54236
Ran67pmed4v3.10.2.txt;10401,38159;0,0000108;22,38%;0;8499,56406;0,000005;0,00%;1;;8499,56406
Ran68pmed4v3.10.2.txt;10733,0722;0,0000108;21,21%;0;8855,05622;0,0000054;0,00%;1;;8855,05622
Ran69pmed4v3.10.2.txt;11030,72928;0,0000112;26,36%;0;8729,76326;0,0000052;0,00%;1;;8729,76326
Ran70pmed4v3.10.2.txt;9768,32093;0,0000108;18,06%;0;8273,92718;0,0000053;0,00%;1;;8273,92718
Ran71pmed4v3.10.2.txt;10784,15242;0,0000117;38,79%;0;7770,42336;0,0000047;0,00%;1;;7770,42336
Ran72pmed4v3.10.2.txt;9980,68877;0,0000114;12,56%;0;8867,39259;0,0000045;0,00%;1;;8867,39259
Ran73pmed4v3.10.2.txt;10755,68558;0,000012;22,63%;0;8770,69878;0,0000056;0,00%;1;;8770,69878
Ran74pmed4v3.10.2.txt;10574,71426;0,000016;24,81%;0;8472,51678;0,0000051;0,00%;1;;8472,51678
Ran75pmed4v3.10.2.txt;10546,54516;0,0000108;26,46%;0;8339,84397;0,0000047;0,00%;1;;8339,84397
Ran76pmed4v3.10.2.txt;9997,94733;0,0000128;17,47%;0;8511,03711;0,0000066;0,00%;1;;8511,03711
Ran77pmed4v3.10.2.txt;11037,67815;0,0000183;24,78%;0;8845,55047;0,0000051;0,00%;1;;8845,55047
Ran78pmed4v3.10.2.txt;9933,70333;0,0000123;13,41%;0;8759,46662;0,0000104;0,00%;1;;8759,46662
Ran79pmed4v3.10.2.txt;10355,47524;0,0000196;21,40%;0;8529,88111;0,0000062;0,00%;1;;8529,88111
Ran80pmed4v3.10.2.txt;10445,25562;0,0000194;22,39%;0;8534,71212;0,0000054;0,00%;1;;8534,71212
Ran81pmed4v3.10.2.txt;12260,65363;0,0000186;27,58%;0;9610,37516;0,0000055;0,00%;1;;9610,37516
Ran82pmed4v3.10.2.txt;10745,67511;0,0000166;27,15%;0;8451,21273;0,0000057;0,00%;1;;8451,21273
Ran83pmed4v3.10.2.txt;10753,60773;0,0000159;23,80%;0;8686,35784;0,0000057;0,00%;1;;8686,35784
Ran84pmed4v3.10.2.txt;10794,66577;0,000017;18,03%;0;9145,87634;0,0000052;0,00%;1;;9145,87634
Ran85pmed4v3.10.2.txt;11306,06238;0,0000131;14,82%;0;9846,91397;0,0000055;0,00%;1;;9846,91397
Ran86pmed4v3.10.2.txt;11336,69236;0,0000175;24,73%;0;9088,88562;0,0000056;0,00%;1;;9088,88562
Ran87pmed4v3.10.2.txt;10619,47409;0,0000125;27,22%;0;8347,04727;0,0000052;0,00%;1;;8347,04727
Ran88pmed4v3.10.2.txt;11548,4798;0,0000167;27,56%;0;9053,50104;0,0000051;0,00%;1;;9053,50104
Ran89pmed4v3.10.2.txt;9739,89821;0,0000183;17,79%;0;8268,98353;0,0000048;0,00%;1;;8268,98353
Ran90pmed4v3.10.2.txt;11244,39932;0,0000216;27,24%;0;8837,19348;0,0000051;0,00%;1;;8837,19348
Ran91pmed4v3.10.2.txt;10773,10632;0,000017;17,37%;0;9178,64384;0,0000051;0,00%;1;;9178,64384
Ran92pmed4v3.10.2.txt;10562,66246;0,0000119;24,84%;0;8460,78667;0,000005;0,00%;1;;8460,78667
Ran93pmed4v3.10.2.txt;10298,74381;0,0000188;17,48%;0;8766,26218;0,0000053;0,00%;1;;8766,26218
Ran94pmed4v3.10.2.txt;9911,28808;0,0000136;20,45%;0;8228,54889;0,0000052;0,00%;1;;8228,54889
Ran95pmed4v3.10.2.txt;10811,59106;0,0000191;22,35%;0;8836,88097;0,000005;0,00%;1;;8836,88097
Ran96pmed4v3.10.2.txt;11148,68946;0,0000168;22,87%;0;9073,36926;0,0000044;0,00%;1;;9073,36926
Ran97pmed4v3.10.2.txt;10464,82225;0,0000176;21,30%;0;8627,00992;0,0000107;0,00%;1;;8627,00992
Ran98pmed4v3.10.2.txt;10518,87288;0,0000171;22,19%;0;8608,36068;0,0000057;0,00%;1;;8608,36068
Ran99pmed4v3.10.2.txt;9998,19118;0,0000227;20,93%;0;8267,9218;0,0000105;0,00%;1;;8267,9218
pmed5v3.10.2.txt;5025,98232;0,0000259;12,26%;0;4476,95721;0,0254116;0,00%;1;;4476,95721
Ran0pmed5v3.10.2.txt;9260,44695;0,0000163;24,61%;0;7431,42728;0,000007;0,00%;1;;7431,42728
Ran1pmed5v3.10.2.txt;8632,36688;0,0000871;15,55%;0;7470,54233;0,0000077;0,00%;1;;7470,54233
Ran2pmed5v3.10.2.txt;8794,96614;0,0001151;19,41%;0;7365,54208;0,0000073;0,00%;1;;7365,54208
Ran3pmed5v3.10.2.txt;8796,3963;0,0000402;20,70%;0;7287,58617;0,0000069;0,00%;1;;7287,58617
Ran4pmed5v3.10.2.txt;8869,79718;0,0000219;19,83%;0;7402,10076;0,0000075;0,00%;1;;7402,10076
Ran5pmed5v3.10.2.txt;8751,6831;0,0000212;29,18%;0;6774,89174;0,000007;0,00%;1;;6774,89174
Ran6pmed5v3.10.2.txt;9076,07024;0,0000177;16,79%;0;7771,28275;0,0000073;0,00%;1;;7771,28275
Ran7pmed5v3.10.2.txt;9639,50691;0,0000201;21,88%;0;7908,83114;0,0000076;0,00%;1;;7908,83114
Ran8pmed5v3.10.2.txt;9010,87197;0,0000195;18,77%;0;7586,76695;0,0000079;0,00%;1;;7586,76695
Ran9pmed5v3.10.2.txt;8333,81712;0,0000185;18,54%;0;7030,61795;0,0000077;0,00%;1;;7030,61795
Ran10pmed5v3.10.2.txt;9022,35656;0,000023;23,07%;0;7331,2841;0,0000083;0,00%;1;;7331,2841
Ran11pmed5v3.10.2.txt;8095,40841;0,0000187;15,73%;0;6995,32396;0,0000072;0,00%;1;;6995,32396
Ran12pmed5v3.10.2.txt;9704,24565;0,000022;28,47%;0;7553,91057;0,0000069;0,00%;1;;7553,91057
Ran13pmed5v3.10.2.txt;8439,36748;0,0000185;22,42%;0;6894,00147;0,000007;0,00%;1;;6894,00147
Ran14pmed5v3.10.2.txt;8797,00762;0,0000191;16,29%;0;7565,07015;0,000007;0,00%;1;;7565,07015
Ran15pmed5v3.10.2.txt;9257,93898;0,0000194;18,55%;0;7809,35753;0,0000071;0,00%;1;;7809,35753
Ran16pmed5v3.10.2.txt;8466,39759;0,0000198;21,66%;0;6959,23399;0,0000078;0,00%;1;;6959,23399
Ran17pmed5v3.10.2.txt;8749,1881;0,0000191;24,32%;0;7037,55228;0,0000073;0,00%;1;;7037,55228
Ran18pmed5v3.10.2.txt;9267,4706;0,000021;28,30%;0;7223,47063;0,0000067;0,00%;1;;7223,47063
Ran19pmed5v3.10.2.txt;9172,22976;0,00002;22,20%;0;7505,65053;0,0000065;0,00%;1;;7505,65053
Ran20pmed5v3.10.2.txt;9263,17116;0,0000199;25,46%;0;7383,30829;0,0000082;0,00%;1;;7383,30829
Ran21pmed5v3.10.2.txt;9294,41401;0,0000192;26,17%;0;7366,43653;0,0000067;0,00%;1;;7366,43653
Ran22pmed5v3.10.2.txt;9578,14465;0,0000203;33,12%;0;7194,91719;0,0000066;0,00%;1;;7194,91719
Ran23pmed5v3.10.2.txt;8659,63869;0,0000182;22,23%;0;7084,80838;0,0000067;0,00%;1;;7084,80838
Ran24pmed5v3.10.2.txt;8959,69523;0,0000228;18,39%;0;7567,95962;0,000007;0,00%;1;;7567,95962
Ran25pmed5v3.10.2.txt;9119,47707;0,0000226;22,44%;0;7448,3254;0,0000065;0,00%;1;;7448,3254
Ran26pmed5v3.10.2.txt;8395,85566;0,0000899;18,97%;0;7057,34307;0,0000068;0,00%;1;;7057,34307
Ran27pmed5v3.10.2.txt;9287,94097;0,0000404;26,41%;0;7347,71316;0,0000065;0,00%;1;;7347,71316
Ran28pmed5v3.10.2.txt;10072,96958;0,0000222;33,41%;0;7550,38909;0,0000075;0,00%;1;;7550,38909
Ran29pmed5v3.10.2.txt;9813,70311;0,0000211;24,21%;0;7900,73995;0,0000076;0,00%;1;;7900,73995
Ran30pmed5v3.10.2.txt;8988,7664;0,00002;18,98%;0;7554,88901;0,0000069;0,00%;1;;7554,88901
Ran31pmed5v3.10.2.txt;8197,70257;0,0000175;15,95%;0;7069,81573;0,0000076;0,00%;1;;7069,81573
Ran32pmed5v3.10.2.txt;9178,66745;0,0000186;30,03%;0;7059,16763;0,0000078;0,00%;1;;7059,16763
Ran33pmed5v3.10.2.txt;9084,98254;0,0000203;22,43%;0;7420,47605;0,0000077;0,00%;1;;7420,47605
Ran34pmed5v3.10.2.txt;9026,54482;0,0000187;26,29%;0;7147,23757;0,0000258;0,00%;1;;7147,23757
Ran35pmed5v3.10.2.txt;9015,63901;0,000019;16,24%;0;7755,77508;0,0000077;0,00%;1;;7755,77508
Ran36pmed5v3.10.2.txt;9519,69324;0,0000192;27,74%;0;7452,26126;0,0000064;0,00%;1;;7452,26126
Ran37pmed5v3.10.2.txt;8994,65672;0,0000183;19,76%;0;7510,47835;0,000007;0,00%;1;;7510,47835
Ran38pmed5v3.10.2.txt;9024,39849;0,0000185;29,03%;0;6994,30118;0,0000072;0,00%;1;;6994,30118
Ran39pmed5v3.10.2.txt;8760,3993;0,0000186;25,14%;0;7000,39227;0,0000067;0,00%;1;;7000,39227
Ran40pmed5v3.10.2.txt;8861,32833;0,0000215;15,67%;0;7660,63223;0,0000072;0,00%;1;;7660,63223
Ran41pmed5v3.10.2.txt;8642,74355;0,0000182;23,50%;0;6998,4503;0,0000068;0,00%;1;;6998,4503
Ran42pmed5v3.10.2.txt;9282,1684;0,0000179;22,07%;0;7603,84655;0,0000076;0,00%;1;;7603,84655
Ran43pmed5v3.10.2.txt;8689,57872;0,000021;22,96%;0;7067,05686;0,0000072;0,00%;1;;7067,05686
Ran44pmed5v3.10.2.txt;9428,82673;0,0000188;23,10%;0;7659,22234;0,0000073;0,00%;1;;7659,22234
Ran45pmed5v3.10.2.txt;10241,4208;0,0000201;31,29%;0;7800,48791;0,0000084;0,00%;1;;7800,48791
Ran46pmed5v3.10.2.txt;8902,07749;0,0000222;24,03%;0;7177,49172;0,0000089;0,00%;1;;7177,49172
Ran47pmed5v3.10.2.txt;9427,95439;0,0000217;29,22%;0;7296,22281;0,0000068;0,00%;1;;7296,22281
Ran48pmed5v3.10.2.txt;9479,80727;0,0000217;22,23%;0;7755,60016;0,0000067;0,00%;1;;7755,60016
Ran49pmed5v3.10.2.txt;8925,0759;0,0000202;24,36%;0;7176,87538;0,0000066;0,00%;1;;7176,87538
Ran50pmed5v3.10.2.txt;8982,6938;0,0000188;22,47%;0;7334,90256;0,0000064;0,00%;1;;7334,90256
Ran51pmed5v3.10.2.txt;9179,05079;0,0000198;24,30%;0;7384,82845;0,0000074;0,00%;1;;7384,82845
Ran52pmed5v3.10.2.txt;8314,10225;0,0000185;20,84%;0;6880,1664;0,0000075;0,00%;1;;6880,1664
Ran53pmed5v3.10.2.txt;8464,33351;0,00002;18,37%;0;7150,92378;0,0000076;0,00%;1;;7150,92378
Ran54pmed5v3.10.2.txt;8575,57411;0,0000208;17,56%;0;7294,82446;0,0000066;0,00%;1;;7294,82446
Ran55pmed5v3.10.2.txt;9087,43496;0,0000195;26,75%;0;7169,55433;0,0000072;0,00%;1;;7169,55433
Ran56pmed5v3.10.2.txt;8716,82517;0,0000212;19,51%;0;7294,10097;0,0000068;0,00%;1;;7294,10097
Ran57pmed5v3.10.2.txt;8759,90877;0,0000199;19,31%;0;7342,47876;0,0000065;0,00%;1;;7342,47876
Ran58pmed5v3.10.2.txt;9107,05899;0,0000318;22,41%;0;7440,10626;0,0000071;0,00%;1;;7440,10626
Ran59pmed5v3.10.2.txt;8427,71709;0,0000238;17,83%;0;7152,20099;0,0000079;0,00%;1;;7152,20099
Ran60pmed5v3.10.2.txt;8892,44458;0,0000249;21,33%;0;7329,06387;0,0000071;0,00%;1;;7329,06387
Ran61pmed5v3.10.2.txt;9154,62272;0,0000253;16,06%;0;7887,77271;0,0000073;0,00%;1;;7887,77271
Ran62pmed5v3.10.2.txt;9694,12063;0,000027;31,98%;0;7344,91466;0,0000073;0,00%;1;;7344,91466
Ran63pmed5v3.10.2.txt;8642,18779;0,000024;21,78%;0;7096,80536;0,0000082;0,00%;1;;7096,80536
Ran64pmed5v3.10.2.txt;8800,26471;0,000025;17,65%;0;7480,2131;0,0000087;0,00%;1;;7480,2131
Ran65pmed5v3.10.2.txt;8651,33829;0,0000269;17,27%;0;7377,13957;0,0000077;0,00%;1;;7377,13957
Ran66pmed5v3.10.2.txt;9040,04471;0,0000245;18,70%;0;7615,92775;0,0000072;0,00%;1;;7615,92775
Ran67pmed5v3.10.2.txt;8655,03854;0,000025;14,77%;0;7541,33163;0,0000072;0,00%;1;;7541,33163
Ran68pmed5v3.10.2.txt;8653,28805;0,000028;25,75%;0;6881,24084;0,0000073;0,00%;1;;6881,24084
Ran69pmed5v3.10.2.txt;9074,31931;0,0000254;23,80%;0;7329,92333;0,0000077;0,00%;1;;7329,92333
Ran70pmed5v3.10.2.txt;9122,83637;0,0000225;27,52%;0;7153,98045;0,0000077;0,00%;1;;7153,98045
Ran71pmed5v3.10.2.txt;8779,91664;0,0000259;25,77%;0;6980,82944;0,0000076;0,00%;1;;6980,82944
Ran72pmed5v3.10.2.txt;9384,65144;0,000027;34,74%;0;6965,22394;0,000008;0,00%;1;;6965,22394
Ran73pmed5v3.10.2.txt;9969,42289;0,0000274;33,77%;0;7452,58633;0,000008;0,00%;1;;7452,58633
Ran74pmed5v3.10.2.txt;7985,86405;0,0000288;15,73%;0;6900,23862;0,0000068;0,00%;1;;6900,23862
Ran75pmed5v3.10.2.txt;9066,58579;0,0000326;24,45%;0;7285,21183;0,0000077;0,00%;1;;7285,21183
Ran76pmed5v3.10.2.txt;9239,16155;0,0000285;19,60%;0;7725,0091;0,0000088;0,00%;1;;7725,0091
Ran77pmed5v3.10.2.txt;9470,39763;0,0000305;27,48%;0;7429,05293;0,0000098;0,00%;1;;7429,05293
Ran78pmed5v3.10.2.txt;9327,12218;0,0000277;25,59%;0;7426,57613;0,0000074;0,00%;1;;7426,57613
Ran79pmed5v3.10.2.txt;9816,98578;0,0000251;29,42%;0;7585,6193;0,0000071;0,00%;1;;7585,6193
Ran80pmed5v3.10.2.txt;9594,72011;0,0000247;26,44%;0;7588,18147;0,0000068;0,00%;1;;7588,18147
Ran81pmed5v3.10.2.txt;8738,65049;0,0000227;21,43%;0;7196,65488;0,0000071;0,00%;1;;7196,65488
Ran82pmed5v3.10.2.txt;9893,34499;0,0000276;36,43%;0;7251,66018;0,0000077;0,00%;1;;7251,66018
Ran83pmed5v3.10.2.txt;9361,54679;0,0000318;28,16%;0;7304,50095;0,0000074;0,00%;1;;7304,50095
Ran84pmed5v3.10.2.txt;9204,22373;0,0000305;28,23%;0;7177,88183;0,0000087;0,00%;1;;7177,88183
Ran85pmed5v3.10.2.txt;9625,66775;0,00003;28,05%;0;7517,14241;0,0000071;0,00%;1;;7517,14241
Ran86pmed5v3.10.2.txt;8664,45481;0,000022;18,64%;0;7303,19479;0,0000076;0,00%;1;;7303,19479
Ran87pmed5v3.10.2.txt;8096,63609;0,00007;20,01%;0;6746,48944;0,0000083;0,00%;1;;6746,48944
Ran88pmed5v3.10.2.txt;9602,54465;0,0000229;28,12%;0;7495,01084;0,0000075;0,00%;1;;7495,01084
Ran89pmed5v3.10.2.txt;8043,96144;0,0000216;24,05%;0;6484,44306;0,0000075;0,00%;1;;6484,44306
Ran90pmed5v3.10.2.txt;8070,77084;0,0000231;16,59%;0;6922,1781;0,0000081;0,00%;1;;6922,1781
Ran91pmed5v3.10.2.txt;8008,43842;0,0000228;21,45%;0;6594,3085;0,0000078;0,00%;1;;6594,3085
Ran92pmed5v3.10.2.txt;9610,27418;0,0000234;22,12%;0;7869,87934;0,000008;0,00%;1;;7869,87934
Ran93pmed5v3.10.2.txt;8918,11116;0,0000311;24,86%;0;7142,67991;0,0000085;0,00%;1;;7142,67991
Ran94pmed5v3.10.2.txt;10044,46073;0,000054;27,49%;0;7878,75084;0,0000222;0,00%;1;;7878,75084
Ran95pmed5v3.10.2.txt;9300,66766;0,0000288;21,80%;0;7635,96731;0,0000069;0,00%;1;;7635,96731
Ran96pmed5v3.10.2.txt;9068,98586;0,0000195;26,57%;0;7165,30723;0,0000249;0,00%;1;;7165,30723
Ran97pmed5v3.10.2.txt;8454,66163;0,0000207;21,76%;0;6943,53988;0,0000076;0,00%;1;;6943,53988
Ran98pmed5v3.10.2.txt;9461,49655;0,0000203;19,54%;0;7914,92593;0,0000138;0,00%;1;;7914,92593
Ran99pmed5v3.10.2.txt;9261,51534;0,0000265;30,82%;0;7079,76286;0,0000075;0,00%;1;;7079,76286
pmed8v3.10.2.txt;11845,7263;0,0000367;24,14%;0;9542,56891;0,0046863;0,00%;1;;9542,56891
Ran0pmed8v3.10.2.txt;12908,06874;0,0000377;31,08%;0;9847,72276;0,0000116;0,00%;1;;9847,72276
Ran1pmed8v3.10.2.txt;10176,74376;0,0000304;11,73%;0;9108,47046;0,0000116;0,00%;1;;9108,47046
Ran2pmed8v3.10.2.txt;11801,95655;0,0000296;15,29%;0;10236,814;0,0000125;0,00%;1;;10236,814
Ran3pmed8v3.10.2.txt;11967,10494;0,0000281;22,77%;0;9747,68577;0,0000106;0,00%;1;;9747,68577
Ran4pmed8v3.10.2.txt;10648,90258;0,0000297;14,83%;0;9273,88225;0,000011;0,00%;1;;9273,88225
Ran5pmed8v3.10.2.txt;11645,73315;0,0000285;12,80%;0;10324,25373;0,0000105;0,00%;1;;10324,25373
Ran6pmed8v3.10.2.txt;11034,40953;0,0000268;15,26%;0;9573,46998;0,0000117;0,00%;1;;9573,46998
Ran7pmed8v3.10.2.txt;12054,84552;0,0000305;17,58%;0;10252,86857;0,0000138;0,00%;1;;10252,86857
Ran8pmed8v3.10.2.txt;12269,16344;0,0000299;21,13%;0;10129,15326;0,0000136;0,00%;1;;10129,15326
Ran9pmed8v3.10.2.txt;11511,17775;0,000036;16,82%;0;9854,16131;0,0000118;0,00%;1;;9854,16131
Ran10pmed8v3.10.2.txt;11375,09331;0,0000323;20,10%;0;9471,148;0,0000114;0,00%;1;;9471,148
Ran11pmed8v3.10.2.txt;11773,82264;0,0000312;20,36%;0;9782,55573;0,0000099;0,00%;1;;9782,55573
Ran12pmed8v3.10.2.txt;11404,63149;0,0000287;23,43%;0;9239,88744;0,0000436;0,00%;1;;9239,88744
Ran13pmed8v3.10.2.txt;11109,78995;0,0001004;17,30%;0;9471,35275;0,0000295;0,00%;1;;9471,35275
Ran14pmed8v3.10.2.txt;11572,08898;0,0000862;17,74%;0;9828,18464;0,0000183;0,00%;1;;9828,18464
Ran15pmed8v3.10.2.txt;12558,38712;0,0000846;22,75%;0;10230,83855;0,0000274;0,00%;1;;10230,83855
Ran16pmed8v3.10.2.txt;11120,53381;0,0000614;16,27%;0;9564,45702;0,0000144;0,00%;1;;9564,45702
Ran17pmed8v3.10.2.txt;11415,00529;0,0000384;17,50%;0;9714,76582;0,0000131;0,00%;1;;9714,76582
Ran18pmed8v3.10.2.txt;12006,29876;0,0000411;21,74%;0;9862,38313;0,0000131;0,00%;1;;9862,38313
Ran19pmed8v3.10.2.txt;11256,86463;0,0000308;19,34%;0;9432,66255;0,000011;0,00%;1;;9432,66255
Ran20pmed8v3.10.2.txt;10619,88992;0,000069;19,55%;0;8882,9;0,0000109;0,00%;1;;8882,9
Ran21pmed8v3.10.2.txt;12308,85786;0,0000697;25,24%;0;9828,20224;0,0000124;0,00%;1;;9828,20224
Ran22pmed8v3.10.2.txt;12870,18197;0,0000702;24,01%;0;10378,61043;0,0000111;0,00%;1;;10378,61043
Ran23pmed8v3.10.2.txt;13648,9866;0,0000311;36,79%;0;9978,30747;0,0000114;0,00%;1;;9978,30747
Ran24pmed8v3.10.2.txt;12572,47969;0,0000302;22,79%;0;10239,26373;0,0000128;0,00%;1;;10239,26373
Ran25pmed8v3.10.2.txt;13397,04682;0,0000411;27,12%;0;10539,25214;0,0000126;0,00%;1;;10539,25214
Ran26pmed8v3.10.2.txt;12347,83434;0,0000438;26,48%;0;9763,00754;0,0000133;0,00%;1;;9763,00754
Ran27pmed8v3.10.2.txt;12067,06195;0,0000506;22,23%;0;9872,6479;0,0000126;0,00%;1;;9872,6479
Ran28pmed8v3.10.2.txt;10437,28809;0,0000837;13,14%;0;9225,19358;0,0000105;0,00%;1;;9225,19358
Ran29pmed8v3.10.2.txt;11906,72638;0,0000297;16,07%;0;10258,24218;0,0000119;0,00%;1;;10258,24218
Ran30pmed8v3.10.2.txt;11820,88924;0,0000288;23,64%;0;9560,60948;0,0000109;0,00%;1;;9560,60948
Ran31pmed8v3.10.2.txt;11846,49551;0,0000292;28,03%;0;9253,13383;0,0000127;0,00%;1;;9253,13383
Ran32pmed8v3.10.2.txt;10643,05494;0,0000276;9,55%;0;9715,43762;0,0000119;0,00%;1;;9715,43762
Ran33pmed8v3.10.2.txt;10875,7066;0,0000284;11,72%;0;9735,20586;0,0000114;0,00%;1;;9735,20586
Ran34pmed8v3.10.2.txt;11244,96491;0,000042;21,29%;0;9270,92617;0,0000105;0,00%;1;;9270,92617
Ran35pmed8v3.10.2.txt;11846,25724;0,0000441;19,82%;0;9886,92613;0,0000126;0,00%;1;;9886,92613
Ran36pmed8v3.10.2.txt;12530,24123;0,0000281;24,85%;0;10036,29646;0,0000101;0,00%;1;;10036,29646
Ran37pmed8v3.10.2.txt;12084,75819;0,0000288;24,55%;0;9702,70218;0,0000109;0,00%;1;;9702,70218
Ran38pmed8v3.10.2.txt;12403,70971;0,0000278;22,52%;0;10123,4894;0,0000121;0,00%;1;;10123,4894
Ran39pmed8v3.10.2.txt;11793,37587;0,0000293;16,08%;0;10159,90508;0,0000112;0,00%;1;;10159,90508
Ran40pmed8v3.10.2.txt;10436,07768;0,0000287;13,63%;0;9184,45598;0,0000258;0,00%;1;;9184,45598
Ran41pmed8v3.10.2.txt;10828,45393;0,0000304;16,08%;0;9328,84171;0,0000106;0,00%;1;;9328,84171
Ran42pmed8v3.10.2.txt;12279,87998;0,0000302;20,00%;0;10232,89027;0,0000101;0,00%;1;;10232,89027
Ran43pmed8v3.10.2.txt;11346,00023;0,0000269;12,71%;0;10066,86219;0,0000121;0,00%;1;;10066,86219
Ran44pmed8v3.10.2.txt;10140,67153;0,000028;6,99%;0;9477,95012;0,0000119;0,00%;1;;9477,95012
Ran45pmed8v3.10.2.txt;14026,71994;0,0000421;25,60%;0;11167,61679;0,0000118;0,00%;1;;11167,61679
Ran46pmed8v3.10.2.txt;10829,49562;0,0000582;10,25%;0;9822,87097;0,0000117;0,00%;1;;9822,87097
Ran47pmed8v3.10.2.txt;10500,82524;0,0000596;12,03%;0;9373,61609;0,0000116;0,00%;1;;9373,61609
Ran48pmed8v3.10.2.txt;11648,86903;0,0000275;18,76%;0;9808,42444;0,0000124;0,00%;1;;9808,42444
Ran49pmed8v3.10.2.txt;11456,15024;0,000028;21,65%;0;9417,02698;0,0000126;0,00%;1;;9417,02698
Ran50pmed8v3.10.2.txt;11545,21306;0,0000421;22,99%;0;9387,2146;0,0000125;0,00%;1;;9387,2146
Ran51pmed8v3.10.2.txt;10828,61409;0,0000614;10,33%;0;9814,5258;0,0000108;0,00%;1;;9814,5258
Ran52pmed8v3.10.2.txt;11472,6355;0,0000418;25,24%;0;9160,3713;0,0000103;0,00%;1;;9160,3713
Ran53pmed8v3.10.2.txt;10397,91684;0,000042;10,35%;0;9422,37389;0,0000101;0,00%;1;;9422,37389
Ran54pmed8v3.10.2.txt;11880,81444;0,0000404;19,40%;0;9950,29641;0,0000109;0,00%;1;;9950,29641
Ran55pmed8v3.10.2.txt;11689,59864;0,000028;18,40%;0;9873,17295;0,0000108;0,00%;1;;9873,17295
Ran56pmed8v3.10.2.txt;12085,91243;0,0000288;18,28%;0;10218,23661;0,0000119;0,00%;1;;10218,23661
Ran57pmed8v3.10.2.txt;11157,91009;0,0000275;18,59%;0;9408,70598;0,0000117;0,00%;1;;9408,70598
Ran58pmed8v3.10.2.txt;10823,73226;0,000033;15,03%;0;9409,50888;0,000012;0,00%;1;;9409,50888
Ran59pmed8v3.10.2.txt;11088,65039;0,0000292;15,18%;0;9627,17637;0,0000108;0,00%;1;;9627,17637
Ran60pmed8v3.10.2.txt;11959,52393;0,000028;13,45%;0;10542,06934;0,0000124;0,00%;1;;10542,06934
Ran61pmed8v3.10.2.txt;12624,70769;0,0000281;24,23%;0;10162,4451;0,0000115;0,00%;1;;10162,4451
Ran62pmed8v3.10.2.txt;12911,00432;0,0000283;22,29%;0;10557,32971;0,0000128;0,00%;1;;10557,32971
Ran63pmed8v3.10.2.txt;12225,8595;0,0000281;27,03%;0;9624,26585;0,0000109;0,00%;1;;9624,26585
Ran64pmed8v3.10.2.txt;12169,66542;0,0000318;16,85%;0;10414,58265;0,0000132;0,00%;1;;10414,58265
Ran65pmed8v3.10.2.txt;10728,34354;0,0000289;14,32%;0;9384,83553;0,0000108;0,00%;1;;9384,83553
Ran66pmed8v3.10.2.txt;12412,48412;0,0002049;21,09%;0;10250,88848;0,0000107;0,00%;1;;10250,88848
Ran67pmed8v3.10.2.txt;13128,72875;0,0000295;30,30%;0;10075,71011;0,0000107;0,00%;1;;10075,71011
Ran68pmed8v3.10.2.txt;10937,33666;0,0000327;9,43%;0;9995,13743;0,0000143;0,00%;1;;9995,13743
Ran69pmed8v3.10.2.txt;12400,87891;0,0000287;22,34%;0;10136,73231;0,0000118;0,00%;1;;10136,73231
Ran70pmed8v3.10.2.txt;11967,61491;0,0000446;17,58%;0;10178,01235;0,0000128;0,00%;1;;10178,01235
Ran71pmed8v3.10.2.txt;11144,56321;0,0000285;18,66%;0;9392,23335;0,0000114;0,00%;1;;9392,23335
Ran72pmed8v3.10.2.txt;10883,51081;0,0000302;20,69%;0;9017,40755;0,0000126;0,00%;1;;9017,40755
Ran73pmed8v3.10.2.txt;11992,63474;0,000029;21,96%;0;9833,37954;0,0000114;0,00%;1;;9833,37954
Ran74pmed8v3.10.2.txt;11101,1201;0,0000275;13,19%;0;9807,45171;0,0000118;0,00%;1;;9807,45171
Ran75pmed8v3.10.2.txt;10475,05222;0,0000283;14,43%;0;9153,99384;0,000012;0,00%;1;;9153,99384
Ran76pmed8v3.10.2.txt;12860,58684;0,0000344;23,67%;0;10398,86132;0,0000134;0,00%;1;;10398,86132
Ran77pmed8v3.10.2.txt;11471,96256;0,00003;14,16%;0;10048,939;0,0000121;0,00%;1;;10048,939
Ran78pmed8v3.10.2.txt;11295,88725;0,0000278;16,10%;0;9729,18856;0,0000117;0,00%;1;;9729,18856
Ran79pmed8v3.10.2.txt;10675,65039;0,0000283;9,59%;0;9741,82837;0,0000115;0,00%;1;;9741,82837
Ran80pmed8v3.10.2.txt;11249,91386;0,0000286;17,19%;0;9600,16623;0,0000112;0,00%;1;;9600,16623
Ran81pmed8v3.10.2.txt;12021,40546;0,0000298;23,45%;0;9737,70234;0,0000121;0,00%;1;;9737,70234
Ran82pmed8v3.10.2.txt;11146,83911;0,0000276;11,70%;0;9979,22543;0,0000145;0,00%;1;;9979,22543
Ran83pmed8v3.10.2.txt;11775,82054;0,0000292;21,94%;0;9656,87;0,0000121;0,00%;1;;9656,87
Ran84pmed8v3.10.2.txt;12294,15893;0,0000292;25,02%;0;9833,91671;0,0000118;0,00%;1;;9833,91671
Ran85pmed8v3.10.2.txt;11296,58366;0,0000279;12,67%;0;10026,07357;0,0000115;0,00%;1;;10026,07357
Ran86pmed8v3.10.2.txt;11288,95193;0,0000407;16,61%;0;9681,2637;0,0000124;0,00%;1;;9681,2637
Ran87pmed8v3.10.2.txt;12082,3826;0,0000694;28,25%;0;9421,11333;0,0000102;0,00%;1;;9421,11333
Ran88pmed8v3.10.2.txt;11319,59774;0,0000284;17,38%;0;9643,71273;0,0000112;0,00%;1;;9643,71273
Ran89pmed8v3.10.2.txt;12376,43161;0,0000295;23,08%;0;10055,61573;0,0000126;0,00%;1;;10055,61573
Ran90pmed8v3.10.2.txt;11147,84032;0,0000434;17,16%;0;9515,28533;0,00001;0,00%;1;;9515,28533
Ran91pmed8v3.10.2.txt;11790,35648;0,0000358;19,69%;0;9850,95204;0,0000111;0,00%;1;;9850,95204
Ran92pmed8v3.10.2.txt;12200,40205;0,0000307;20,73%;0;10105,93432;0,0000126;0,00%;1;;10105,93432
Ran93pmed8v3.10.2.txt;13754,59017;0,0000304;32,20%;0;10404,45168;0,0000125;0,00%;1;;10404,45168
Ran94pmed8v3.10.2.txt;12373,65599;0,0000414;18,68%;0;10426,23485;0,0000112;0,00%;1;;10426,23485
Ran95pmed8v3.10.2.txt;10697,2733;0,0000284;10,89%;0;9646,85086;0,0000115;0,00%;1;;9646,85086
Ran96pmed8v3.10.2.txt;10783,96292;0,0000276;18,06%;0;9134,54196;0,0000109;0,00%;1;;9134,54196
Ran97pmed8v3.10.2.txt;11385,92401;0,0000306;18,28%;0;9626,09988;0,0000118;0,00%;1;;9626,09988
Ran98pmed8v3.10.2.txt;12284,92889;0,000028;23,07%;0;9982,16999;0,0000116;0,00%;1;;9982,16999
Ran99pmed8v3.10.2.txt;11964,05357;0,0000294;23,24%;0;9707,84085;0,0000109;0,00%;1;;9707,84085
pmed9v3.10.2.txt;7566,16024;0,0000892;14,32%;0;6618,34304;0,05375;0,00%;1;;6618,34304
Ran0pmed9v3.10.2.txt;11007,71013;0,000058;21,36%;0;9070,15895;0,000018;0,00%;1;;9070,15895
Ran1pmed9v3.10.2.txt;10498,64969;0,0001276;25,00%;0;8399,00354;0,0000187;0,00%;1;;8399,00354
Ran2pmed9v3.10.2.txt;10918,98756;0,0000503;23,60%;0;8834,16268;0,0000181;0,00%;1;;8834,16268
Ran3pmed9v3.10.2.txt;9684,75157;0,0000513;16,94%;0;8281,64685;0,0000188;0,00%;1;;8281,64685
Ran4pmed9v3.10.2.txt;9914,34564;0,0000378;23,28%;0;8041,89446;0,0000231;0,00%;1;;8041,89446
Ran5pmed9v3.10.2.txt;10433,6073;0,0000656;22,92%;0;8487,88708;0,0000172;0,00%;1;;8487,88708
Ran6pmed9v3.10.2.txt;10263,3425;0,0000514;22,58%;0;8372,73679;0,0000183;0,00%;1;;8372,73679
Ran7pmed9v3.10.2.txt;11190,43729;0,0000414;28,64%;0;8698,76031;0,0000183;0,00%;1;;8698,76031
Ran8pmed9v3.10.2.txt;10577,1321;0,0000429;22,99%;0;8600,03266;0,0000183;0,00%;1;;8600,03266
Ran9pmed9v3.10.2.txt;10750,54847;0,0000371;23,93%;0;8674,92493;0,0000189;0,00%;1;;8674,92493
Ran10pmed9v3.10.2.txt;10289,57235;0,0000406;18,61%;0;8675,40653;0,0000178;0,00%;1;;8675,40653
Ran11pmed9v3.10.2.txt;9913,61983;0,0000581;14,26%;0;8676,40926;0,0000181;0,00%;1;;8676,40926
Ran12pmed9v3.10.2.txt;9750,31287;0,0000544;17,53%;0;8296,22414;0,0000191;0,00%;1;;8296,22414
Ran13pmed9v3.10.2.txt;11942,80758;0,0000442;32,43%;0;9018,48633;0,0000169;0,00%;1;;9018,48633
Ran14pmed9v3.10.2.txt;10194,5415;0,0000498;20,37%;0;8469,58756;0,0000185;0,00%;1;;8469,58756
Ran15pmed9v3.10.2.txt;9685,87554;0,000049;16,02%;0;8348,34327;0,0000187;0,00%;1;;8348,34327
Ran16pmed9v3.10.2.txt;10639,73362;0,0000418;20,59%;0;8822,99967;0,000019;0,00%;1;;8822,99967
Ran17pmed9v3.10.2.txt;10481,6128;0,0000531;21,79%;0;8606,21297;0,0000181;0,00%;1;;8606,21297
Ran18pmed9v3.10.2.txt;10726,76643;0,00005;22,40%;0;8763,60149;0,0000217;0,00%;1;;8763,60149
Ran19pmed9v3.10.2.txt;10084,27309;0,0000492;22,65%;0;8221,78499;0,0000175;0,00%;1;;8221,78499
Ran20pmed9v3.10.2.txt;10700,42639;0,0000426;21,14%;0;8833,18697;0,0000177;0,00%;1;;8833,18697
Ran21pmed9v3.10.2.txt;10456,60536;0,0000582;16,26%;0;8994,31128;0,0000172;0,00%;1;;8994,31128
Ran22pmed9v3.10.2.txt;10730,92577;0,0000399;24,80%;0;8598,74972;0,0000176;0,00%;1;;8598,74972
Ran23pmed9v3.10.2.txt;10293,23296;0,0000724;17,18%;0;8784,43175;0,0000205;0,00%;1;;8784,43175
Ran24pmed9v3.10.2.txt;10623,83479;0,0000795;21,38%;0;8752,81186;0,0000188;0,00%;1;;8752,81186
Ran25pmed9v3.10.2.txt;11091,48957;0,0000781;24,85%;0;8883,91545;0,0000177;0,00%;1;;8883,91545
Ran26pmed9v3.10.2.txt;9809,43152;0,0000747;20,91%;0;8112,79787;0,0000188;0,00%;1;;8112,79787
Ran27pmed9v3.10.2.txt;10853,3446;0,0000601;25,09%;0;8676,48954;0,0000177;0,00%;1;;8676,48954
Ran28pmed9v3.10.2.txt;10496,85594;0,0000418;22,60%;0;8561,84476;0,0000179;0,00%;1;;8561,84476
Ran29pmed9v3.10.2.txt;10981,42143;0,0000432;25,76%;0;8731,97488;0,0000184;0,00%;1;;8731,97488
Ran30pmed9v3.10.2.txt;11215,64698;0,0000785;26,06%;0;8897,14287;0,0000185;0,00%;1;;8897,14287
Ran31pmed9v3.10.2.txt;10606,62197;0,0000707;20,91%;0;8772,42446;0,0000168;0,00%;1;;8772,42446
Ran32pmed9v3.10.2.txt;10313,44553;0,0000502;18,16%;0;8728,64045;0,0000172;0,00%;1;;8728,64045
Ran33pmed9v3.10.2.txt;11068,22993;0,0000322;27,74%;0;8664,94907;0,0000177;0,00%;1;;8664,94907
Ran34pmed9v3.10.2.txt;9794,57249;0,0000342;19,24%;0;8214,00939;0,0000167;0,00%;1;;8214,00939
Ran35pmed9v3.10.2.txt;11749,494;0,0000416;27,62%;0;9206,90102;0,0000185;0,00%;1;;9206,90102
Ran36pmed9v3.10.2.txt;10108,73263;0,0000461;22,40%;0;8258,75489;0,0000185;0,00%;1;;8258,75489
Ran37pmed9v3.10.2.txt;10999,61712;0,0000418;24,68%;0;8822,55135;0,0000179;0,00%;1;;8822,55135
Ran38pmed9v3.10.2.txt;10805,99784;0,0000311;24,54%;0;8677,03467;0,0000185;0,00%;1;;8677,03467
Ran39pmed9v3.10.2.txt;10295,16417;0,000047;22,08%;0;8433,13902;0,0000176;0,00%;1;;8433,13902
Ran40pmed9v3.10.2.txt;10120,26146;0,0000451;18,34%;0;8552,21461;0,0000176;0,00%;1;;8552,21461
Ran41pmed9v3.10.2.txt;10716,63768;0,0000501;28,18%;0;8360,49851;0,0000176;0,00%;1;;8360,49851
Ran42pmed9v3.10.2.txt;9870,39272;0,0000926;19,88%;0;8233,35309;0,0000173;0,00%;1;;8233,35309
Ran43pmed9v3.10.2.txt;10379,86684;0,000032;18,88%;0;8731,44169;0,0000185;0,00%;1;;8731,44169
Ran44pmed9v3.10.2.txt;10876,44912;0,0000362;20,29%;0;9042,0407;0,0000181;0,00%;1;;9042,0407
Ran45pmed9v3.10.2.txt;11088,19069;0,0000367;23,50%;0;8978,01564;0,0000175;0,00%;1;;8978,01564
Ran46pmed9v3.10.2.txt;10788,32352;0,0000314;20,49%;0;8953,85434;0,0000177;0,00%;1;;8953,85434
Ran47pmed9v3.10.2.txt;10566,75448;0,0000314;19,00%;0;8879,54687;0,0000187;0,00%;1;;8879,54687
Ran48pmed9v3.10.2.txt;10388,55417;0,0000375;24,76%;0;8326,69481;0,0000352;0,00%;1;;8326,69481
Ran49pmed9v3.10.2.txt;9477,53078;0,0000398;16,39%;0;8142,93494;0,000019;0,00%;1;;8142,93494
Ran50pmed9v3.10.2.txt;9733,34221;0,0000651;18,09%;0;8242,36173;0,0000181;0,00%;1;;8242,36173
Ran51pmed9v3.10.2.txt;11047,93422;0,0000346;21,25%;0;9111,73582;0,0000191;0,00%;1;;9111,73582
Ran52pmed9v3.10.2.txt;10659,71947;0,000044;16,75%;0;9130,44751;0,0000177;0,00%;1;;9130,44751
Ran53pmed9v3.10.2.txt;10242,69992;0,0000501;20,04%;0;8533,12139;0,0000183;0,00%;1;;8533,12139
Ran54pmed9v3.10.2.txt;10268,75836;0,0000813;21,23%;0;8470,59098;0,0000185;0,00%;1;;8470,59098
Ran55pmed9v3.10.2.txt;10799,07709;0,0000473;27,96%;0;8439,27937;0,0000203;0,00%;1;;8439,27937
Ran56pmed9v3.10.2.txt;10055,55933;0,0000705;20,60%;0;8337,68974;0,0000178;0,00%;1;;8337,68974
Ran57pmed9v3.10.2.txt;10822,9361;0,0000933;30,43%;0;8297,69746;0,0000176;0,00%;1;;8297,69746
Ran58pmed9v3.10.2.txt;10452,10572;0,0000404;22,90%;0;8504,93193;0,0000178;0,00%;1;;8504,93193
Ran59pmed9v3.10.2.txt;10490,62585;0,0000362;20,35%;0;8716,96196;0,0000181;0,00%;1;;8716,96196
Ran60pmed9v3.10.2.txt;10080,57218;0,0000305;19,15%;0;8460,3997;0,0000176;0,00%;1;;8460,3997
Ran61pmed9v3.10.2.txt;9855,39471;0,0000311;17,94%;0;8356,34766;0,0000195;0,00%;1;;8356,34766
Ran62pmed9v3.10.2.txt;10259,5061;0,000045;22,41%;0;8381,51348;0,0000188;0,00%;1;;8381,51348
Ran63pmed9v3.10.2.txt;11261,44135;0,0000531;26,99%;0;8867,82495;0,0000182;0,00%;1;;8867,82495
Ran64pmed9v3.10.2.txt;10418,768;0,0000701;21,28%;0;8590,44292;0,0000182;0,00%;1;;8590,44292
Ran65pmed9v3.10.2.txt;10534,68303;0,0000343;19,05%;0;8849,3172;0,0000186;0,00%;1;;8849,3172
Ran66pmed9v3.10.2.txt;9886,62918;0,0000339;20,66%;0;8194,02509;0,0000326;0,00%;1;;8194,02509
Ran67pmed9v3.10.2.txt;10804,09516;0,0000347;23,87%;0;8722,0678;0,0000192;0,00%;1;;8722,0678
Ran68pmed9v3.10.2.txt;10204,92034;0,0000329;21,11%;0;8426,15807;0,000018;0,00%;1;;8426,15807
Ran69pmed9v3.10.2.txt;10707,1201;0,0000331;18,55%;0;9031,53521;0,0000189;0,00%;1;;9031,53521
Ran70pmed9v3.10.2.txt;10571,1994;0,0000308;26,17%;0;8378,68218;0,0000181;0,00%;1;;8378,68218
Ran71pmed9v3.10.2.txt;10285,96767;0,000034;18,21%;0;8701,74643;0,0000177;0,00%;1;;8701,74643
Ran72pmed9v3.10.2.txt;11521,51772;0,0000335;31,85%;0;8738,24715;0,0000188;0,00%;1;;8738,24715
Ran73pmed9v3.10.2.txt;9867,19294;0,0000325;22,53%;0;8052,95235;0,0000193;0,00%;1;;8052,95235
Ran74pmed9v3.10.2.txt;10834,45264;0,0000353;20,78%;0;8970,27157;0,0000175;0,00%;1;;8970,27157
Ran75pmed9v3.10.2.txt;11149,05003;0,0000359;27,70%;0;8730,75578;0,0000191;0,00%;1;;8730,75578
Ran76pmed9v3.10.2.txt;9926,48469;0,0000339;22,51%;0;8102,3279;0,0000175;0,00%;1;;8102,3279
Ran77pmed9v3.10.2.txt;10625,09793;0,000036;21,94%;0;8713,06183;0,0000169;0,00%;1;;8713,06183
Ran78pmed9v3.10.2.txt;10617,40019;0,0000446;22,83%;0;8643,96265;0,0000187;0,00%;1;;8643,96265
Ran79pmed9v3.10.2.txt;10718,14585;0,0000327;25,28%;0;8555,69696;0,0000179;0,00%;1;;8555,69696
Ran80pmed9v3.10.2.txt;10530,86646;0,0000325;18,52%;0;8885,59419;0,0000183;0,00%;1;;8885,59419
Ran81pmed9v3.10.2.txt;10903,66544;0,0000735;29,20%;0;8439,53932;0,0000184;0,00%;1;;8439,53932
Ran82pmed9v3.10.2.txt;10635,66703;0,0000359;21,09%;0;8783,3234;0,0000186;0,00%;1;;8783,3234
Ran83pmed9v3.10.2.txt;10736,26149;0,0000341;21,64%;0;8826,34238;0,0000314;0,00%;1;;8826,34238
Ran84pmed9v3.10.2.txt;10549,71033;0,000037;25,13%;0;8430,97389;0,0000195;0,00%;1;;8430,97389
Ran85pmed9v3.10.2.txt;10126,09424;0,0000292;19,77%;0;8454,44654;0,000018;0,00%;1;;8454,44654
Ran86pmed9v3.10.2.txt;11213,01101;0,0000373;23,18%;0;9103,1928;0,0000185;0,00%;1;;9103,1928
Ran87pmed9v3.10.2.txt;10278,50736;0,000032;23,03%;0;8354,31507;0,0000364;0,00%;1;;8354,31507
Ran88pmed9v3.10.2.txt;10150,21478;0,0000669;18,06%;0;8597,30696;0,0000173;0,00%;1;;8597,30696
Ran89pmed9v3.10.2.txt;11506,04136;0,0000507;27,65%;0;9013,87611;0,0000182;0,00%;1;;9013,87611
Ran90pmed9v3.10.2.txt;11152,63344;0,0000349;30,52%;0;8545,06318;0,0000189;0,00%;1;;8545,06318
Ran91pmed9v3.10.2.txt;10548,92353;0,0000316;18,90%;0;8871,89594;0,0000188;0,00%;1;;8871,89594
Ran92pmed9v3.10.2.txt;9721,49774;0,0000312;18,08%;0;8232,88763;0,0000192;0,00%;1;;8232,88763
Ran93pmed9v3.10.2.txt;10212,93469;0,0000331;18,71%;0;8603,48785;0,0000192;0,00%;1;;8603,48785
Ran94pmed9v3.10.2.txt;9673,70712;0,0000401;15,88%;0;8347,89357;0,0000182;0,00%;1;;8347,89357
Ran95pmed9v3.10.2.txt;11684,04979;0,0000329;22,38%;0;9547,34708;0,0000194;0,00%;1;;9547,34708
Ran96pmed9v3.10.2.txt;10394,41021;0,0000317;20,25%;0;8643,8205;0,0000205;0,00%;1;;8643,8205
Ran97pmed9v3.10.2.txt;10641,50785;0,0000331;26,33%;0;8423,69891;0,0000184;0,00%;1;;8423,69891
Ran98pmed9v3.10.2.txt;10668,10597;0,0000356;25,81%;0;8479,62768;0,0000202;0,00%;1;;8479,62768
Ran99pmed9v3.10.2.txt;10428,95041;0,0000678;17,49%;0;8876,7115;0,0000184;0,00%;1;;8876,7115
