Nombre de la instancia;Valor función objetivo;Tiempo de ejecución (ms)
pmed11v3.10.2.txt;12196,22513;1,33440
Ran0pmed11v3.10.2.txt;15402,77879;0,67140
Ran1pmed11v3.10.2.txt;15469,29563;0,62930
Ran2pmed11v3.10.2.txt;16675,21171;0,59380
Ran3pmed11v3.10.2.txt;14898,19214;0,38160
Ran4pmed11v3.10.2.txt;13841,96564;0,71130
Ran5pmed11v3.10.2.txt;13874,85659;0,63630
Ran6pmed11v3.10.2.txt;13063,30578;0,58240
Ran7pmed11v3.10.2.txt;13788,42070;0,71070
Ran8pmed11v3.10.2.txt;11742,33796;0,78270
Ran9pmed11v3.10.2.txt;13674,66116;0,82560
Ran10pmed11v3.10.2.txt;13747,28906;0,70550
Ran11pmed11v3.10.2.txt;13584,08504;0,59630
Ran12pmed11v3.10.2.txt;15801,27884;0,65580
Ran13pmed11v3.10.2.txt;12626,43789;0,54850
Ran14pmed11v3.10.2.txt;13153,27451;0,50640
Ran15pmed11v3.10.2.txt;11389,65554;0,61100
Ran16pmed11v3.10.2.txt;12931,13200;0,75070
Ran17pmed11v3.10.2.txt;14522,35125;0,80040
Ran18pmed11v3.10.2.txt;16075,46344;0,56610
Ran19pmed11v3.10.2.txt;12658,34148;0,76620
Ran20pmed11v3.10.2.txt;18222,80411;1,30360
Ran21pmed11v3.10.2.txt;13273,19331;1,25380
Ran22pmed11v3.10.2.txt;15491,88207;1,18140
Ran23pmed11v3.10.2.txt;13612,84147;0,42500
Ran24pmed11v3.10.2.txt;13938,45611;0,38390
Ran25pmed11v3.10.2.txt;12678,39513;0,56440
Ran26pmed11v3.10.2.txt;13162,41979;0,63490
Ran27pmed11v3.10.2.txt;15062,45513;0,65370
Ran28pmed11v3.10.2.txt;15737,10698;0,58110
Ran29pmed11v3.10.2.txt;14490,05055;0,67060
Ran30pmed11v3.10.2.txt;13169,99971;0,67650
Ran31pmed11v3.10.2.txt;12482,32674;0,65710
Ran32pmed11v3.10.2.txt;10862,87365;0,80660
Ran33pmed11v3.10.2.txt;12557,02861;0,67580
Ran34pmed11v3.10.2.txt;15770,26554;0,54000
Ran35pmed11v3.10.2.txt;13879,73370;0,48150
Ran36pmed11v3.10.2.txt;12862,75727;0,35460
Ran37pmed11v3.10.2.txt;14542,76864;0,19800
Ran38pmed11v3.10.2.txt;11558,95922;0,16750
Ran39pmed11v3.10.2.txt;12886,32565;0,26010
Ran40pmed11v3.10.2.txt;11432,87660;0,28420
Ran41pmed11v3.10.2.txt;16831,26582;0,28630
Ran42pmed11v3.10.2.txt;16346,21589;0,24900
Ran43pmed11v3.10.2.txt;11757,15034;0,28120
Ran44pmed11v3.10.2.txt;13742,84579;0,16740
Ran45pmed11v3.10.2.txt;15525,60171;0,17420
Ran46pmed11v3.10.2.txt;12338,40344;0,25410
Ran47pmed11v3.10.2.txt;11498,24814;0,26030
Ran48pmed11v3.10.2.txt;13578,59479;0,20630
Ran49pmed11v3.10.2.txt;14285,29573;0,29250
Ran50pmed11v3.10.2.txt;13241,99224;0,24670
Ran51pmed11v3.10.2.txt;13899,64354;0,26530
Ran52pmed11v3.10.2.txt;13494,59769;0,26370
Ran53pmed11v3.10.2.txt;13370,89809;0,25900
Ran54pmed11v3.10.2.txt;17099,49151;0,28920
Ran55pmed11v3.10.2.txt;13142,64301;0,30490
Ran56pmed11v3.10.2.txt;13892,45132;0,24840
Ran57pmed11v3.10.2.txt;11884,90237;0,25110
Ran58pmed11v3.10.2.txt;11385,58736;0,26230
Ran59pmed11v3.10.2.txt;15891,43338;0,24720
Ran60pmed11v3.10.2.txt;11519,70039;0,32020
Ran61pmed11v3.10.2.txt;13463,16414;0,25970
Ran62pmed11v3.10.2.txt;13787,54889;0,14630
Ran63pmed11v3.10.2.txt;13674,75533;0,14850
Ran64pmed11v3.10.2.txt;13822,67949;0,16810
Ran65pmed11v3.10.2.txt;13179,58870;0,15000
Ran66pmed11v3.10.2.txt;12747,21637;0,14840
Ran67pmed11v3.10.2.txt;15859,84041;0,15700
Ran68pmed11v3.10.2.txt;13225,34110;0,13860
Ran69pmed11v3.10.2.txt;12703,32799;0,13020
Ran70pmed11v3.10.2.txt;12435,56067;0,15290
Ran71pmed11v3.10.2.txt;14609,77455;0,15320
Ran72pmed11v3.10.2.txt;15463,51295;0,14200
Ran73pmed11v3.10.2.txt;16047,66777;0,24800
Ran74pmed11v3.10.2.txt;13437,73341;0,23560
Ran75pmed11v3.10.2.txt;15505,31792;0,26890
Ran76pmed11v3.10.2.txt;14635,82334;0,24740
Ran77pmed11v3.10.2.txt;17379,43662;0,37810
Ran78pmed11v3.10.2.txt;14012,49272;0,27230
Ran79pmed11v3.10.2.txt;13029,65001;0,21920
Ran80pmed11v3.10.2.txt;13977,40164;0,25510
Ran81pmed11v3.10.2.txt;15800,84233;0,13850
Ran82pmed11v3.10.2.txt;17533,98274;0,18330
Ran83pmed11v3.10.2.txt;13692,17246;0,33680
Ran84pmed11v3.10.2.txt;11306,88943;0,16910
Ran85pmed11v3.10.2.txt;14497,86103;0,23300
Ran86pmed11v3.10.2.txt;13661,35975;0,25030
Ran87pmed11v3.10.2.txt;14829,51756;0,25250
Ran88pmed11v3.10.2.txt;13767,35077;0,27580
Ran89pmed11v3.10.2.txt;14536,82150;0,26330
Ran90pmed11v3.10.2.txt;14023,17911;0,27200
Ran91pmed11v3.10.2.txt;13594,02429;0,25860
Ran92pmed11v3.10.2.txt;16664,87634;0,25340
Ran93pmed11v3.10.2.txt;13987,94570;0,27110
Ran94pmed11v3.10.2.txt;14819,91051;0,26880
Ran95pmed11v3.10.2.txt;14869,79907;0,25030
Ran96pmed11v3.10.2.txt;15135,82114;0,29040
Ran97pmed11v3.10.2.txt;11905,80297;0,16070
Ran98pmed11v3.10.2.txt;15777,19163;0,27970
Ran99pmed11v3.10.2.txt;11871,54524;0,25540
pmed1v3.10.2.txt;10775,02436;0,07700
Ran0pmed1v3.10.2.txt;10337,89361;0,11730
Ran1pmed1v3.10.2.txt;11213,21604;0,07470
Ran2pmed1v3.10.2.txt;9614,99013;0,14010
Ran3pmed1v3.10.2.txt;10640,47065;0,06540
Ran4pmed1v3.10.2.txt;11354,74065;0,10800
Ran5pmed1v3.10.2.txt;12731,44571;0,07100
Ran6pmed1v3.10.2.txt;11416,92698;0,09440
Ran7pmed1v3.10.2.txt;14176,92210;0,08870
Ran8pmed1v3.10.2.txt;10829,52044;0,07980
Ran9pmed1v3.10.2.txt;10916,32199;0,07640
Ran10pmed1v3.10.2.txt;12083,83739;0,07480
Ran11pmed1v3.10.2.txt;11836,78604;0,06840
Ran12pmed1v3.10.2.txt;12350,30260;0,07040
Ran13pmed1v3.10.2.txt;10965,68105;0,07540
Ran14pmed1v3.10.2.txt;13226,32192;0,06560
Ran15pmed1v3.10.2.txt;11427,91518;0,40110
Ran16pmed1v3.10.2.txt;12368,96426;0,17170
Ran17pmed1v3.10.2.txt;10443,56529;0,08930
Ran18pmed1v3.10.2.txt;12735,19138;0,07220
Ran19pmed1v3.10.2.txt;11116,20351;0,06830
Ran20pmed1v3.10.2.txt;11915,59501;0,06630
Ran21pmed1v3.10.2.txt;11473,19794;0,06750
Ran22pmed1v3.10.2.txt;10663,99133;0,06510
Ran23pmed1v3.10.2.txt;9119,15412;0,12210
Ran24pmed1v3.10.2.txt;11949,43913;0,06270
Ran25pmed1v3.10.2.txt;11927,96030;0,10270
Ran26pmed1v3.10.2.txt;10579,19898;0,09730
Ran27pmed1v3.10.2.txt;13071,43502;0,06880
Ran28pmed1v3.10.2.txt;12425,28269;0,07090
Ran29pmed1v3.10.2.txt;13720,74497;0,26100
Ran30pmed1v3.10.2.txt;10653,09441;0,08450
Ran31pmed1v3.10.2.txt;9313,02753;0,08240
Ran32pmed1v3.10.2.txt;10182,31867;0,08870
Ran33pmed1v3.10.2.txt;12475,07209;0,07380
Ran34pmed1v3.10.2.txt;12076,80785;0,08050
Ran35pmed1v3.10.2.txt;13672,78617;0,06910
Ran36pmed1v3.10.2.txt;11615,37679;0,08600
Ran37pmed1v3.10.2.txt;10456,94341;0,50970
Ran38pmed1v3.10.2.txt;10814,09001;0,11410
Ran39pmed1v3.10.2.txt;11093,40212;0,08360
Ran40pmed1v3.10.2.txt;10169,73602;0,08440
Ran41pmed1v3.10.2.txt;12505,74753;0,08550
Ran42pmed1v3.10.2.txt;11526,82727;0,26990
Ran43pmed1v3.10.2.txt;12764,60293;0,07940
Ran44pmed1v3.10.2.txt;13536,45029;0,07030
Ran45pmed1v3.10.2.txt;9265,87479;0,06610
Ran46pmed1v3.10.2.txt;11504,45395;0,07250
Ran47pmed1v3.10.2.txt;13966,46357;0,07080
Ran48pmed1v3.10.2.txt;11989,03899;0,10730
Ran49pmed1v3.10.2.txt;10122,14828;0,07200
Ran50pmed1v3.10.2.txt;13395,51686;0,07070
Ran51pmed1v3.10.2.txt;10029,24728;0,07230
Ran52pmed1v3.10.2.txt;13007,46267;0,07220
Ran53pmed1v3.10.2.txt;11859,76089;0,07910
Ran54pmed1v3.10.2.txt;11230,90865;0,06870
Ran55pmed1v3.10.2.txt;11411,16406;0,07180
Ran56pmed1v3.10.2.txt;10560,21834;0,20060
Ran57pmed1v3.10.2.txt;11271,97435;0,06570
Ran58pmed1v3.10.2.txt;11913,16423;0,07100
Ran59pmed1v3.10.2.txt;13641,84973;0,07910
Ran60pmed1v3.10.2.txt;12075,52297;0,07860
Ran61pmed1v3.10.2.txt;12135,55838;0,08810
Ran62pmed1v3.10.2.txt;13964,96062;0,08940
Ran63pmed1v3.10.2.txt;12126,88733;0,06780
Ran64pmed1v3.10.2.txt;10689,11966;0,05400
Ran65pmed1v3.10.2.txt;11640,62296;0,04240
Ran66pmed1v3.10.2.txt;13579,56508;0,01730
Ran67pmed1v3.10.2.txt;10954,69102;0,01530
Ran68pmed1v3.10.2.txt;10662,18310;0,01680
Ran69pmed1v3.10.2.txt;11111,63423;0,01880
Ran70pmed1v3.10.2.txt;10393,30070;0,02110
Ran71pmed1v3.10.2.txt;13052,04214;0,02050
Ran72pmed1v3.10.2.txt;11338,81665;0,02210
Ran73pmed1v3.10.2.txt;12050,30855;0,02240
Ran74pmed1v3.10.2.txt;10190,17185;0,01660
Ran75pmed1v3.10.2.txt;11304,16668;0,01800
Ran76pmed1v3.10.2.txt;11964,01676;0,01660
Ran77pmed1v3.10.2.txt;10745,97708;0,01900
Ran78pmed1v3.10.2.txt;11781,55624;0,01860
Ran79pmed1v3.10.2.txt;12978,89969;0,03380
Ran80pmed1v3.10.2.txt;13634,90688;0,02090
Ran81pmed1v3.10.2.txt;11992,35480;0,01420
Ran82pmed1v3.10.2.txt;13581,02956;0,01650
Ran83pmed1v3.10.2.txt;10504,39593;0,01550
Ran84pmed1v3.10.2.txt;12629,38293;0,01770
Ran85pmed1v3.10.2.txt;12265,42485;0,01490
Ran86pmed1v3.10.2.txt;12072,22444;0,02290
Ran87pmed1v3.10.2.txt;9380,54174;0,02010
Ran88pmed1v3.10.2.txt;14313,43638;0,01190
Ran89pmed1v3.10.2.txt;11917,60064;0,01370
Ran90pmed1v3.10.2.txt;14332,12624;0,01590
Ran91pmed1v3.10.2.txt;12198,92611;0,01430
Ran92pmed1v3.10.2.txt;12620,70056;0,01200
Ran93pmed1v3.10.2.txt;12768,25060;0,01570
Ran94pmed1v3.10.2.txt;10474,06034;0,02400
Ran95pmed1v3.10.2.txt;11438,45465;0,01790
Ran96pmed1v3.10.2.txt;10249,94611;0,02330
Ran97pmed1v3.10.2.txt;9883,77353;0,01860
Ran98pmed1v3.10.2.txt;12821,11945;0,02000
Ran99pmed1v3.10.2.txt;12400,72284;0,02120
pmed6v3.10.2.txt;15246,44183;0,04470
Ran0pmed6v3.10.2.txt;11246,43382;0,06410
Ran1pmed6v3.10.2.txt;14191,31589;0,04910
Ran2pmed6v3.10.2.txt;14517,51095;0,04610
Ran3pmed6v3.10.2.txt;15001,37098;0,05000
Ran4pmed6v3.10.2.txt;15663,62490;0,04030
Ran5pmed6v3.10.2.txt;13590,19178;0,04320
Ran6pmed6v3.10.2.txt;14855,46150;0,04300
Ran7pmed6v3.10.2.txt;13042,50445;0,05070
Ran8pmed6v3.10.2.txt;12648,98989;0,04350
Ran9pmed6v3.10.2.txt;13988,31275;0,04280
Ran10pmed6v3.10.2.txt;14641,64782;0,04440
Ran11pmed6v3.10.2.txt;17400,84312;0,04090
Ran12pmed6v3.10.2.txt;13692,28364;0,04370
Ran13pmed6v3.10.2.txt;14192,88587;0,06990
Ran14pmed6v3.10.2.txt;20513,74540;0,06120
Ran15pmed6v3.10.2.txt;17298,07502;0,07180
Ran16pmed6v3.10.2.txt;13293,41779;0,07230
Ran17pmed6v3.10.2.txt;13463,99420;0,04530
Ran18pmed6v3.10.2.txt;13331,90016;0,04610
Ran19pmed6v3.10.2.txt;13020,18184;0,03260
Ran20pmed6v3.10.2.txt;10862,10216;0,04600
Ran21pmed6v3.10.2.txt;13638,55773;0,04120
Ran22pmed6v3.10.2.txt;12718,36173;0,03560
Ran23pmed6v3.10.2.txt;15369,97188;0,03790
Ran24pmed6v3.10.2.txt;14523,73797;0,03790
Ran25pmed6v3.10.2.txt;15280,86012;0,04800
Ran26pmed6v3.10.2.txt;15660,43768;0,03560
Ran27pmed6v3.10.2.txt;13646,70177;0,03900
Ran28pmed6v3.10.2.txt;13746,99747;0,04880
Ran29pmed6v3.10.2.txt;12129,19436;0,03160
Ran30pmed6v3.10.2.txt;12657,09164;0,03760
Ran31pmed6v3.10.2.txt;15351,20468;0,06300
Ran32pmed6v3.10.2.txt;14698,15359;0,04310
Ran33pmed6v3.10.2.txt;14827,69188;0,04910
Ran34pmed6v3.10.2.txt;14349,58708;0,04710
Ran35pmed6v3.10.2.txt;12892,61030;0,04800
Ran36pmed6v3.10.2.txt;13618,63314;0,04580
Ran37pmed6v3.10.2.txt;14865,99128;0,10280
Ran38pmed6v3.10.2.txt;13809,38863;0,04820
Ran39pmed6v3.10.2.txt;14662,05148;0,04330
Ran40pmed6v3.10.2.txt;14458,58652;0,04370
Ran41pmed6v3.10.2.txt;14376,64271;0,05320
Ran42pmed6v3.10.2.txt;15021,54694;0,04300
Ran43pmed6v3.10.2.txt;14287,42187;0,03590
Ran44pmed6v3.10.2.txt;11410,35946;0,05030
Ran45pmed6v3.10.2.txt;13733,15648;0,06370
Ran46pmed6v3.10.2.txt;14098,06814;0,04410
Ran47pmed6v3.10.2.txt;15857,00666;0,04240
Ran48pmed6v3.10.2.txt;12542,23813;0,04630
Ran49pmed6v3.10.2.txt;15444,25984;0,05090
Ran50pmed6v3.10.2.txt;11524,13494;0,04430
Ran51pmed6v3.10.2.txt;14931,98946;0,04080
Ran52pmed6v3.10.2.txt;15598,32869;0,04450
Ran53pmed6v3.10.2.txt;13030,20822;0,03580
Ran54pmed6v3.10.2.txt;12783,12639;0,04510
Ran55pmed6v3.10.2.txt;12312,82059;0,04250
Ran56pmed6v3.10.2.txt;14559,98090;0,04190
Ran57pmed6v3.10.2.txt;14005,13499;0,03940
Ran58pmed6v3.10.2.txt;11455,05063;0,04280
Ran59pmed6v3.10.2.txt;14842,45732;0,05990
Ran60pmed6v3.10.2.txt;12932,67978;0,04720
Ran61pmed6v3.10.2.txt;15108,18597;0,05750
Ran62pmed6v3.10.2.txt;14919,07140;0,04310
Ran63pmed6v3.10.2.txt;14400,02559;0,03920
Ran64pmed6v3.10.2.txt;14139,06975;0,03370
Ran65pmed6v3.10.2.txt;12374,85966;0,03640
Ran66pmed6v3.10.2.txt;13425,22089;0,03750
Ran67pmed6v3.10.2.txt;13574,45980;0,03820
Ran68pmed6v3.10.2.txt;18880,18783;0,05170
Ran69pmed6v3.10.2.txt;14170,73095;0,04300
Ran70pmed6v3.10.2.txt;13771,30619;0,05330
Ran71pmed6v3.10.2.txt;14109,58570;0,04010
Ran72pmed6v3.10.2.txt;12458,01711;0,04490
Ran73pmed6v3.10.2.txt;18208,98329;0,04160
Ran74pmed6v3.10.2.txt;14345,37228;0,03520
Ran75pmed6v3.10.2.txt;14701,40563;0,03980
Ran76pmed6v3.10.2.txt;11029,91902;0,03980
Ran77pmed6v3.10.2.txt;14578,94044;0,03920
Ran78pmed6v3.10.2.txt;12986,66019;0,04160
Ran79pmed6v3.10.2.txt;14973,42988;0,05260
Ran80pmed6v3.10.2.txt;17465,59216;0,04110
Ran81pmed6v3.10.2.txt;12935,82030;0,04560
Ran82pmed6v3.10.2.txt;13230,84683;0,04370
Ran83pmed6v3.10.2.txt;12499,27069;0,04650
Ran84pmed6v3.10.2.txt;11942,61975;0,03720
Ran85pmed6v3.10.2.txt;13638,05992;0,04050
Ran86pmed6v3.10.2.txt;11938,66369;0,03950
Ran87pmed6v3.10.2.txt;15426,48462;0,04330
Ran88pmed6v3.10.2.txt;13584,89222;0,03830
Ran89pmed6v3.10.2.txt;15471,15821;0,04450
Ran90pmed6v3.10.2.txt;15069,07222;0,05290
Ran91pmed6v3.10.2.txt;12259,60563;0,04660
Ran92pmed6v3.10.2.txt;14048,80943;0,03970
Ran93pmed6v3.10.2.txt;15129,66226;0,04050
Ran94pmed6v3.10.2.txt;13968,70751;0,04030
Ran95pmed6v3.10.2.txt;12739,03979;0,03270
Ran96pmed6v3.10.2.txt;16060,27206;0,04740
Ran97pmed6v3.10.2.txt;14959,60116;0,03460
Ran98pmed6v3.10.2.txt;14424,20928;0,05060
Ran99pmed6v3.10.2.txt;12132,47446;0,03510
pmed7v3.10.2.txt;11297,84558;0,04030
Ran0pmed7v3.10.2.txt;12801,29346;0,05450
Ran1pmed7v3.10.2.txt;11770,84884;0,04600
Ran2pmed7v3.10.2.txt;13130,60537;0,04150
Ran3pmed7v3.10.2.txt;10807,95626;0,04850
Ran4pmed7v3.10.2.txt;12812,56136;0,04600
Ran5pmed7v3.10.2.txt;13176,43412;0,04360
Ran6pmed7v3.10.2.txt;13045,86575;0,04180
Ran7pmed7v3.10.2.txt;12382,51097;0,03760
Ran8pmed7v3.10.2.txt;12342,47274;0,05870
Ran9pmed7v3.10.2.txt;12179,89279;0,08360
Ran10pmed7v3.10.2.txt;11099,15158;0,08990
Ran11pmed7v3.10.2.txt;11309,99217;0,04780
Ran12pmed7v3.10.2.txt;12392,78966;0,05000
Ran13pmed7v3.10.2.txt;11529,23671;0,04650
Ran14pmed7v3.10.2.txt;11516,25885;0,06500
Ran15pmed7v3.10.2.txt;12221,28265;0,05290
Ran16pmed7v3.10.2.txt;14452,46038;0,04920
Ran17pmed7v3.10.2.txt;12187,70323;0,05120
Ran18pmed7v3.10.2.txt;12811,89735;0,04980
Ran19pmed7v3.10.2.txt;11973,56888;0,05600
Ran20pmed7v3.10.2.txt;13701,94993;0,05530
Ran21pmed7v3.10.2.txt;11862,66385;0,05080
Ran22pmed7v3.10.2.txt;12809,30197;0,05190
Ran23pmed7v3.10.2.txt;14458,52422;0,05460
Ran24pmed7v3.10.2.txt;12476,50658;0,05310
Ran25pmed7v3.10.2.txt;13184,60524;0,04860
Ran26pmed7v3.10.2.txt;12895,44597;0,05940
Ran27pmed7v3.10.2.txt;13543,38336;0,04500
Ran28pmed7v3.10.2.txt;12071,94937;0,04810
Ran29pmed7v3.10.2.txt;14020,56739;0,05720
Ran30pmed7v3.10.2.txt;11746,18747;0,05860
Ran31pmed7v3.10.2.txt;11939,02186;0,07520
Ran32pmed7v3.10.2.txt;14389,27766;0,06380
Ran33pmed7v3.10.2.txt;12365,31338;0,07570
Ran34pmed7v3.10.2.txt;10650,11754;0,07040
Ran35pmed7v3.10.2.txt;12891,79244;0,07750
Ran36pmed7v3.10.2.txt;12124,50395;0,07490
Ran37pmed7v3.10.2.txt;12755,99970;0,03730
Ran38pmed7v3.10.2.txt;14214,95762;0,04070
Ran39pmed7v3.10.2.txt;10983,24116;0,04440
Ran40pmed7v3.10.2.txt;12726,19182;0,03910
Ran41pmed7v3.10.2.txt;12303,21471;0,04120
Ran42pmed7v3.10.2.txt;13986,71060;0,06030
Ran43pmed7v3.10.2.txt;11813,71209;0,03570
Ran44pmed7v3.10.2.txt;11127,28903;0,03240
Ran45pmed7v3.10.2.txt;10867,09765;0,04910
Ran46pmed7v3.10.2.txt;12445,41624;0,04350
Ran47pmed7v3.10.2.txt;10657,68452;0,05310
Ran48pmed7v3.10.2.txt;13410,50682;0,04860
Ran49pmed7v3.10.2.txt;11277,90829;0,05240
Ran50pmed7v3.10.2.txt;14591,60872;0,05540
Ran51pmed7v3.10.2.txt;12552,66038;0,05350
Ran52pmed7v3.10.2.txt;14096,47646;0,05170
Ran53pmed7v3.10.2.txt;11962,81317;0,04760
Ran54pmed7v3.10.2.txt;10936,91952;0,05460
Ran55pmed7v3.10.2.txt;12395,10331;0,04800
Ran56pmed7v3.10.2.txt;11582,42327;0,05290
Ran57pmed7v3.10.2.txt;13344,76506;0,06370
Ran58pmed7v3.10.2.txt;11737,62746;0,06490
Ran59pmed7v3.10.2.txt;11104,30225;0,06380
Ran60pmed7v3.10.2.txt;11771,72770;0,05210
Ran61pmed7v3.10.2.txt;13597,58528;0,06570
Ran62pmed7v3.10.2.txt;12976,22140;0,06100
Ran63pmed7v3.10.2.txt;11049,95602;0,05520
Ran64pmed7v3.10.2.txt;10874,81322;0,06520
Ran65pmed7v3.10.2.txt;11422,79251;0,04830
Ran66pmed7v3.10.2.txt;13059,53804;0,04540
Ran67pmed7v3.10.2.txt;11669,20243;0,06900
Ran68pmed7v3.10.2.txt;14983,15372;0,06010
Ran69pmed7v3.10.2.txt;12729,88153;0,05410
Ran70pmed7v3.10.2.txt;13020,01352;0,05010
Ran71pmed7v3.10.2.txt;11535,22429;0,04780
Ran72pmed7v3.10.2.txt;12586,13483;0,05020
Ran73pmed7v3.10.2.txt;12779,13932;0,05560
Ran74pmed7v3.10.2.txt;12573,99808;0,05220
Ran75pmed7v3.10.2.txt;11859,25766;0,05310
Ran76pmed7v3.10.2.txt;13640,50683;0,07380
Ran77pmed7v3.10.2.txt;12581,46044;0,05730
Ran78pmed7v3.10.2.txt;12661,46218;0,05450
Ran79pmed7v3.10.2.txt;11437,94655;0,05250
Ran80pmed7v3.10.2.txt;14138,17821;0,05620
Ran81pmed7v3.10.2.txt;12194,90478;0,05550
Ran82pmed7v3.10.2.txt;14006,31839;0,05850
Ran83pmed7v3.10.2.txt;10606,44135;0,05330
Ran84pmed7v3.10.2.txt;12407,93693;0,05400
Ran85pmed7v3.10.2.txt;12121,98304;0,06010
Ran86pmed7v3.10.2.txt;12674,24569;0,05790
Ran87pmed7v3.10.2.txt;12283,16024;0,05280
Ran88pmed7v3.10.2.txt;12565,96361;0,05250
Ran89pmed7v3.10.2.txt;12300,71682;0,04700
Ran90pmed7v3.10.2.txt;13854,87153;0,05010
Ran91pmed7v3.10.2.txt;12408,08835;0,13040
Ran92pmed7v3.10.2.txt;12612,61190;0,07040
Ran93pmed7v3.10.2.txt;11584,99944;0,05630
Ran94pmed7v3.10.2.txt;14860,74527;0,05380
Ran95pmed7v3.10.2.txt;12915,46582;0,05410
Ran96pmed7v3.10.2.txt;12071,66787;0,05330
Ran97pmed7v3.10.2.txt;11510,33528;0,05390
Ran98pmed7v3.10.2.txt;12895,17319;0,05160
Ran99pmed7v3.10.2.txt;12869,01561;0,05020
pmed2v3.10.2.txt;7927,54103;0,01060
Ran0pmed2v3.10.2.txt;9457,55751;0,01870
Ran1pmed2v3.10.2.txt;9705,95620;0,01580
Ran2pmed2v3.10.2.txt;10789,84402;0,01610
Ran3pmed2v3.10.2.txt;11163,68649;0,01520
Ran4pmed2v3.10.2.txt;9003,86896;0,01490
Ran5pmed2v3.10.2.txt;7863,64562;0,01530
Ran6pmed2v3.10.2.txt;9880,76864;0,01710
Ran7pmed2v3.10.2.txt;8950,83686;0,03340
Ran8pmed2v3.10.2.txt;10476,05543;0,01990
Ran9pmed2v3.10.2.txt;9668,00860;0,01660
Ran10pmed2v3.10.2.txt;9052,75747;0,01650
Ran11pmed2v3.10.2.txt;9065,51441;0,01730
Ran12pmed2v3.10.2.txt;9303,82171;0,01760
Ran13pmed2v3.10.2.txt;10646,46423;0,02360
Ran14pmed2v3.10.2.txt;10040,02088;0,01710
Ran15pmed2v3.10.2.txt;8620,96569;0,01900
Ran16pmed2v3.10.2.txt;9580,04077;0,01770
Ran17pmed2v3.10.2.txt;10051,72761;0,01750
Ran18pmed2v3.10.2.txt;8721,45226;0,01650
Ran19pmed2v3.10.2.txt;9776,23382;0,01660
Ran20pmed2v3.10.2.txt;10216,86522;0,01710
Ran21pmed2v3.10.2.txt;8325,96069;0,01800
Ran22pmed2v3.10.2.txt;9199,84846;0,01670
Ran23pmed2v3.10.2.txt;9377,89636;0,01690
Ran24pmed2v3.10.2.txt;9971,92551;0,01830
Ran25pmed2v3.10.2.txt;8823,36984;0,01630
Ran26pmed2v3.10.2.txt;9548,60953;0,01610
Ran27pmed2v3.10.2.txt;7581,10778;0,01780
Ran28pmed2v3.10.2.txt;9004,92754;0,01740
Ran29pmed2v3.10.2.txt;9781,68719;0,02040
Ran30pmed2v3.10.2.txt;9342,69389;0,01890
Ran31pmed2v3.10.2.txt;9249,49042;0,01640
Ran32pmed2v3.10.2.txt;8222,22265;0,01720
Ran33pmed2v3.10.2.txt;9989,62442;0,01720
Ran34pmed2v3.10.2.txt;9566,59530;0,01660
Ran35pmed2v3.10.2.txt;9429,54995;0,01750
Ran36pmed2v3.10.2.txt;9008,13189;0,02020
Ran37pmed2v3.10.2.txt;8351,53646;0,01790
Ran38pmed2v3.10.2.txt;8467,20669;0,01890
Ran39pmed2v3.10.2.txt;8342,73725;0,01830
Ran40pmed2v3.10.2.txt;10339,03031;0,01850
Ran41pmed2v3.10.2.txt;10887,00759;0,01580
Ran42pmed2v3.10.2.txt;9053,25707;0,02450
Ran43pmed2v3.10.2.txt;10758,79522;0,02000
Ran44pmed2v3.10.2.txt;8746,68679;0,01720
Ran45pmed2v3.10.2.txt;9070,83947;0,01770
Ran46pmed2v3.10.2.txt;9600,32426;0,01810
Ran47pmed2v3.10.2.txt;8493,26703;0,01650
Ran48pmed2v3.10.2.txt;8291,80632;0,01670
Ran49pmed2v3.10.2.txt;10442,18187;0,01670
Ran50pmed2v3.10.2.txt;9919,43911;0,01560
Ran51pmed2v3.10.2.txt;8931,28124;0,01470
Ran52pmed2v3.10.2.txt;9915,67048;0,01540
Ran53pmed2v3.10.2.txt;8872,42981;0,01630
Ran54pmed2v3.10.2.txt;9798,64019;0,02300
Ran55pmed2v3.10.2.txt;10175,93584;0,02420
Ran56pmed2v3.10.2.txt;9214,48996;0,02310
Ran57pmed2v3.10.2.txt;11545,93830;0,02500
Ran58pmed2v3.10.2.txt;9260,96017;0,02370
Ran59pmed2v3.10.2.txt;10154,42446;0,02420
Ran60pmed2v3.10.2.txt;8716,65499;0,02190
Ran61pmed2v3.10.2.txt;9023,75251;0,01940
Ran62pmed2v3.10.2.txt;8647,20440;0,02450
Ran63pmed2v3.10.2.txt;8169,80117;0,01530
Ran64pmed2v3.10.2.txt;8272,95839;0,01550
Ran65pmed2v3.10.2.txt;9071,67436;0,01640
Ran66pmed2v3.10.2.txt;10334,87196;0,01470
Ran67pmed2v3.10.2.txt;9596,59670;0,01490
Ran68pmed2v3.10.2.txt;8120,50255;0,01680
Ran69pmed2v3.10.2.txt;9353,07977;0,01480
Ran70pmed2v3.10.2.txt;8995,15683;0,01490
Ran71pmed2v3.10.2.txt;8104,32892;0,01830
Ran72pmed2v3.10.2.txt;9356,01953;0,01440
Ran73pmed2v3.10.2.txt;8826,44052;0,01530
Ran74pmed2v3.10.2.txt;9455,68434;0,01520
Ran75pmed2v3.10.2.txt;8885,64275;0,01620
Ran76pmed2v3.10.2.txt;8664,37428;0,01850
Ran77pmed2v3.10.2.txt;8807,86172;0,01670
Ran78pmed2v3.10.2.txt;8799,85103;0,01670
Ran79pmed2v3.10.2.txt;10734,85166;0,02140
Ran80pmed2v3.10.2.txt;9159,26418;0,01710
Ran81pmed2v3.10.2.txt;9068,51667;0,01560
Ran82pmed2v3.10.2.txt;9784,69742;0,01480
Ran83pmed2v3.10.2.txt;8455,82139;0,01690
Ran84pmed2v3.10.2.txt;9801,15878;0,01520
Ran85pmed2v3.10.2.txt;8570,68235;0,01430
Ran86pmed2v3.10.2.txt;8208,60729;0,01830
Ran87pmed2v3.10.2.txt;10956,23183;0,01220
Ran88pmed2v3.10.2.txt;9623,28518;0,01480
Ran89pmed2v3.10.2.txt;9768,14627;0,01350
Ran90pmed2v3.10.2.txt;10034,35566;0,01470
Ran91pmed2v3.10.2.txt;9797,25864;0,02290
Ran92pmed2v3.10.2.txt;11113,51877;0,02330
Ran93pmed2v3.10.2.txt;10094,11721;0,02230
Ran94pmed2v3.10.2.txt;9131,74862;0,02000
Ran95pmed2v3.10.2.txt;8830,09841;0,01600
Ran96pmed2v3.10.2.txt;9418,72138;0,01990
Ran97pmed2v3.10.2.txt;8847,28796;0,01660
Ran98pmed2v3.10.2.txt;9387,96616;0,01640
Ran99pmed2v3.10.2.txt;8945,51511;0,01770
pmed3v3.10.2.txt;9770,25498;0,01950
Ran0pmed3v3.10.2.txt;9884,30150;0,02000
Ran1pmed3v3.10.2.txt;10188,37397;0,01970
Ran2pmed3v3.10.2.txt;10731,44222;0,01850
Ran3pmed3v3.10.2.txt;10509,07415;0,02010
Ran4pmed3v3.10.2.txt;9879,26015;0,01840
Ran5pmed3v3.10.2.txt;11185,69503;0,01870
Ran6pmed3v3.10.2.txt;11463,42611;0,01870
Ran7pmed3v3.10.2.txt;11528,11032;0,02710
Ran8pmed3v3.10.2.txt;10248,84728;0,01870
Ran9pmed3v3.10.2.txt;11584,91871;0,01890
Ran10pmed3v3.10.2.txt;10088,94015;0,02040
Ran11pmed3v3.10.2.txt;10746,24718;0,02010
Ran12pmed3v3.10.2.txt;9941,10344;0,01970
Ran13pmed3v3.10.2.txt;11508,93239;0,09530
Ran14pmed3v3.10.2.txt;9708,09104;0,02490
Ran15pmed3v3.10.2.txt;12484,68440;0,02850
Ran16pmed3v3.10.2.txt;10560,71257;0,02750
Ran17pmed3v3.10.2.txt;10449,36170;0,02920
Ran18pmed3v3.10.2.txt;9686,45718;0,02310
Ran19pmed3v3.10.2.txt;8740,34093;0,01900
Ran20pmed3v3.10.2.txt;9791,18412;0,01650
Ran21pmed3v3.10.2.txt;10209,83156;0,01890
Ran22pmed3v3.10.2.txt;10771,24813;0,01660
Ran23pmed3v3.10.2.txt;10872,94555;0,01500
Ran24pmed3v3.10.2.txt;11298,31399;0,02200
Ran25pmed3v3.10.2.txt;10811,86278;0,01770
Ran26pmed3v3.10.2.txt;10994,56712;0,01840
Ran27pmed3v3.10.2.txt;11178,10718;0,02040
Ran28pmed3v3.10.2.txt;11197,08554;0,01710
Ran29pmed3v3.10.2.txt;10760,71818;0,01740
Ran30pmed3v3.10.2.txt;12116,73165;0,01830
Ran31pmed3v3.10.2.txt;11370,72531;0,01780
Ran32pmed3v3.10.2.txt;11351,12246;0,01810
Ran33pmed3v3.10.2.txt;10284,45352;0,01750
Ran34pmed3v3.10.2.txt;10077,90630;0,01790
Ran35pmed3v3.10.2.txt;12119,53259;0,03190
Ran36pmed3v3.10.2.txt;10065,36214;0,02130
Ran37pmed3v3.10.2.txt;10207,53263;0,02430
Ran38pmed3v3.10.2.txt;11851,51166;0,02230
Ran39pmed3v3.10.2.txt;12799,45240;0,02500
Ran40pmed3v3.10.2.txt;11759,14061;0,01810
Ran41pmed3v3.10.2.txt;10891,76329;0,01760
Ran42pmed3v3.10.2.txt;10791,86940;0,01770
Ran43pmed3v3.10.2.txt;10845,22189;0,01830
Ran44pmed3v3.10.2.txt;10403,26165;0,01640
Ran45pmed3v3.10.2.txt;11115,73506;0,01650
Ran46pmed3v3.10.2.txt;10340,04915;0,01680
Ran47pmed3v3.10.2.txt;9800,10701;0,01690
Ran48pmed3v3.10.2.txt;10956,99840;0,01590
Ran49pmed3v3.10.2.txt;12043,20934;0,01950
Ran50pmed3v3.10.2.txt;9498,98085;0,01480
Ran51pmed3v3.10.2.txt;10302,27589;0,01520
Ran52pmed3v3.10.2.txt;10239,90801;0,01460
Ran53pmed3v3.10.2.txt;11491,44170;0,01580
Ran54pmed3v3.10.2.txt;10360,56467;0,02360
Ran55pmed3v3.10.2.txt;9865,66800;0,01650
Ran56pmed3v3.10.2.txt;10849,99475;0,01630
Ran57pmed3v3.10.2.txt;10175,20874;0,01770
Ran58pmed3v3.10.2.txt;10210,81841;0,01730
Ran59pmed3v3.10.2.txt;11459,48505;0,02410
Ran60pmed3v3.10.2.txt;10945,87311;0,02430
Ran61pmed3v3.10.2.txt;11122,20470;0,02350
Ran62pmed3v3.10.2.txt;10051,21975;0,01650
Ran63pmed3v3.10.2.txt;11160,68958;0,02230
Ran64pmed3v3.10.2.txt;10546,09314;0,02130
Ran65pmed3v3.10.2.txt;10972,10473;0,02360
Ran66pmed3v3.10.2.txt;10876,77981;0,02560
Ran67pmed3v3.10.2.txt;10621,08253;0,02280
Ran68pmed3v3.10.2.txt;9721,06334;0,02160
Ran69pmed3v3.10.2.txt;11864,02434;0,02350
Ran70pmed3v3.10.2.txt;12186,89488;0,02030
Ran71pmed3v3.10.2.txt;8782,75942;0,02090
Ran72pmed3v3.10.2.txt;8783,03072;0,01250
Ran73pmed3v3.10.2.txt;10898,29938;0,01480
Ran74pmed3v3.10.2.txt;12387,44640;0,01740
Ran75pmed3v3.10.2.txt;10619,52113;0,01240
Ran76pmed3v3.10.2.txt;11320,25115;0,01370
Ran77pmed3v3.10.2.txt;12095,09076;0,01380
Ran78pmed3v3.10.2.txt;10545,67393;0,01650
Ran79pmed3v3.10.2.txt;11002,16580;0,01740
Ran80pmed3v3.10.2.txt;10107,32142;0,01830
Ran81pmed3v3.10.2.txt;8729,55202;0,02010
Ran82pmed3v3.10.2.txt;10088,66689;0,01670
Ran83pmed3v3.10.2.txt;9408,34081;0,01580
Ran84pmed3v3.10.2.txt;10154,23409;0,01740
Ran85pmed3v3.10.2.txt;11441,26370;0,01810
Ran86pmed3v3.10.2.txt;10834,32574;0,01540
Ran87pmed3v3.10.2.txt;10118,15852;0,01510
Ran88pmed3v3.10.2.txt;11588,48065;0,01530
Ran89pmed3v3.10.2.txt;10440,01565;0,01440
Ran90pmed3v3.10.2.txt;10080,27699;0,01550
Ran91pmed3v3.10.2.txt;11152,34202;0,01760
Ran92pmed3v3.10.2.txt;10864,22461;0,01680
Ran93pmed3v3.10.2.txt;11382,47731;0,02310
Ran94pmed3v3.10.2.txt;10932,89117;0,02690
Ran95pmed3v3.10.2.txt;11007,95059;0,02470
Ran96pmed3v3.10.2.txt;11612,83222;0,02480
Ran97pmed3v3.10.2.txt;10748,44769;0,02100
Ran98pmed3v3.10.2.txt;11588,28644;0,02110
Ran99pmed3v3.10.2.txt;11967,28192;0,02300
pmed4v3.10.2.txt;8259,25491;0,02540
Ran0pmed4v3.10.2.txt;9413,16665;0,02760
Ran1pmed4v3.10.2.txt;10616,11287;0,02810
Ran2pmed4v3.10.2.txt;10559,20431;0,04840
Ran3pmed4v3.10.2.txt;10883,92924;0,04090
Ran4pmed4v3.10.2.txt;10584,90103;0,03490
Ran5pmed4v3.10.2.txt;9644,33041;0,03160
Ran6pmed4v3.10.2.txt;11612,19034;0,02770
Ran7pmed4v3.10.2.txt;11721,29401;0,03160
Ran8pmed4v3.10.2.txt;9936,52880;0,03120
Ran9pmed4v3.10.2.txt;9351,43327;0,02740
Ran10pmed4v3.10.2.txt;12021,84876;0,02640
Ran11pmed4v3.10.2.txt;9674,42710;0,03150
Ran12pmed4v3.10.2.txt;11326,99770;0,02950
Ran13pmed4v3.10.2.txt;10120,32761;0,02960
Ran14pmed4v3.10.2.txt;10978,39375;0,02780
Ran15pmed4v3.10.2.txt;11013,93929;0,03670
Ran16pmed4v3.10.2.txt;11648,19658;0,03620
Ran17pmed4v3.10.2.txt;10784,37871;0,03160
Ran18pmed4v3.10.2.txt;10256,19331;0,03000
Ran19pmed4v3.10.2.txt;10626,37399;0,03210
Ran20pmed4v3.10.2.txt;11339,69404;0,02900
Ran21pmed4v3.10.2.txt;9892,00504;0,03200
Ran22pmed4v3.10.2.txt;11128,69604;0,04050
Ran23pmed4v3.10.2.txt;10655,67155;0,03340
Ran24pmed4v3.10.2.txt;9931,60695;0,03300
Ran25pmed4v3.10.2.txt;10382,41374;0,03290
Ran26pmed4v3.10.2.txt;11021,39579;0,03790
Ran27pmed4v3.10.2.txt;11252,52398;0,03880
Ran28pmed4v3.10.2.txt;9746,40709;0,02190
Ran29pmed4v3.10.2.txt;10908,81401;0,02510
Ran30pmed4v3.10.2.txt;10877,14630;0,02630
Ran31pmed4v3.10.2.txt;10462,54587;0,02820
Ran32pmed4v3.10.2.txt;10384,00864;0,02550
Ran33pmed4v3.10.2.txt;10065,15569;0,02400
Ran34pmed4v3.10.2.txt;10898,26452;0,02390
Ran35pmed4v3.10.2.txt;10226,26206;0,02330
Ran36pmed4v3.10.2.txt;9543,41408;0,02700
Ran37pmed4v3.10.2.txt;10881,59234;0,02170
Ran38pmed4v3.10.2.txt;10732,98021;0,01900
Ran39pmed4v3.10.2.txt;10412,16745;0,02220
Ran40pmed4v3.10.2.txt;10306,63303;0,02350
Ran41pmed4v3.10.2.txt;11018,30043;0,02250
Ran42pmed4v3.10.2.txt;11335,42718;0,02310
Ran43pmed4v3.10.2.txt;9714,05807;0,02210
Ran44pmed4v3.10.2.txt;10135,89373;0,02680
Ran45pmed4v3.10.2.txt;10657,57069;0,02470
Ran46pmed4v3.10.2.txt;11319,70731;0,02340
Ran47pmed4v3.10.2.txt;9861,93372;0,02300
Ran48pmed4v3.10.2.txt;10982,48769;0,02460
Ran49pmed4v3.10.2.txt;10348,02398;0,02330
Ran50pmed4v3.10.2.txt;10011,06782;0,02390
Ran51pmed4v3.10.2.txt;12570,77946;0,02460
Ran52pmed4v3.10.2.txt;11084,32724;0,02360
Ran53pmed4v3.10.2.txt;10794,04725;0,02300
Ran54pmed4v3.10.2.txt;11060,80286;0,02400
Ran55pmed4v3.10.2.txt;11045,04605;0,02850
Ran56pmed4v3.10.2.txt;9733,89138;0,02680
Ran57pmed4v3.10.2.txt;10504,79685;0,02640
Ran58pmed4v3.10.2.txt;10562,94022;0,02570
Ran59pmed4v3.10.2.txt;10773,60442;0,02510
Ran60pmed4v3.10.2.txt;12075,22976;0,02450
Ran61pmed4v3.10.2.txt;11646,65798;0,02780
Ran62pmed4v3.10.2.txt;10241,40904;0,02520
Ran63pmed4v3.10.2.txt;11034,66964;0,02410
Ran64pmed4v3.10.2.txt;10440,86009;0,02950
Ran65pmed4v3.10.2.txt;10656,51060;0,03090
Ran66pmed4v3.10.2.txt;10915,84233;0,02680
Ran67pmed4v3.10.2.txt;11283,40435;0,02830
Ran68pmed4v3.10.2.txt;10561,62655;0,02640
Ran69pmed4v3.10.2.txt;10758,84597;0,02490
Ran70pmed4v3.10.2.txt;9799,31882;0,02630
Ran71pmed4v3.10.2.txt;10808,57183;0,02570
Ran72pmed4v3.10.2.txt;10966,49107;0,02550
Ran73pmed4v3.10.2.txt;10541,50512;0,02270
Ran74pmed4v3.10.2.txt;9883,45415;0,02290
Ran75pmed4v3.10.2.txt;11120,84233;0,02290
Ran76pmed4v3.10.2.txt;10104,10384;0,02350
Ran77pmed4v3.10.2.txt;11657,15523;0,02280
Ran78pmed4v3.10.2.txt;10232,85201;0,02210
Ran79pmed4v3.10.2.txt;10260,63847;0,02360
Ran80pmed4v3.10.2.txt;10409,46727;0,02210
Ran81pmed4v3.10.2.txt;10940,77134;0,02370
Ran82pmed4v3.10.2.txt;10146,96613;0,02200
Ran83pmed4v3.10.2.txt;11627,25922;0,02200
Ran84pmed4v3.10.2.txt;10561,11060;0,02160
Ran85pmed4v3.10.2.txt;10755,10096;0,02100
Ran86pmed4v3.10.2.txt;10339,31219;0,02190
Ran87pmed4v3.10.2.txt;10588,89019;0,02080
Ran88pmed4v3.10.2.txt;9780,30430;0,02630
Ran89pmed4v3.10.2.txt;11767,84041;0,02820
Ran90pmed4v3.10.2.txt;11252,43158;0,02600
Ran91pmed4v3.10.2.txt;12285,73573;0,02580
Ran92pmed4v3.10.2.txt;10294,63651;0,02270
Ran93pmed4v3.10.2.txt;10529,86674;0,02410
Ran94pmed4v3.10.2.txt;10555,37073;0,02440
Ran95pmed4v3.10.2.txt;10726,74597;0,02710
Ran96pmed4v3.10.2.txt;10561,19370;0,02550
Ran97pmed4v3.10.2.txt;10612,68564;0,02520
Ran98pmed4v3.10.2.txt;10013,09879;0,02340
Ran99pmed4v3.10.2.txt;10721,25524;0,02840
pmed5v3.10.2.txt;5025,98232;0,02830
Ran0pmed5v3.10.2.txt;9319,36251;0,03590
Ran1pmed5v3.10.2.txt;9262,01973;0,03430
Ran2pmed5v3.10.2.txt;8890,79587;0,03080
Ran3pmed5v3.10.2.txt;8753,17396;0,12680
Ran4pmed5v3.10.2.txt;9287,23863;0,20770
Ran5pmed5v3.10.2.txt;9899,53275;0,79530
Ran6pmed5v3.10.2.txt;8899,32434;0,69880
Ran7pmed5v3.10.2.txt;8906,24062;0,73530
Ran8pmed5v3.10.2.txt;8399,27003;0,21310
Ran9pmed5v3.10.2.txt;8778,69199;0,17050
Ran10pmed5v3.10.2.txt;9369,40894;0,19060
Ran11pmed5v3.10.2.txt;8753,35640;0,17750
Ran12pmed5v3.10.2.txt;9282,09614;0,17540
Ran13pmed5v3.10.2.txt;9109,25674;0,17960
Ran14pmed5v3.10.2.txt;9228,84575;0,19080
Ran15pmed5v3.10.2.txt;9738,61420;0,19830
Ran16pmed5v3.10.2.txt;9026,45138;0,20980
Ran17pmed5v3.10.2.txt;9975,71898;0,17950
Ran18pmed5v3.10.2.txt;9558,91646;0,18090
Ran19pmed5v3.10.2.txt;9778,48172;0,18420
Ran20pmed5v3.10.2.txt;8386,63059;0,19750
Ran21pmed5v3.10.2.txt;8797,87990;0,20830
Ran22pmed5v3.10.2.txt;8251,56907;0,23030
Ran23pmed5v3.10.2.txt;9033,98721;0,19590
Ran24pmed5v3.10.2.txt;9892,82113;0,19160
Ran25pmed5v3.10.2.txt;9731,95297;0,17630
Ran26pmed5v3.10.2.txt;9321,02008;0,18640
Ran27pmed5v3.10.2.txt;8823,66306;0,16030
Ran28pmed5v3.10.2.txt;9908,97095;0,19300
Ran29pmed5v3.10.2.txt;8671,51805;0,18930
Ran30pmed5v3.10.2.txt;8934,75909;0,18860
Ran31pmed5v3.10.2.txt;9884,06742;0,19270
Ran32pmed5v3.10.2.txt;8711,55730;0,20120
Ran33pmed5v3.10.2.txt;8890,90226;0,18680
Ran34pmed5v3.10.2.txt;8510,58538;0,18390
Ran35pmed5v3.10.2.txt;9186,42216;0,18330
Ran36pmed5v3.10.2.txt;9640,35835;0,21210
Ran37pmed5v3.10.2.txt;9906,99304;0,18910
Ran38pmed5v3.10.2.txt;9356,77651;0,19690
Ran39pmed5v3.10.2.txt;9953,42731;0,18960
Ran40pmed5v3.10.2.txt;9016,16018;0,32210
Ran41pmed5v3.10.2.txt;9483,03078;0,28820
Ran42pmed5v3.10.2.txt;8330,34142;0,26100
Ran43pmed5v3.10.2.txt;8976,05205;0,26730
Ran44pmed5v3.10.2.txt;9431,11194;0,28280
Ran45pmed5v3.10.2.txt;9562,04603;0,26420
Ran46pmed5v3.10.2.txt;9011,59693;0,26400
Ran47pmed5v3.10.2.txt;8781,00247;0,26270
Ran48pmed5v3.10.2.txt;9173,98502;0,27670
Ran49pmed5v3.10.2.txt;8801,75351;0,27670
Ran50pmed5v3.10.2.txt;9865,69262;0,22740
Ran51pmed5v3.10.2.txt;9115,38298;0,11260
Ran52pmed5v3.10.2.txt;9646,68325;0,10800
Ran53pmed5v3.10.2.txt;8793,21100;0,10170
Ran54pmed5v3.10.2.txt;9963,01622;0,10250
Ran55pmed5v3.10.2.txt;9567,68920;0,10590
Ran56pmed5v3.10.2.txt;9059,39356;0,11950
Ran57pmed5v3.10.2.txt;8285,74687;0,11330
Ran58pmed5v3.10.2.txt;8944,96666;0,14730
Ran59pmed5v3.10.2.txt;9282,75780;0,15670
Ran60pmed5v3.10.2.txt;9130,52573;0,12450
Ran61pmed5v3.10.2.txt;9494,50469;0,12120
Ran62pmed5v3.10.2.txt;9046,89643;0,10620
Ran63pmed5v3.10.2.txt;9772,29642;0,11810
Ran64pmed5v3.10.2.txt;9052,14578;0,10550
Ran65pmed5v3.10.2.txt;8928,92650;0,10980
Ran66pmed5v3.10.2.txt;8920,08832;0,11710
Ran67pmed5v3.10.2.txt;9318,86384;0,11050
Ran68pmed5v3.10.2.txt;9050,10893;0,11730
Ran69pmed5v3.10.2.txt;9474,04857;0,12360
Ran70pmed5v3.10.2.txt;9157,00073;0,12640
Ran71pmed5v3.10.2.txt;9535,00576;0,11240
Ran72pmed5v3.10.2.txt;8689,82555;0,11270
Ran73pmed5v3.10.2.txt;9042,99216;0,11290
Ran74pmed5v3.10.2.txt;8920,09906;0,17330
Ran75pmed5v3.10.2.txt;8917,85331;0,11830
Ran76pmed5v3.10.2.txt;8551,84408;0,11880
Ran77pmed5v3.10.2.txt;9399,28382;0,12310
Ran78pmed5v3.10.2.txt;8739,01360;0,10500
Ran79pmed5v3.10.2.txt;9533,50441;0,15920
Ran80pmed5v3.10.2.txt;8341,47397;0,11860
Ran81pmed5v3.10.2.txt;9349,12557;0,12080
Ran82pmed5v3.10.2.txt;9637,43186;0,30630
Ran83pmed5v3.10.2.txt;8649,90578;0,17410
Ran84pmed5v3.10.2.txt;9144,47876;0,12140
Ran85pmed5v3.10.2.txt;9550,52130;0,12300
Ran86pmed5v3.10.2.txt;9873,85940;0,11380
Ran87pmed5v3.10.2.txt;8081,01462;0,11870
Ran88pmed5v3.10.2.txt;9292,38533;0,11270
Ran89pmed5v3.10.2.txt;9420,91453;0,12560
Ran90pmed5v3.10.2.txt;8526,08123;0,12090
Ran91pmed5v3.10.2.txt;9456,12609;0,11800
Ran92pmed5v3.10.2.txt;9192,04951;0,11480
Ran93pmed5v3.10.2.txt;8417,75053;0,11050
Ran94pmed5v3.10.2.txt;8952,90783;0,12270
Ran95pmed5v3.10.2.txt;9003,91585;0,11480
Ran96pmed5v3.10.2.txt;9033,49822;0,11860
Ran97pmed5v3.10.2.txt;9387,15185;0,11670
Ran98pmed5v3.10.2.txt;9012,32065;0,11790
Ran99pmed5v3.10.2.txt;8714,46382;0,12490
pmed8v3.10.2.txt;11845,72630;0,16710
Ran0pmed8v3.10.2.txt;11905,67254;0,19260
Ran1pmed8v3.10.2.txt;11943,74832;0,16360
Ran2pmed8v3.10.2.txt;11577,16767;0,28640
Ran3pmed8v3.10.2.txt;11728,74147;0,16250
Ran4pmed8v3.10.2.txt;13250,38839;0,17450
Ran5pmed8v3.10.2.txt;10512,84628;0,15580
Ran6pmed8v3.10.2.txt;11147,30327;0,16030
Ran7pmed8v3.10.2.txt;11218,26362;0,16380
Ran8pmed8v3.10.2.txt;12639,48297;0,17310
Ran9pmed8v3.10.2.txt;11786,88776;0,16590
Ran10pmed8v3.10.2.txt;11013,12648;0,16470
Ran11pmed8v3.10.2.txt;10804,17284;0,14430
Ran12pmed8v3.10.2.txt;11264,92858;0,14510
Ran13pmed8v3.10.2.txt;12935,27691;0,16050
Ran14pmed8v3.10.2.txt;10730,06548;0,18880
Ran15pmed8v3.10.2.txt;11108,95971;0,15170
Ran16pmed8v3.10.2.txt;11226,27308;0,36910
Ran17pmed8v3.10.2.txt;10489,40324;0,45010
Ran18pmed8v3.10.2.txt;10850,02233;0,36940
Ran19pmed8v3.10.2.txt;11154,56066;0,34760
Ran20pmed8v3.10.2.txt;11043,29966;0,29340
Ran21pmed8v3.10.2.txt;11495,52036;0,28830
Ran22pmed8v3.10.2.txt;12330,25156;0,22570
Ran23pmed8v3.10.2.txt;10825,56134;0,17640
Ran24pmed8v3.10.2.txt;12012,68154;0,17960
Ran25pmed8v3.10.2.txt;13183,62798;0,17510
Ran26pmed8v3.10.2.txt;12058,32586;0,16050
Ran27pmed8v3.10.2.txt;10079,02087;0,15080
Ran28pmed8v3.10.2.txt;10734,90057;0,14620
Ran29pmed8v3.10.2.txt;11807,93407;0,15110
Ran30pmed8v3.10.2.txt;11248,32799;0,15430
Ran31pmed8v3.10.2.txt;12078,50636;0,15470
Ran32pmed8v3.10.2.txt;11079,19711;0,14700
Ran33pmed8v3.10.2.txt;11760,20542;0,15350
Ran34pmed8v3.10.2.txt;12729,09622;0,15430
Ran35pmed8v3.10.2.txt;10509,27650;0,15700
Ran36pmed8v3.10.2.txt;11303,20508;0,14500
Ran37pmed8v3.10.2.txt;11169,09340;0,15180
Ran38pmed8v3.10.2.txt;11268,13552;0,15390
Ran39pmed8v3.10.2.txt;11601,26285;0,15090
Ran40pmed8v3.10.2.txt;10929,87003;0,14250
Ran41pmed8v3.10.2.txt;11760,70516;0,15860
Ran42pmed8v3.10.2.txt;12480,68049;0,15640
Ran43pmed8v3.10.2.txt;11785,09726;0,29670
Ran44pmed8v3.10.2.txt;10595,07907;0,26370
Ran45pmed8v3.10.2.txt;11660,40922;0,37610
Ran46pmed8v3.10.2.txt;12222,92691;0,44350
Ran47pmed8v3.10.2.txt;9934,63916;0,26880
Ran48pmed8v3.10.2.txt;10839,09924;0,30430
Ran49pmed8v3.10.2.txt;10986,84784;0,32360
Ran50pmed8v3.10.2.txt;11091,52793;0,28660
Ran51pmed8v3.10.2.txt;11824,42929;0,37280
Ran52pmed8v3.10.2.txt;10823,33671;0,28130
Ran53pmed8v3.10.2.txt;11905,72024;0,29520
Ran54pmed8v3.10.2.txt;10671,97985;0,27000
Ran55pmed8v3.10.2.txt;11810,03941;0,31780
Ran56pmed8v3.10.2.txt;11301,14453;0,29750
Ran57pmed8v3.10.2.txt;13344,84000;0,33280
Ran58pmed8v3.10.2.txt;12273,95156;0,30460
Ran59pmed8v3.10.2.txt;12599,10019;0,30140
Ran60pmed8v3.10.2.txt;13333,39845;0,54060
Ran61pmed8v3.10.2.txt;11086,97862;0,37560
Ran62pmed8v3.10.2.txt;12251,84646;0,33940
Ran63pmed8v3.10.2.txt;12231,74189;0,38010
Ran64pmed8v3.10.2.txt;13118,18665;0,38420
Ran65pmed8v3.10.2.txt;11369,58446;0,35750
Ran66pmed8v3.10.2.txt;11668,75297;0,42950
Ran67pmed8v3.10.2.txt;10770,39688;0,32140
Ran68pmed8v3.10.2.txt;11700,30451;0,39060
Ran69pmed8v3.10.2.txt;11515,23480;0,39970
Ran70pmed8v3.10.2.txt;11937,84797;0,36650
Ran71pmed8v3.10.2.txt;12437,98226;0,17340
Ran72pmed8v3.10.2.txt;11865,85304;0,16920
Ran73pmed8v3.10.2.txt;11332,58354;0,15920
Ran74pmed8v3.10.2.txt;11484,87978;0,22690
Ran75pmed8v3.10.2.txt;10793,67588;0,34200
Ran76pmed8v3.10.2.txt;12219,20763;0,24200
Ran77pmed8v3.10.2.txt;11580,38358;0,21900
Ran78pmed8v3.10.2.txt;11767,47123;0,22340
Ran79pmed8v3.10.2.txt;11617,04584;0,21460
Ran80pmed8v3.10.2.txt;12895,86631;0,22770
Ran81pmed8v3.10.2.txt;11654,20185;0,21610
Ran82pmed8v3.10.2.txt;10937,07478;0,24560
Ran83pmed8v3.10.2.txt;11236,34144;0,22980
Ran84pmed8v3.10.2.txt;11605,83061;0,26700
Ran85pmed8v3.10.2.txt;12974,92700;0,26730
Ran86pmed8v3.10.2.txt;10798,97851;0,15610
Ran87pmed8v3.10.2.txt;12026,07107;0,16290
Ran88pmed8v3.10.2.txt;11744,51547;0,16420
Ran89pmed8v3.10.2.txt;11399,93482;0,15480
Ran90pmed8v3.10.2.txt;11505,58454;0,16250
Ran91pmed8v3.10.2.txt;11994,99228;0,16570
Ran92pmed8v3.10.2.txt;11964,21764;0,15980
Ran93pmed8v3.10.2.txt;10575,43702;0,14680
Ran94pmed8v3.10.2.txt;11754,44945;0,15390
Ran95pmed8v3.10.2.txt;11474,60777;0,17070
Ran96pmed8v3.10.2.txt;10611,03142;0,16430
Ran97pmed8v3.10.2.txt;12331,93866;0,17120
Ran98pmed8v3.10.2.txt;11555,90793;0,14480
Ran99pmed8v3.10.2.txt;12272,71534;0,15150
pmed9v3.10.2.txt;7566,16024;0,25220
Ran0pmed9v3.10.2.txt;10245,76818;0,29020
Ran1pmed9v3.10.2.txt;11386,44776;0,27200
Ran2pmed9v3.10.2.txt;10225,76047;0,25610
Ran3pmed9v3.10.2.txt;11297,36432;0,27320
Ran4pmed9v3.10.2.txt;10797,70498;0,27530
Ran5pmed9v3.10.2.txt;10188,01031;0,28400
Ran6pmed9v3.10.2.txt;10818,12043;0,45220
Ran7pmed9v3.10.2.txt;11458,83811;0,43410
Ran8pmed9v3.10.2.txt;9800,40582;0,39220
Ran9pmed9v3.10.2.txt;10985,72504;0,47130
Ran10pmed9v3.10.2.txt;10519,73938;0,46800
Ran11pmed9v3.10.2.txt;10460,49535;0,47790
Ran12pmed9v3.10.2.txt;9814,37277;0,44600
Ran13pmed9v3.10.2.txt;11443,55275;0,41790
Ran14pmed9v3.10.2.txt;10139,58605;0,41260
Ran15pmed9v3.10.2.txt;10160,47494;0,39770
Ran16pmed9v3.10.2.txt;10898,93768;0,40990
Ran17pmed9v3.10.2.txt;10835,98143;0,44630
Ran18pmed9v3.10.2.txt;11482,40701;0,43440
Ran19pmed9v3.10.2.txt;10857,24838;0,42500
Ran20pmed9v3.10.2.txt;10358,79011;0,40870
Ran21pmed9v3.10.2.txt;10175,74006;0,41370
Ran22pmed9v3.10.2.txt;10308,76093;0,44730
Ran23pmed9v3.10.2.txt;10764,67744;0,44600
Ran24pmed9v3.10.2.txt;10668,96235;0,43740
Ran25pmed9v3.10.2.txt;10659,74720;0,43520
Ran26pmed9v3.10.2.txt;11032,65117;0,42280
Ran27pmed9v3.10.2.txt;10309,27673;0,26020
Ran28pmed9v3.10.2.txt;10898,54880;0,26860
Ran29pmed9v3.10.2.txt;9776,88422;0,25850
Ran30pmed9v3.10.2.txt;9996,05504;0,48420
Ran31pmed9v3.10.2.txt;10786,85801;0,27580
Ran32pmed9v3.10.2.txt;10038,78972;0,28480
Ran33pmed9v3.10.2.txt;10212,54996;0,26890
Ran34pmed9v3.10.2.txt;11640,93234;0,32840
Ran35pmed9v3.10.2.txt;10518,51150;0,64030
Ran36pmed9v3.10.2.txt;10976,43043;0,27070
Ran37pmed9v3.10.2.txt;10169,53753;0,26470
Ran38pmed9v3.10.2.txt;11003,25613;0,54090
Ran39pmed9v3.10.2.txt;10753,87863;0,47940
Ran40pmed9v3.10.2.txt;11146,29445;0,67270
Ran41pmed9v3.10.2.txt;10598,28849;0,48470
Ran42pmed9v3.10.2.txt;11430,97804;0,46640
Ran43pmed9v3.10.2.txt;10805,15018;0,44990
Ran44pmed9v3.10.2.txt;11267,31690;0,44840
Ran45pmed9v3.10.2.txt;10647,30314;0,53130
Ran46pmed9v3.10.2.txt;10208,10474;0,45680
Ran47pmed9v3.10.2.txt;10708,63060;0,45240
Ran48pmed9v3.10.2.txt;10539,92584;0,42700
Ran49pmed9v3.10.2.txt;11263,31830;0,45210
Ran50pmed9v3.10.2.txt;10824,01455;0,45220
Ran51pmed9v3.10.2.txt;10489,16611;0,43000
Ran52pmed9v3.10.2.txt;10983,01352;0,44330
Ran53pmed9v3.10.2.txt;10723,02050;0,47370
Ran54pmed9v3.10.2.txt;11238,45366;0,46910
Ran55pmed9v3.10.2.txt;10655,70361;0,36060
Ran56pmed9v3.10.2.txt;9758,09445;0,40590
Ran57pmed9v3.10.2.txt;10548,99212;0,42890
Ran58pmed9v3.10.2.txt;10480,34768;0,41330
Ran59pmed9v3.10.2.txt;10348,70925;0,39510
Ran60pmed9v3.10.2.txt;10379,63227;0,36370
Ran61pmed9v3.10.2.txt;11315,26089;0,42120
Ran62pmed9v3.10.2.txt;10596,78136;0,42470
Ran63pmed9v3.10.2.txt;10297,97275;0,45600
Ran64pmed9v3.10.2.txt;10372,09284;0,41880
Ran65pmed9v3.10.2.txt;10067,56227;0,44680
Ran66pmed9v3.10.2.txt;10332,42412;0,43840
Ran67pmed9v3.10.2.txt;10699,29952;0,26710
Ran68pmed9v3.10.2.txt;10483,67157;0,33300
Ran69pmed9v3.10.2.txt;10549,91939;0,26440
Ran70pmed9v3.10.2.txt;10843,41028;0,26280
Ran71pmed9v3.10.2.txt;10862,69257;0,26580
Ran72pmed9v3.10.2.txt;11254,67570;0,23070
Ran73pmed9v3.10.2.txt;11049,23968;0,26220
Ran74pmed9v3.10.2.txt;10180,83778;0,26390
Ran75pmed9v3.10.2.txt;11115,85101;0,26360
Ran76pmed9v3.10.2.txt;11332,00839;0,27940
Ran77pmed9v3.10.2.txt;10453,76473;0,28280
Ran78pmed9v3.10.2.txt;10653,27939;0,27260
Ran79pmed9v3.10.2.txt;11371,14261;0,27320
Ran80pmed9v3.10.2.txt;10914,35430;0,27630
Ran81pmed9v3.10.2.txt;11117,09777;0,27550
Ran82pmed9v3.10.2.txt;10222,61445;0,61530
Ran83pmed9v3.10.2.txt;10499,82394;0,60300
Ran84pmed9v3.10.2.txt;11244,73933;0,61210
Ran85pmed9v3.10.2.txt;10528,88712;0,26790
Ran86pmed9v3.10.2.txt;10290,72242;0,56520
Ran87pmed9v3.10.2.txt;10449,45398;0,59060
Ran88pmed9v3.10.2.txt;11880,03303;0,65840
Ran89pmed9v3.10.2.txt;10980,36054;0,57920
Ran90pmed9v3.10.2.txt;10330,13836;0,57460
Ran91pmed9v3.10.2.txt;11934,87566;0,55960
Ran92pmed9v3.10.2.txt;10692,88992;0,59180
Ran93pmed9v3.10.2.txt;10472,37839;0,54760
Ran94pmed9v3.10.2.txt;10421,94108;0,54510
Ran95pmed9v3.10.2.txt;10649,11408;0,49910
Ran96pmed9v3.10.2.txt;10044,74730;0,54880
Ran97pmed9v3.10.2.txt;11305,80610;0,55430
Ran98pmed9v3.10.2.txt;10465,44539;0,55080
Ran99pmed9v3.10.2.txt;10535,53812;0,63360
